{"SafeDict": "{\"Phone\": \"\", \"Last Name\": \"Morhaim\", \"Photo\": \"\", \"Address\": \"\", \"Current Status\": \"2001\", \"First Name\": \"Abraham\", \"Bio Information\": \"Abraham is a rabbi from Brooklyn, New York, born to a Sephardic family and educated in New York. He received his BA and Hebrew Teacher's diploma from Yeshiva University. Later, he was awarded a Master of Hebrew Letters and was ordained by the Jewish Theological Seminary of America. He began his rabbinical career in Brooklyn and in Mexico City. He served as 'the spiritual leader of Temple Ner Tamid in Peabody for 30 years until his retirement.\\n\\nAbraham has been active in the Jewish community, serving as president of the New England Rabbinical Assembly and the North Shore Rabbinic Association. He played an active role in interfaith activities through the Peabody Clergy Association, where he served as president. For 12 years, during the summer, Abraham led teenagers on a pilgrimage to Israel. Twice he also led groups of 40 teenagers cross-country.\\n\\nHe is passionate about Israel, having visited there about 50 times. He has lectured many times about the history of Sephardic Jewry. Other interests are in sports, magic, and traveling.\\n\\nHe has four children and three grandchildren. Recently, he married Bonnie Orlin and has acquired three more children and four more grandchildren.\", \"City State Zip\": \"\", \"Display name\": \"Abraham Morhaim\", \"Member Since\": \"2001\", \"Email\": \"rabbi.abe@verizon.net\"}", "Phone": "", "Last Name": "Morhaim", "Photo": "", "Address": "", "Current Status": "2001", "First Name": "Abraham", "Bio Information": "Abraham is a rabbi from Brooklyn, New York, born to a Sephardic family and educated in New York. He received his BA and Hebrew Teacher's diploma from Yeshiva University. Later, he was awarded a Master of Hebrew Letters and was ordained by the Jewish Theological Seminary of America. He began his rabbinical career in Brooklyn and in Mexico City. He served as 'the spiritual leader of Temple Ner Tamid in Peabody for 30 years until his retirement.\n\nAbraham has been active in the Jewish community, serving as president of the New England Rabbinical Assembly and the North Shore Rabbinic Association. He played an active role in interfaith activities through the Peabody Clergy Association, where he served as president. For 12 years, during the summer, Abraham led teenagers on a pilgrimage to Israel. Twice he also led groups of 40 teenagers cross-country.\n\nHe is passionate about Israel, having visited there about 50 times. He has lectured many times about the history of Sephardic Jewry. Other interests are in sports, magic, and traveling.\n\nHe has four children and three grandchildren. Recently, he married Bonnie Orlin and has acquired three more children and four more grandchildren.", "City State Zip": "", "Display name": "Abraham Morhaim", "Member Since": "2001", "Email": "rabbi.abe@verizon.net"}
