{"SafeDict": "{\"Phone\": \"\", \"Last Name\": \"Callaghan\", \"Photo\": \"\", \"Address\": \"\", \"Current Status\": \"\", \"First Name\": \"Acheson\", \"Bio Information\": \"Although his formal name is Acheson, he is called \\u201cMike.\\u201d He was born and grew up in Columbus Ohio, but has lived most of the time since in Cambridge, where he acquired degrees from Harvard College and Law School. That led to 40 years of legal practice. First in what was then considered a large law firm in Boston (then called Palmer & Dodge), representing the insurance industry in hearings and appeals on rates for automobile, workers\\u2019 compensation, and medical malpractice insurance, which made him the target of opposition by drivers, business owners, doctors and lawyers; but the work was novel and interesting and Mike managed to learn a little statistics and financial theory. The rest of his practice involved the representation of municipalities with emphasis on zoning and planning issues. Over time, and especially after he moved to a smaller environmental law firm in Cambridge, that became the focus of his work.\\nMike served as Chairman of the Cambridge Rent Control Commission from 1976 to 1985, and from 1987 to 1995 was a member of the Planning Board. From 1996 to 2002, while he lived in Brookline, he was an appointed member of the Advisory Committee. He has been volunteered as a tutor at Cambridge Ringe and Latin for a number of years.\\nThroughout his life, Mike has collected art and he is a museum junkie. In 1989 he spent a four-month peripatetic sabbatical in Greece, during which he began systematically to read or reread Greek literature, philosophy, and especially history, which continued to include Rome and the Middle Ages. When he retired (and realized that he would never get to the present at the pace he was going), he decided to get an ALM in American history from the Extension School, which he completed in 2008 with a thesis on Henry Clay. As this suggests, one of Mike\\u2019s defining characteristics is curiosity about almost everything, and mastery of nothing. He looks forward to HILR as an opportunity to indulge that curiosity.\", \"City State Zip\": \"\", \"Display name\": \"Acheson (Mike) Callaghan\", \"Member Since\": \"\", \"Email\": \"ahcall2@gmail.com\"}", "Phone": "", "Last Name": "Callaghan", "Photo": "", "Address": "", "Current Status": "", "First Name": "Acheson", "Bio Information": "Although his formal name is Acheson, he is called \u201cMike.\u201d He was born and grew up in Columbus Ohio, but has lived most of the time since in Cambridge, where he acquired degrees from Harvard College and Law School. That led to 40 years of legal practice. First in what was then considered a large law firm in Boston (then called Palmer & Dodge), representing the insurance industry in hearings and appeals on rates for automobile, workers\u2019 compensation, and medical malpractice insurance, which made him the target of opposition by drivers, business owners, doctors and lawyers; but the work was novel and interesting and Mike managed to learn a little statistics and financial theory. The rest of his practice involved the representation of municipalities with emphasis on zoning and planning issues. Over time, and especially after he moved to a smaller environmental law firm in Cambridge, that became the focus of his work.\nMike served as Chairman of the Cambridge Rent Control Commission from 1976 to 1985, and from 1987 to 1995 was a member of the Planning Board. From 1996 to 2002, while he lived in Brookline, he was an appointed member of the Advisory Committee. He has been volunteered as a tutor at Cambridge Ringe and Latin for a number of years.\nThroughout his life, Mike has collected art and he is a museum junkie. In 1989 he spent a four-month peripatetic sabbatical in Greece, during which he began systematically to read or reread Greek literature, philosophy, and especially history, which continued to include Rome and the Middle Ages. When he retired (and realized that he would never get to the present at the pace he was going), he decided to get an ALM in American history from the Extension School, which he completed in 2008 with a thesis on Henry Clay. As this suggests, one of Mike\u2019s defining characteristics is curiosity about almost everything, and mastery of nothing. He looks forward to HILR as an opportunity to indulge that curiosity.", "City State Zip": "", "Display name": "Acheson (Mike) Callaghan", "Member Since": "", "Email": "ahcall2@gmail.com"}
