{"SafeDict": "{\"Phone\": \"734-355-4091\", \"Last Name\": \"Stone\", \"Photo\": \"\", \"Address\": \"119C Huron Avnue\", \"Current Status\": \"Member\", \"First Name\": \"Addison\", \"Bio Information\": \"Addison grew up in the Blue Ridge Mountains of southwest Virginia, which prepared him at least partially for New England winters, if not for New England culture. He graduated from Dartmouth in 1970 and then pursued graduate work at UC-Santa Barbara and the University of Chicago. He received his Ph.D. in Developmental Psychology from Chicago in 1976, where he pursued interdisciplinary work in anthropology, sociology, and linguistics, as well as in psychology. After a postdoctoral period at the Center for Psychosocial Studies in Chicago, he joined the faculty of Communication Sciences & Disorders at Northwestern University, where he taught courses on cognitive and social development and supervised graduate clinical training in the areas of learning and language disabilities. During that time, his research was focused on individual differences in cognitive and language development. He was also active in administrative roles at both the departmental and university levels.\\nWhile at Northwestern, Addison met and married a fellow faculty member, Joanne Carlisle, who will also be joining HILR in January 2015. In 2000, Addison and Joanne accepted offers to move to the University of Michigan, where they joined the faculty in the School of Education. Addison\\u2019s work during his final years at Northwestern and at Michigan shifted increasingly towards social supports for atypical children as well as developmental theory. In addition, despite his best intentions, he once again became enmeshed in administration.\\nIn 2012, Addison and Joanne retired from Michigan and relocated to Cambridge. The move allowed them to be closer to family (two sons\\u2019 families in the western suburbs) and to their long-time second home in the Litchfield Hills of Connecticut. They now divide their time between the two venues. When in CT, Addison pursues his passions for gardening and nature (hiking, birding) as well as doing volunteer work for Habitat for Humanity. When in Cambridge, he devotes some time to volunteer tutoring of middle-school students in the Cambridge public schools. In addition, he and Joanne attend frequent classical music concerts. They also take advantage of all opportunities to interact with their 4 grandchildren. In his spare time, Addison is beginning to catch up on the fiction that he left behind when professional duties took over years ago. He alternates among mystery/espionage, classic literature, and recent novels, particularly those of the post-modern ilk.  He has also pursued online courses on music history and theory.\", \"City State Zip\": \"Cambridge, MA. 02138\", \"Display name\": \"Addison Stone\", \"Member Since\": \"Spring 2015\", \"Email\": \"addisons@umich.edu\"}", "Phone": "734-355-4091", "Last Name": "Stone", "Photo": "", "Address": "119C Huron Avnue", "Current Status": "Member", "First Name": "Addison", "Bio Information": "Addison grew up in the Blue Ridge Mountains of southwest Virginia, which prepared him at least partially for New England winters, if not for New England culture. He graduated from Dartmouth in 1970 and then pursued graduate work at UC-Santa Barbara and the University of Chicago. He received his Ph.D. in Developmental Psychology from Chicago in 1976, where he pursued interdisciplinary work in anthropology, sociology, and linguistics, as well as in psychology. After a postdoctoral period at the Center for Psychosocial Studies in Chicago, he joined the faculty of Communication Sciences & Disorders at Northwestern University, where he taught courses on cognitive and social development and supervised graduate clinical training in the areas of learning and language disabilities. During that time, his research was focused on individual differences in cognitive and language development. He was also active in administrative roles at both the departmental and university levels.\nWhile at Northwestern, Addison met and married a fellow faculty member, Joanne Carlisle, who will also be joining HILR in January 2015. In 2000, Addison and Joanne accepted offers to move to the University of Michigan, where they joined the faculty in the School of Education. Addison\u2019s work during his final years at Northwestern and at Michigan shifted increasingly towards social supports for atypical children as well as developmental theory. In addition, despite his best intentions, he once again became enmeshed in administration.\nIn 2012, Addison and Joanne retired from Michigan and relocated to Cambridge. The move allowed them to be closer to family (two sons\u2019 families in the western suburbs) and to their long-time second home in the Litchfield Hills of Connecticut. They now divide their time between the two venues. When in CT, Addison pursues his passions for gardening and nature (hiking, birding) as well as doing volunteer work for Habitat for Humanity. When in Cambridge, he devotes some time to volunteer tutoring of middle-school students in the Cambridge public schools. In addition, he and Joanne attend frequent classical music concerts. They also take advantage of all opportunities to interact with their 4 grandchildren. In his spare time, Addison is beginning to catch up on the fiction that he left behind when professional duties took over years ago. He alternates among mystery/espionage, classic literature, and recent novels, particularly those of the post-modern ilk.  He has also pursued online courses on music history and theory.", "City State Zip": "Cambridge, MA. 02138", "Display name": "Addison Stone", "Member Since": "Spring 2015", "Email": "addisons@umich.edu"}
