{"SafeDict": "{\"Phone\": \"617-527-5693\", \"Last Name\": \"Foz\", \"Photo\": \"\", \"Address\": \"16 Page road\", \"Current Status\": \"Active Member\", \"First Name\": \"Adel\", \"Bio Information\": \"Adel was born near Barcelona, Spain, during World War II. Three years later, his family spent a year in Egypt before moving to France. They emigrated to New York in 1952, went to Panama and came back a year later. He attended high school in Sedona, AZ, long before it became a new age/retirement community.\\nFrom the solitudes of dramatic scenery and the community of very small classes, he went to Harvard and then its School of Design. After marrying Bonnie in 1968, he worked for a year designing schools before going to MIT in city planning. There was no work for architects or city planners when he graduated in 1972 and his next job was writing the then brand new environmental impact statements for many projects in and around Boston. A decade later, he was managing the 2020 state-wide water supply study and the series of environmental reports that cleared the way for the Big Dig.\\nIn 1984, he became planning director for Massport. He helped integrate the Big Dig Artery-Tunnel project and identified sea level rise as a problem. Eight years later the political winds changed and he was out of the public sector. For the next 10 years, he managed roadway, rail, and ferry design/impact studies in the Northeast for an international engineering firm as well as overseas airport studies. As one of his three children pointed out, he was being sent where Americans weren\\u2019t supposed to go, but it was fine. The recession that followed 9/11 found him doing development and traffic studies in Boston neighborhoods, South Shore, and Cape Cod communities.\\nIn 2007, he developed amyloidosis and the two year convalescence from chemotherapy and a stem cell transplant led him to retire. Now, he writes fiction, discusses books and ideas, takes photos, tinkers with inventions, and looks forward to biking and visiting grandchildren again.\\n \", \"City State Zip\": \"Newton MA 02460\", \"Display name\": \"Adel Foz\", \"Member Since\": \"2010\", \"Email\": \"atkfoz@juno.com\"}", "Phone": "617-527-5693", "Last Name": "Foz", "Photo": "", "Address": "16 Page road", "Current Status": "Active Member", "First Name": "Adel", "Bio Information": "Adel was born near Barcelona, Spain, during World War II. Three years later, his family spent a year in Egypt before moving to France. They emigrated to New York in 1952, went to Panama and came back a year later. He attended high school in Sedona, AZ, long before it became a new age/retirement community.\nFrom the solitudes of dramatic scenery and the community of very small classes, he went to Harvard and then its School of Design. After marrying Bonnie in 1968, he worked for a year designing schools before going to MIT in city planning. There was no work for architects or city planners when he graduated in 1972 and his next job was writing the then brand new environmental impact statements for many projects in and around Boston. A decade later, he was managing the 2020 state-wide water supply study and the series of environmental reports that cleared the way for the Big Dig.\nIn 1984, he became planning director for Massport. He helped integrate the Big Dig Artery-Tunnel project and identified sea level rise as a problem. Eight years later the political winds changed and he was out of the public sector. For the next 10 years, he managed roadway, rail, and ferry design/impact studies in the Northeast for an international engineering firm as well as overseas airport studies. As one of his three children pointed out, he was being sent where Americans weren\u2019t supposed to go, but it was fine. The recession that followed 9/11 found him doing development and traffic studies in Boston neighborhoods, South Shore, and Cape Cod communities.\nIn 2007, he developed amyloidosis and the two year convalescence from chemotherapy and a stem cell transplant led him to retire. Now, he writes fiction, discusses books and ideas, takes photos, tinkers with inventions, and looks forward to biking and visiting grandchildren again.\n ", "City State Zip": "Newton MA 02460", "Display name": "Adel Foz", "Member Since": "2010", "Email": "atkfoz@juno.com"}
