{"SafeDict": "{\"Phone\": \"(617) 959-4245\", \"Last Name\": \"Kim\", \"Photo\": \"\", \"Address\": \"44 Irving St., #D\", \"Current Status\": \"Fall 2013\", \"First Name\": \"Ai Ra\", \"Bio Information\": \"Fall 2013\", \"City State Zip\": \"Cambridge, MA. 02138\", \"Display name\": \"Ai Ra Kim\", \"Member Since\": \"Fall 2013\", \"Email\": \"airakim@hotmail.com\"}", "Phone": "(617) 959-4245", "Last Name": "Kim", "Photo": "", "Address": "44 Irving St., #D", "Current Status": "Fall 2013", "First Name": "Ai Ra", "Bio Information": "Fall 2013", "City State Zip": "Cambridge, MA. 02138", "Display name": "Ai Ra Kim", "Member Since": "Fall 2013", "Email": "airakim@hotmail.com"}
