{"SafeDict": "{\"Phone\": \"781-331-7017\", \"Last Name\": \"Bennett\", \"Photo\": \"\", \"Address\": \"61 Winter Street\", \"Current Status\": \"Active Member\", \"First Name\": \"Al\", \"Bio Information\": \"Having seen the business world from both the corporate and operations sides, with stints as owner of his own advertising agency, marketing vice president of Dunkin\\u2019 Donuts, and owner of McDonald\\u2019s restaurants, Al continues his volunteer work on the boards of various charities and frequent guest speaker on marketing at Boston University.\\n\\nHe also manages to squeeze in several major cultural and bicycle trips each year. He looks forward to sharing these experiences and gaining new ones through his association with HILR.\", \"City State Zip\": \"Weymouth MA 02188-3367\", \"Display name\": \"Al Bennett\", \"Member Since\": \"2005\", \"Email\": \"albennett321@aol.com\"}", "Phone": "781-331-7017", "Last Name": "Bennett", "Photo": "", "Address": "61 Winter Street", "Current Status": "Active Member", "First Name": "Al", "Bio Information": "Having seen the business world from both the corporate and operations sides, with stints as owner of his own advertising agency, marketing vice president of Dunkin\u2019 Donuts, and owner of McDonald\u2019s restaurants, Al continues his volunteer work on the boards of various charities and frequent guest speaker on marketing at Boston University.\n\nHe also manages to squeeze in several major cultural and bicycle trips each year. He looks forward to sharing these experiences and gaining new ones through his association with HILR.", "City State Zip": "Weymouth MA 02188-3367", "Display name": "Al Bennett", "Member Since": "2005", "Email": "albennett321@aol.com"}
