{"SafeDict": "{\"Phone\": \"(781) 862-1131\", \"Last Name\": \"Levin\", \"Photo\": \"\", \"Address\": \"93 Pleasant St.\", \"Current Status\": \"2012\", \"First Name\": \"Al\", \"Bio Information\": \"Al grew up in East Orange, New Jersey and exploited its proximity to the cultural life of New York as soon as he was old enough to take the Public Service bus into Manhattan by himself.\\nHe attended Harvard College (where he majored in biology) and subsequently Harvard Medical School. Over the next few years, he followedthe nomadic path of postgraduate medical training, including positions in Boston, San Francisco, Berkeley and London.  \\nAfter settling in Lexington and practicing cardiology for 20 years, he joined the Lahey Clinic where he specialized in echocardiography and became the founder of the clinic's Heart Failure Program.\\nRetirement has unleashed diverse (and occasionally self-destructive) energies. He enjoys mountain climbing and gardening. His interest in the New England landscape and its flora led to becoming a guide at the Garden in the Woods, where he has taught a course on native plants.\\nPhotography has fascinated Al since his twenties.  After a hiatus of many years, retirement has provided the opportunity to resume his interest in photography. He has had numerous one-man shows and has been represented in several juried group shows, including those sponsored by the Cambridge Art Association and the Concord Art Association.\\nHe also enjoys classical music, especially chamber music. Reading interests are eclectic, but primarily fiction. Exploring Charles Darwin and his world became an obsession over the past few years and culminated in a HILR course.\", \"City State Zip\": \"Lexington, MA 02421\", \"Display name\": \"Al Levin\", \"Member Since\": \"2012\", \"Email\": \"albertblevin@gmail.com\"}", "Phone": "(781) 862-1131", "Last Name": "Levin", "Photo": "", "Address": "93 Pleasant St.", "Current Status": "2012", "First Name": "Al", "Bio Information": "Al grew up in East Orange, New Jersey and exploited its proximity to the cultural life of New York as soon as he was old enough to take the Public Service bus into Manhattan by himself.\nHe attended Harvard College (where he majored in biology) and subsequently Harvard Medical School. Over the next few years, he followedthe nomadic path of postgraduate medical training, including positions in Boston, San Francisco, Berkeley and London.  \nAfter settling in Lexington and practicing cardiology for 20 years, he joined the Lahey Clinic where he specialized in echocardiography and became the founder of the clinic's Heart Failure Program.\nRetirement has unleashed diverse (and occasionally self-destructive) energies. He enjoys mountain climbing and gardening. His interest in the New England landscape and its flora led to becoming a guide at the Garden in the Woods, where he has taught a course on native plants.\nPhotography has fascinated Al since his twenties.  After a hiatus of many years, retirement has provided the opportunity to resume his interest in photography. He has had numerous one-man shows and has been represented in several juried group shows, including those sponsored by the Cambridge Art Association and the Concord Art Association.\nHe also enjoys classical music, especially chamber music. Reading interests are eclectic, but primarily fiction. Exploring Charles Darwin and his world became an obsession over the past few years and culminated in a HILR course.", "City State Zip": "Lexington, MA 02421", "Display name": "Al Levin", "Member Since": "2012", "Email": "albertblevin@gmail.com"}
