{"SafeDict": "{\"Phone\": \"\", \"Last Name\": \"Frommer\", \"Photo\": \"\", \"Address\": \"\", \"Current Status\": \"Active Member\", \"First Name\": \"Alan\", \"Bio Information\": \"Originally from New York City, Alan and his wife, Judy, have lived in Wellesley for 27 years. He majored in industrial engineering at Columbia University, but his first job after graduation was in the financial area with several major companies involved in manufacturing and consumer products distribution. After working for several national and international firms, he realized his objective of managing his own company, Art Supplies Wholesale.\\n\\nSince his recent retirement, Alan has been involved in the Retired and Senior Volunteer Program (RSVP) tutoring students in the Wellesley schools, in addition to newly acquired interests in golf and swimming.\\n\\nOver the years he has been active in Columbia University alumni affairs in New England, having been the president of the New England club for five years and treasurer for 12 years.\\n\\nPrior to retirement he was active in advising minority business enterprises. While he admits to being no match for his wife Judy-Department of Romance Languages and Literatures at Harvard-and children, Alan is self-taught in French and usually reads one or two of the classics in the original each year. His objective is to do the same in Spanish, starting with Don Quijote.\\n\\nHe and his wife have visited France extensively both for pleasure and business. One of Alan's passions is French food and wine.\", \"City State Zip\": \"\", \"Display name\": \"Alan Frommer\", \"Member Since\": \"2001\", \"Email\": \"frommeralan@yahoo.com\"}", "Phone": "", "Last Name": "Frommer", "Photo": "", "Address": "", "Current Status": "Active Member", "First Name": "Alan", "Bio Information": "Originally from New York City, Alan and his wife, Judy, have lived in Wellesley for 27 years. He majored in industrial engineering at Columbia University, but his first job after graduation was in the financial area with several major companies involved in manufacturing and consumer products distribution. After working for several national and international firms, he realized his objective of managing his own company, Art Supplies Wholesale.\n\nSince his recent retirement, Alan has been involved in the Retired and Senior Volunteer Program (RSVP) tutoring students in the Wellesley schools, in addition to newly acquired interests in golf and swimming.\n\nOver the years he has been active in Columbia University alumni affairs in New England, having been the president of the New England club for five years and treasurer for 12 years.\n\nPrior to retirement he was active in advising minority business enterprises. While he admits to being no match for his wife Judy-Department of Romance Languages and Literatures at Harvard-and children, Alan is self-taught in French and usually reads one or two of the classics in the original each year. His objective is to do the same in Spanish, starting with Don Quijote.\n\nHe and his wife have visited France extensively both for pleasure and business. One of Alan's passions is French food and wine.", "City State Zip": "", "Display name": "Alan Frommer", "Member Since": "2001", "Email": "frommeralan@yahoo.com"}
