{"SafeDict": "{\"Phone\": \"617-868-1939\", \"Last Name\": \"Lamb\", \"Photo\": \"\", \"Address\": \"21 Grant Street\", \"Current Status\": \"New Member\", \"First Name\": \"Rick\", \"Bio Information\": \"Albert Richard (Rick) Lamb III, FAAR\\nMy career as a Landscape Architect has been fortunate to have been influenced by important personalities and mentors along its path. As a boy of 4 or 5, my material grandmother introduced me to the form and secrets of her garden.  A Vassar friend of my mother, starting a new program called the Student Conservation Program, encouraged me as a teenager to spend a summer in the Olympic National Park, absorbing a new landscape with its intricate rhymes and scales.  During the summers of my 4th and 5th Form years at school, Walter Dorwin Teague offered me a very junior position at their NYC industrial design firm.  Under the tutelage of their senior designers I was introduced to the wide range of design and product manufacturing including ski boots, cars, implements of various kinds, food packaging and the interiors of passenger airplanes.\\nAn uncle in education persuaded me to apply to the Rhode Island School of Design, which in turn coached me in formal landscape architectural training.  My last year was spent on their European Honors Program in Rome, Italy.  There, in addition to travel and under the tutelage of architect Fredrick ST. FLORIAN,I prepared a thesis on the Landscape Architect in theFuture City, attempting to define the role of the landscape architect, employing design principles of the past to the needs and design tends of the future.  Summers were spent at the New York firm, Clarke and Rapunao, landscape architects and engineers. Mr. Rapuano was evolving several significant projects for Robert Moses, presenting me with the opportunity to work in both rural and urban environments from Seattle to the New York area.\\nAfter RISD, I chose The University of Michigan over Harvard for graduate work in Landscape Architecture.  In Ann Arbor, I had the opportunity to study with Professors Bill and Carl Johnson.  The program further honed my design skills learned at RISD, Clarke and Rapuano and Walter Dorwin Teague. \\nFollowing Michigan, I was fortunate to win the Rome Prize in Landscape Architecture. My fellowship at the American Academy in Rome was extended for a second year allowing for further extensive travel throughout portions of North Africa, Europe, and Scandinavia studying gardens, architecture and pedestrian spaces and activities formed within differing cultures.  The Academy afforded time to develop personal thoughts, sketches and ideas.  While at the American Academy, the opportunity to consult with The Architects Collaborative, working with partner Louis MacMillan, on projects in Tunisia and Kuwait expanded my landscape design experience into Middle East culture, techniques and plant material.\\nWorking with the Landscape Architect Dan Kiley followed the Academy.  Dan Kiley was an extraordinary designer who layered historical references with local character and client personality.  Appealingly simple but incredibly complex sensitive designs were evidenced in the landscapes of the private residences to the challenge of a corporation roof scape and interior court.   After becoming involved in several US projects, Mr. Kiley asked me to represent him in his Paris office overseeing the surface plaza design, and implementation on the La Defense project at the west end of the Louvre axis through Paris.  Two years \\u201cworking\\u201d, under the direction from the Vermont office, with energized French engineers and architects and visiting artists including Alexander Calder while under the direction from the Vermont office was indeed an incredible experience.\\nAfter Paris and Rome, I realized that as a landscape architect I had to choose a life as an expatriate or return to the United States.  The move was to the small village of Barnstable on Cape Cod to join a practice of a RISD colleague.  Unfortunately the office was a victim the economic downturn of the early seventies.  Fortunately Barnstable was the summer residence of Cambridge architect Ben Thompson, and the beginning of a five-year working relationship. \\nAt first, my services focused on the landscape design of a series of Middle East hotels, drawing from my TAC experiences and a confortable understanding of varied cultures. Next as a member of BTA\\u2019s dynamic interdisciplinary team, the Faneuil Hall, Baltimore and South Street Seaport Marketplaces were created.  Ben Thompson set me outside his office to receive his \\u201cspirit\\u201d cards and directives to translate them into a new city with an luminous landmark for 50,000 residents for the new state capital city in Willow, Alaska or a flowing stairway to feature beautiful people at an opera house to be in St., Paul.  Ben demonstrated to me how he felt a project\\u2019s spirit before endeavoring to design its shape.  Ben Thompson was a storyteller who created architecture in a vibrantly interactive office on Story Street.\\nToward the end of my tenure at BTA, I was offered a position to teach the second year design studio at Harvard\\u2019s Graduate School of Design and subsequently join the Boston office if The SWA Group working with its founder Peter Walker.  My career at SWA allowed for my continued teaching and membership on the Recreation Council of the Urban League Institute.  After serving on several development and community evaluation panels and charrettes, I had gathered a rich network of speakers for a class I was now leading at MIT\\u2019s Center for Real Estate (Development).  My in office projects included master planning Long Boat Key in Sarasota, Florida; housing projects for New Seabury on Cape Cod; a zoo master plan and implementation the Millbrook School in Millbrook, New York and finally a master plan/envisioning of a new golf and seaside resort for some 25,000 guests and residents on Gran Canaria Island in the Canary Islands.\\n1990 presented and opportunity to leave the SWA Group, now a thriving international landscape architectural and land planning firm with more than 250 practitioners located in more than 8 offices, based in Sausalito, California, for a more individual practice focused on estate design with varied and challenging site design and focusing on the program of a single client/client couple.  Each project would become a unique design, engaging master craftsmen and gardeners crafting special materials.  A fishing camp on several hundred acres in the intermountains of Colorado contrasted with a seaside estate.  A story was created for most projects from which the landscape and architecture was scripted. Together with predominately projects in Massachusetts,  design opportunities were accepted in California, Colorado, Michigan, Maine, North Carolina and New Jersey.\\nTo the present, special landscape designs continue to create design challenges. More time has been allocated toward volunteering with Historic New England in the site evaluation of some of their many properties.  I was recently asked to join the Board at Gore Place in Waltham and lead a task force to update the master plan for the 50-acre property. Expanding Governor Gore\\u2019s story for the land, developing initiatives to implement the overall plan and defining its audience into the future has become a rewarding challenge, drawing from my past experiences.\\nMy wife Nancy, also a landscape architect, is extremely active overseeing the important costume collection of the Colonial Dames, located in their headquarters on Beacon Hill.  We, together with our dogs, spend our time between our Cambridge and Barnstable residences enjoying gardening, friends, drawing, boating and more recently wood turning not to mention a good book or two.\\nA new career chapter looks forward to involvement with the HILR, both participating in classes and hopefully sharing a varied and fun design career, continuing my love of teaching and story telling.\", \"City State Zip\": \"Cambridge, MA. 02138\", \"Display name\": \"Albert Lamb\", \"Member Since\": \"Spring 2015\", \"Email\": \"arlamb1943@mac.com\"}", "Phone": "617-868-1939", "Last Name": "Lamb", "Photo": "", "Address": "21 Grant Street", "Current Status": "New Member", "First Name": "Rick", "Bio Information": "Albert Richard (Rick) Lamb III, FAAR\nMy career as a Landscape Architect has been fortunate to have been influenced by important personalities and mentors along its path. As a boy of 4 or 5, my material grandmother introduced me to the form and secrets of her garden.  A Vassar friend of my mother, starting a new program called the Student Conservation Program, encouraged me as a teenager to spend a summer in the Olympic National Park, absorbing a new landscape with its intricate rhymes and scales.  During the summers of my 4th and 5th Form years at school, Walter Dorwin Teague offered me a very junior position at their NYC industrial design firm.  Under the tutelage of their senior designers I was introduced to the wide range of design and product manufacturing including ski boots, cars, implements of various kinds, food packaging and the interiors of passenger airplanes.\nAn uncle in education persuaded me to apply to the Rhode Island School of Design, which in turn coached me in formal landscape architectural training.  My last year was spent on their European Honors Program in Rome, Italy.  There, in addition to travel and under the tutelage of architect Fredrick ST. FLORIAN,I prepared a thesis on the Landscape Architect in theFuture City, attempting to define the role of the landscape architect, employing design principles of the past to the needs and design tends of the future.  Summers were spent at the New York firm, Clarke and Rapunao, landscape architects and engineers. Mr. Rapuano was evolving several significant projects for Robert Moses, presenting me with the opportunity to work in both rural and urban environments from Seattle to the New York area.\nAfter RISD, I chose The University of Michigan over Harvard for graduate work in Landscape Architecture.  In Ann Arbor, I had the opportunity to study with Professors Bill and Carl Johnson.  The program further honed my design skills learned at RISD, Clarke and Rapuano and Walter Dorwin Teague. \nFollowing Michigan, I was fortunate to win the Rome Prize in Landscape Architecture. My fellowship at the American Academy in Rome was extended for a second year allowing for further extensive travel throughout portions of North Africa, Europe, and Scandinavia studying gardens, architecture and pedestrian spaces and activities formed within differing cultures.  The Academy afforded time to develop personal thoughts, sketches and ideas.  While at the American Academy, the opportunity to consult with The Architects Collaborative, working with partner Louis MacMillan, on projects in Tunisia and Kuwait expanded my landscape design experience into Middle East culture, techniques and plant material.\nWorking with the Landscape Architect Dan Kiley followed the Academy.  Dan Kiley was an extraordinary designer who layered historical references with local character and client personality.  Appealingly simple but incredibly complex sensitive designs were evidenced in the landscapes of the private residences to the challenge of a corporation roof scape and interior court.   After becoming involved in several US projects, Mr. Kiley asked me to represent him in his Paris office overseeing the surface plaza design, and implementation on the La Defense project at the west end of the Louvre axis through Paris.  Two years \u201cworking\u201d, under the direction from the Vermont office, with energized French engineers and architects and visiting artists including Alexander Calder while under the direction from the Vermont office was indeed an incredible experience.\nAfter Paris and Rome, I realized that as a landscape architect I had to choose a life as an expatriate or return to the United States.  The move was to the small village of Barnstable on Cape Cod to join a practice of a RISD colleague.  Unfortunately the office was a victim the economic downturn of the early seventies.  Fortunately Barnstable was the summer residence of Cambridge architect Ben Thompson, and the beginning of a five-year working relationship. \nAt first, my services focused on the landscape design of a series of Middle East hotels, drawing from my TAC experiences and a confortable understanding of varied cultures. Next as a member of BTA\u2019s dynamic interdisciplinary team, the Faneuil Hall, Baltimore and South Street Seaport Marketplaces were created.  Ben Thompson set me outside his office to receive his \u201cspirit\u201d cards and directives to translate them into a new city with an luminous landmark for 50,000 residents for the new state capital city in Willow, Alaska or a flowing stairway to feature beautiful people at an opera house to be in St., Paul.  Ben demonstrated to me how he felt a project\u2019s spirit before endeavoring to design its shape.  Ben Thompson was a storyteller who created architecture in a vibrantly interactive office on Story Street.\nToward the end of my tenure at BTA, I was offered a position to teach the second year design studio at Harvard\u2019s Graduate School of Design and subsequently join the Boston office if The SWA Group working with its founder Peter Walker.  My career at SWA allowed for my continued teaching and membership on the Recreation Council of the Urban League Institute.  After serving on several development and community evaluation panels and charrettes, I had gathered a rich network of speakers for a class I was now leading at MIT\u2019s Center for Real Estate (Development).  My in office projects included master planning Long Boat Key in Sarasota, Florida; housing projects for New Seabury on Cape Cod; a zoo master plan and implementation the Millbrook School in Millbrook, New York and finally a master plan/envisioning of a new golf and seaside resort for some 25,000 guests and residents on Gran Canaria Island in the Canary Islands.\n1990 presented and opportunity to leave the SWA Group, now a thriving international landscape architectural and land planning firm with more than 250 practitioners located in more than 8 offices, based in Sausalito, California, for a more individual practice focused on estate design with varied and challenging site design and focusing on the program of a single client/client couple.  Each project would become a unique design, engaging master craftsmen and gardeners crafting special materials.  A fishing camp on several hundred acres in the intermountains of Colorado contrasted with a seaside estate.  A story was created for most projects from which the landscape and architecture was scripted. Together with predominately projects in Massachusetts,  design opportunities were accepted in California, Colorado, Michigan, Maine, North Carolina and New Jersey.\nTo the present, special landscape designs continue to create design challenges. More time has been allocated toward volunteering with Historic New England in the site evaluation of some of their many properties.  I was recently asked to join the Board at Gore Place in Waltham and lead a task force to update the master plan for the 50-acre property. Expanding Governor Gore\u2019s story for the land, developing initiatives to implement the overall plan and defining its audience into the future has become a rewarding challenge, drawing from my past experiences.\nMy wife Nancy, also a landscape architect, is extremely active overseeing the important costume collection of the Colonial Dames, located in their headquarters on Beacon Hill.  We, together with our dogs, spend our time between our Cambridge and Barnstable residences enjoying gardening, friends, drawing, boating and more recently wood turning not to mention a good book or two.\nA new career chapter looks forward to involvement with the HILR, both participating in classes and hopefully sharing a varied and fun design career, continuing my love of teaching and story telling.", "City State Zip": "Cambridge, MA. 02138", "Display name": "Albert Lamb", "Member Since": "Spring 2015", "Email": "arlamb1943@mac.com"}
