{"SafeDict": "{\"Phone\": \"\", \"Last Name\": \"Reich\", \"Photo\": \"\", \"Address\": \"\", \"Current Status\": \"1999\", \"First Name\": \"Alfred\", \"Bio Information\": \"Alfred (Al) Reich\\u2019s career was in research and development of radar technology and technical management  for RCA (16 years), MIT Lincoln Laboratory (20 years), and Vice President for the Atlantic Aerospace Electronics Corporation (6 years).  Later in his career, he worked on air traffic control problems, supported major government procurements, strategic defense, intelligence gathering, and means of treaty verification.  He grew up in Manhattan and attended the City College of New York for a BEE degree.  From the University of Pennsylvania, he received his MSEE and PhDEE degrees.  \\n  Upon retirement, he volunteered and performed science demonstrations in a local middle school.  He also studied western civilizations, comparative religion, metaphysics, philosophy, Judaism, Hinduism, eastern ethics, and ancient Indian philosophy.  For the Philosophy Foundation he served as a board member and assistant tutor.\\n  Other activities have included photography, grandfathering, attending theater, HILR, Extension School, traveling, reading, on-line trading, and cooking dinner with his wife.\", \"City State Zip\": \"\", \"Display name\": \"Alfred Reich\", \"Member Since\": \"1999\", \"Email\": \"toltecpoint@ieee.org\"}", "Phone": "", "Last Name": "Reich", "Photo": "", "Address": "", "Current Status": "1999", "First Name": "Alfred", "Bio Information": "Alfred (Al) Reich\u2019s career was in research and development of radar technology and technical management  for RCA (16 years), MIT Lincoln Laboratory (20 years), and Vice President for the Atlantic Aerospace Electronics Corporation (6 years).  Later in his career, he worked on air traffic control problems, supported major government procurements, strategic defense, intelligence gathering, and means of treaty verification.  He grew up in Manhattan and attended the City College of New York for a BEE degree.  From the University of Pennsylvania, he received his MSEE and PhDEE degrees.  \n  Upon retirement, he volunteered and performed science demonstrations in a local middle school.  He also studied western civilizations, comparative religion, metaphysics, philosophy, Judaism, Hinduism, eastern ethics, and ancient Indian philosophy.  For the Philosophy Foundation he served as a board member and assistant tutor.\n  Other activities have included photography, grandfathering, attending theater, HILR, Extension School, traveling, reading, on-line trading, and cooking dinner with his wife.", "City State Zip": "", "Display name": "Alfred Reich", "Member Since": "1999", "Email": "toltecpoint@ieee.org"}
