{"SafeDict": "{\"Phone\": \"617-630-1195\", \"Last Name\": \"Simon\", \"Photo\": \"\", \"Address\": \"289 Nahanton Street\", \"Current Status\": \"Former Member\", \"First Name\": \"Alfred (Al)\", \"Bio Information\": \"Alfred Simon, a \\\"local product\\\", born in Waltham, attended Newton High School, Dartmouth College and then Yale where he graduated with a BS in electrical engineering in '46. He went on to Lowell Tech and has been in the textile business since, running a factory for reprocessing wastes.\\n\\nHe is married to Edythe with whom he shares six children and seven grandchildren. His interests lie in music, reading, athletics - none in any stellar capacity - and family. He hopes HlLR will rekindle his old interest in academics.\", \"City State Zip\": \"Newton MA 02459-2900\", \"Display name\": \"Alfred Simon\", \"Member Since\": \"Newton MA 02459-2900\", \"Email\": \"alsimon289@comcast.net\"}", "Phone": "617-630-1195", "Last Name": "Simon", "Photo": "", "Address": "289 Nahanton Street", "Current Status": "Former Member", "First Name": "Alfred (Al)", "Bio Information": "Alfred Simon, a \"local product\", born in Waltham, attended Newton High School, Dartmouth College and then Yale where he graduated with a BS in electrical engineering in '46. He went on to Lowell Tech and has been in the textile business since, running a factory for reprocessing wastes.\n\nHe is married to Edythe with whom he shares six children and seven grandchildren. His interests lie in music, reading, athletics - none in any stellar capacity - and family. He hopes HlLR will rekindle his old interest in academics.", "City State Zip": "Newton MA 02459-2900", "Display name": "Alfred Simon", "Member Since": "Newton MA 02459-2900", "Email": "alsimon289@comcast.net"}
