{"SafeDict": "{\"Phone\": \"6172616434\", \"Last Name\": \"Isenberg\", \"Photo\": \"\", \"Address\": \"180 Beacon Street\", \"Current Status\": \"2016\", \"First Name\": \"Alice\", \"Bio Information\": \"   I've led a wonderful life, the result of a variety of interests, an exciting and diverse career, a loving family and a wonderful marriage to my late husband,Phil.  \\n   Detroit, Michigan was my home until I attended Smith College, spending my junior year at the University of Geneva in Switzerland (best year at Smith). \\n   After college I lived in 4 cities over 10 years finally settling in Massachusetts in 1969 (best thing I could have done). It was here that my love of government and politics came together.  I immersed myself in the Drinan for Congress campaign in 1970, and then the first John Kerry for Congress campaign in 1972.  \\n   In 1974, I became head of Finance for Mike Dukakis for Governor.  We won that campaign and I was appointed to head the Bicentennial effort for the Commonwealth, and then Appointments Secretary to Governor Dukakis.  \\n   In 1978, Governor Dukakis lost his re-election bid, and I decided to take a year off to get my MPA from the Kennedy School of Government, graduating in 1980.  \\n   Upon graduation, I became the Executive Assistant to the Federal Co-Chair of the New England Regional Commission, a federal state economic organization which worked with the governors of the six New England states.  After leaving the public sector in 1982, I became the Senior Public Affairs Consultant for New England Mutual Life Insurance Company, managing school-business partnerships, local community relations projects and participating on education committees throughout Boston. From 1993-2005, I was President of my own consulting firm, which specialized in philanthropy, education and public policy.  \\n   Active in community affairs, I became a member of the Board of the Nellie Mae Corporation in 1984 and a founding member and Vice-Chair of the Board of the Nellie Mae Education Foundation from 1999-2005.  Other activities included board membership and president of the Robert F. Kennedy Action Corps for Children, a director of Planned Parenthood of Massachusetts, Old North Foundation and The Boston Club.  \\n   At HILR, I plan to take courses in areas I have not studied in a long time.  I have been fortunate to have lived a very rich and interesting life.  I am looking to HILR to make my life even richer.  \", \"City State Zip\": \"Boston\", \"Display name\": \"Alice Isenberg\", \"Member Since\": \"2016\", \"Email\": \"aliceisenberg1@verizon.net\"}", "Phone": "6172616434", "Last Name": "Isenberg", "Photo": "", "Address": "180 Beacon Street", "Current Status": "2016", "First Name": "Alice", "Bio Information": "   I've led a wonderful life, the result of a variety of interests, an exciting and diverse career, a loving family and a wonderful marriage to my late husband,Phil.  \n   Detroit, Michigan was my home until I attended Smith College, spending my junior year at the University of Geneva in Switzerland (best year at Smith). \n   After college I lived in 4 cities over 10 years finally settling in Massachusetts in 1969 (best thing I could have done). It was here that my love of government and politics came together.  I immersed myself in the Drinan for Congress campaign in 1970, and then the first John Kerry for Congress campaign in 1972.  \n   In 1974, I became head of Finance for Mike Dukakis for Governor.  We won that campaign and I was appointed to head the Bicentennial effort for the Commonwealth, and then Appointments Secretary to Governor Dukakis.  \n   In 1978, Governor Dukakis lost his re-election bid, and I decided to take a year off to get my MPA from the Kennedy School of Government, graduating in 1980.  \n   Upon graduation, I became the Executive Assistant to the Federal Co-Chair of the New England Regional Commission, a federal state economic organization which worked with the governors of the six New England states.  After leaving the public sector in 1982, I became the Senior Public Affairs Consultant for New England Mutual Life Insurance Company, managing school-business partnerships, local community relations projects and participating on education committees throughout Boston. From 1993-2005, I was President of my own consulting firm, which specialized in philanthropy, education and public policy.  \n   Active in community affairs, I became a member of the Board of the Nellie Mae Corporation in 1984 and a founding member and Vice-Chair of the Board of the Nellie Mae Education Foundation from 1999-2005.  Other activities included board membership and president of the Robert F. Kennedy Action Corps for Children, a director of Planned Parenthood of Massachusetts, Old North Foundation and The Boston Club.  \n   At HILR, I plan to take courses in areas I have not studied in a long time.  I have been fortunate to have lived a very rich and interesting life.  I am looking to HILR to make my life even richer.  ", "City State Zip": "Boston", "Display name": "Alice Isenberg", "Member Since": "2016", "Email": "aliceisenberg1@verizon.net"}
