{"SafeDict": "{\"Phone\": \"617-661-2559\", \"Last Name\": \"Daniel\", \"Photo\": \"\", \"Address\": \"80 grozier road\", \"Current Status\": \"cambridge,ma 02138\", \"First Name\": \"Alice\", \"Bio Information\": \"Alice was born in Brooklyn, New York. After starting as a dance major at Bennington College she transferred to Barnard. She then married, and spent a year in Seoul, Korea immediately after the war, living with a Korean family and teaching English conversation at a girls\\u2019 high school. Upon returning to the U.S. she had a child and received her degree from Boston University with a major in English and a minor in Philosophy\\n\\nWhen the civil rights movement showed that the courts could be agents of change she decided to become a civil rights lawyer, so she went to Columbia Law School, became a lawyer and began practicing criminal defense and civil liberties law, which she also taught at Georgetown University Law School and Hastings Law School in San Francisco. Later she was General Counsel and Interim President of the Legal Services Corporation, head of the Civil Division of the U.S. Department of Justice., Deputy Legal Affairs Secretary to Governor Jerry Brown and Counsel to Governor Mario Cuomo.\\n\\nGovernor Cuomo appointed her to the Bench and soon after she remarried and moved to Amherst, Massachusetts where her husband, Harold Jarmon, was a professor of clinical psychology. She then became a Deputy Attorney General of Massachusetts and Settlement Counsel for the U.S. Court of Appeals.\\n\\nShe enjoys hiking and reading, and until recently, was an avid (but not expert) tennis player. She is learning to play bridge with the hope that it will help keep her memory intact. She has 11 grandchildren and 3 great grandchildren.\", \"City State Zip\": \"cambridge,ma 02138\", \"Display name\": \"Alice Daniel\", \"Member Since\": \"cambridge,ma 02138\", \"Email\": \"adan80@comcast.net\"}", "Phone": "617-661-2559", "Last Name": "Daniel", "Photo": "", "Address": "80 grozier road", "Current Status": "cambridge,ma 02138", "First Name": "Alice", "Bio Information": "Alice was born in Brooklyn, New York. After starting as a dance major at Bennington College she transferred to Barnard. She then married, and spent a year in Seoul, Korea immediately after the war, living with a Korean family and teaching English conversation at a girls\u2019 high school. Upon returning to the U.S. she had a child and received her degree from Boston University with a major in English and a minor in Philosophy\n\nWhen the civil rights movement showed that the courts could be agents of change she decided to become a civil rights lawyer, so she went to Columbia Law School, became a lawyer and began practicing criminal defense and civil liberties law, which she also taught at Georgetown University Law School and Hastings Law School in San Francisco. Later she was General Counsel and Interim President of the Legal Services Corporation, head of the Civil Division of the U.S. Department of Justice., Deputy Legal Affairs Secretary to Governor Jerry Brown and Counsel to Governor Mario Cuomo.\n\nGovernor Cuomo appointed her to the Bench and soon after she remarried and moved to Amherst, Massachusetts where her husband, Harold Jarmon, was a professor of clinical psychology. She then became a Deputy Attorney General of Massachusetts and Settlement Counsel for the U.S. Court of Appeals.\n\nShe enjoys hiking and reading, and until recently, was an avid (but not expert) tennis player. She is learning to play bridge with the hope that it will help keep her memory intact. She has 11 grandchildren and 3 great grandchildren.", "City State Zip": "cambridge,ma 02138", "Display name": "Alice Daniel", "Member Since": "cambridge,ma 02138", "Email": "adan80@comcast.net"}
