{"SafeDict": "{\"Phone\": \"617 437-0756\", \"Last Name\": \"Roth\", \"Photo\": \"\", \"Address\": \"40 Hereford St\", \"Current Status\": \"2005\", \"First Name\": \"Allan\", \"Bio Information\": \"After graduation, I practiced corporate law with a traditional law firm in NJ (with 2 years out for military service).  During the Kennedy Administration, I went to Washington to join the general counsel's staff of the S.E.C.  When the American Stock Exchange undertook a thorough reorganizatiion following a major scandal, I joined the reorganizing staff, staying on to serve as the director of legal and government affairs.  While at the exchange, I began advising emerging economies on their development of capital markets and financial laws.  This led to setting up a center at the Rutgers Graduate School of Management for international business.  While at Rutgers, I also taught at the law school and continued advisory work in the emerging economies.  In the 1990s, I organized the Rutgers management development programs in China (and for a several years, in Singapore), leading to the formation of degree-granting Executive MBA programs in China (and Singapore).  I continued to teach in those programs and to consult after I retired and moved to Boston in 2000.  Several years later, I stopped teaching and consulting, joining HILR in February 2005.\", \"City State Zip\": \"Boston, MA 02115\", \"Display name\": \"Allan Roth\", \"Member Since\": \"2005\", \"Email\": \"allanroth@verizon.net\"}", "Phone": "617 437-0756", "Last Name": "Roth", "Photo": "", "Address": "40 Hereford St", "Current Status": "2005", "First Name": "Allan", "Bio Information": "After graduation, I practiced corporate law with a traditional law firm in NJ (with 2 years out for military service).  During the Kennedy Administration, I went to Washington to join the general counsel's staff of the S.E.C.  When the American Stock Exchange undertook a thorough reorganizatiion following a major scandal, I joined the reorganizing staff, staying on to serve as the director of legal and government affairs.  While at the exchange, I began advising emerging economies on their development of capital markets and financial laws.  This led to setting up a center at the Rutgers Graduate School of Management for international business.  While at Rutgers, I also taught at the law school and continued advisory work in the emerging economies.  In the 1990s, I organized the Rutgers management development programs in China (and for a several years, in Singapore), leading to the formation of degree-granting Executive MBA programs in China (and Singapore).  I continued to teach in those programs and to consult after I retired and moved to Boston in 2000.  Several years later, I stopped teaching and consulting, joining HILR in February 2005.", "City State Zip": "Boston, MA 02115", "Display name": "Allan Roth", "Member Since": "2005", "Email": "allanroth@verizon.net"}
