{"SafeDict": "{\"Phone\": \"617-492-3424\", \"Last Name\": \"Gibbs\", \"Photo\": \"Gibbs\", \"Address\": \"617-492-3424\", \"Current Status\": \"Active Member\", \"First Name\": \"Allen\", \"Bio Information\": \"Born and raised in Ohio, with AB from Kenyon College and MBA from Harvard. Career  in advertising and marketing with two major corporations. Lived in Wellesley for over 30 years. After retirement spent ten years as a volunteer in town affairs on Cape Cod active in land conservation efforts as member of the Orleans Open Space Committee, serving for seven years as its first chairman of the Land Bank Committee helping to preserve over 130 acres of open space. Founding member and president of the Orleans Citizens Forum, a public affairs educational group.\\n\\nIn 2005 Allen and his wife Martha decided it was time to stop commuting, to try city living and moved to Cambridge with their golden retriever. His interests include politics, history, international affairs, travel and hiking.\", \"City State Zip\": \"617-492-3424\", \"Display name\": \"Allen Gibbs\", \"Member Since\": \"2008\", \"Email\": \"ag19odh@comcast.net\"}", "Phone": "617-492-3424", "Last Name": "Gibbs", "Photo": "Gibbs", "Address": "617-492-3424", "Current Status": "Active Member", "First Name": "Allen", "Bio Information": "Born and raised in Ohio, with AB from Kenyon College and MBA from Harvard. Career  in advertising and marketing with two major corporations. Lived in Wellesley for over 30 years. After retirement spent ten years as a volunteer in town affairs on Cape Cod active in land conservation efforts as member of the Orleans Open Space Committee, serving for seven years as its first chairman of the Land Bank Committee helping to preserve over 130 acres of open space. Founding member and president of the Orleans Citizens Forum, a public affairs educational group.\n\nIn 2005 Allen and his wife Martha decided it was time to stop commuting, to try city living and moved to Cambridge with their golden retriever. His interests include politics, history, international affairs, travel and hiking.", "City State Zip": "617-492-3424", "Display name": "Allen Gibbs", "Member Since": "2008", "Email": "ag19odh@comcast.net"}
