{"SafeDict": "{\"Phone\": \"(617) 417-3525\", \"Last Name\": \"Kahn\", \"Photo\": \"\", \"Address\": \"14 Concord Ave., #205\", \"Current Status\": \"Active Member\", \"First Name\": \"Alvin\", \"Bio Information\": \"Late one morning in 1945 Al gathered with three other recent high school graduates in Pennsylvania Station, Newark, New Jersey. It was the start of his longest trip so far, and as the cabbie drove through Scollay Square, he said \\\"look around, boys --- you'll be spending a lot of time here.\\\" He couldn't have know that in the course of history Al would be present to witness the Old Howard going up in flames. But that was by accident, not by dint of customary attendance. After arriving at Harvard at that end-of-war summer, he pretty much never really left again. H had always wanted to go to MIT, but circumstances argued for Harvard, where he majored in physics. In his Junior year, taking a General education course by Perry Miller, he woke up to the humanities. Eventually he went on to become a physician, and a psychiatrist. Most of his time was spent in private practice in Cambridge, with stints at teaching at the various psychiatric centers nearby. Because of an affiliation with the Group for Applied Psychoanalysis he gave scattered lectures in local institutions, but his main energies were devoted to clinical psychiatry.\\nIn the middle of all this he struck up collaboration with Francis Low, a physicist and provost of MIT. They wrote many songs together, as well as a musical version of Huck Finn. He rediscovered an interest poetry through Francis; an enduring remnant of this is the current version of the MIT school song, which was revised by Al in 1985.\\nHe continues in his psychiatric practice, though at a reduced pace, and looks forward to being in school once again at HILR.\", \"City State Zip\": \"Cambridge, MA 02138\", \"Display name\": \"Alvin Kahn\", \"Member Since\": \"2012\", \"Email\": \"alvinkahnmd@comcast.net\"}", "Phone": "(617) 417-3525", "Last Name": "Kahn", "Photo": "", "Address": "14 Concord Ave., #205", "Current Status": "Active Member", "First Name": "Alvin", "Bio Information": "Late one morning in 1945 Al gathered with three other recent high school graduates in Pennsylvania Station, Newark, New Jersey. It was the start of his longest trip so far, and as the cabbie drove through Scollay Square, he said \"look around, boys --- you'll be spending a lot of time here.\" He couldn't have know that in the course of history Al would be present to witness the Old Howard going up in flames. But that was by accident, not by dint of customary attendance. After arriving at Harvard at that end-of-war summer, he pretty much never really left again. H had always wanted to go to MIT, but circumstances argued for Harvard, where he majored in physics. In his Junior year, taking a General education course by Perry Miller, he woke up to the humanities. Eventually he went on to become a physician, and a psychiatrist. Most of his time was spent in private practice in Cambridge, with stints at teaching at the various psychiatric centers nearby. Because of an affiliation with the Group for Applied Psychoanalysis he gave scattered lectures in local institutions, but his main energies were devoted to clinical psychiatry.\nIn the middle of all this he struck up collaboration with Francis Low, a physicist and provost of MIT. They wrote many songs together, as well as a musical version of Huck Finn. He rediscovered an interest poetry through Francis; an enduring remnant of this is the current version of the MIT school song, which was revised by Al in 1985.\nHe continues in his psychiatric practice, though at a reduced pace, and looks forward to being in school once again at HILR.", "City State Zip": "Cambridge, MA 02138", "Display name": "Alvin Kahn", "Member Since": "2012", "Email": "alvinkahnmd@comcast.net"}
