{"SafeDict": "{\"Phone\": \"\", \"Last Name\": \"Spiliotes\", \"Photo\": \"\", \"Address\": \"\", \"Current Status\": \"\", \"First Name\": \"Amelia\", \"Bio Information\": \"\", \"City State Zip\": \"\", \"Display name\": \"Amelia Spiliotes\", \"Member Since\": \"\", \"Email\": \"ajspiliotes@gmail.com\"}", "Phone": "", "Last Name": "Spiliotes", "Photo": "", "Address": "", "Current Status": "", "First Name": "Amelia", "Bio Information": "", "City State Zip": "", "Display name": "Amelia Spiliotes", "Member Since": "", "Email": "ajspiliotes@gmail.com"}
