{"SafeDict": "{\"Phone\": \"\", \"Last Name\": \"Rorty\", \"Photo\": \"\", \"Address\": \"\", \"Current Status\": \"\", \"First Name\": \"Amelie\", \"Bio Information\": \"\", \"City State Zip\": \"\", \"Display name\": \"Amelie Rorty\", \"Member Since\": \"\", \"Email\": \"amelie_rorty@hms.harvard.edu\"}", "Phone": "", "Last Name": "Rorty", "Photo": "", "Address": "", "Current Status": "", "First Name": "Amelie", "Bio Information": "", "City State Zip": "", "Display name": "Amelie Rorty", "Member Since": "", "Email": "amelie_rorty@hms.harvard.edu"}
