{"SafeDict": "{\"Phone\": \"(617) 477-3273\", \"Last Name\": \"Stoffelmayr\", \"Photo\": \"Stoffelmayr\", \"Address\": \"21 Kingsboro Park\", \"Current Status\": \"Jamaica Plain, MA. 02130\", \"First Name\": \"Amy\", \"Bio Information\": \"I grew up in Rochester, New York and have lived in Scotland, Michigan and Wyoming. I moved to Boston one year ago. I have a son who is a lawyer and a daughter who is a speech pathologist; they live in Chicago and Portland, Oregon respectively. My husband died of ALS 4 years ago.\\nI have worked as a psychologist, and prior to that as a social worker. I always found it interesting to work with a variety of kinds of clients, but probably felt \\u2018best used\\u2019 working with people with serious mental illness and also families with multiple problem areas. During the span of my work life, the mental health organizational milieu shifted from one where clinics and agencies employed professionals to one where professionals in private practice worked as consultants to agencies and clinics on a contractual basis. I found the loss of being part a therapy community, with its stimulation and support, highly deleterious to the quality of work life for me.\\nBesides taking pleasure in intellectual activity with others, I have a strong interest in food, in music and in textiles. Food provides, besides pleasure and sustenance, an endless arena of activity and interest. I like growing and cooking food, as well as reading, thinking and talking about food. I have a similar range of interests in textiles and like to make them as well as appreciate them. I also love Early Music, particularly choral and sacred music, primarily as a consumer, rather than as a producer. My experience with music in Boston has been what I imagine going to Mecca might be like, if I were Muslim.\", \"City State Zip\": \"Jamaica Plain, MA. 02130\", \"Display name\": \"Amy Stoffelmayr\", \"Member Since\": \"Jamaica Plain, MA. 02130\", \"Email\": \"amy.stoffelmayr@gmail.com\"}", "Phone": "(617) 477-3273", "Last Name": "Stoffelmayr", "Photo": "Stoffelmayr", "Address": "21 Kingsboro Park", "Current Status": "Jamaica Plain, MA. 02130", "First Name": "Amy", "Bio Information": "I grew up in Rochester, New York and have lived in Scotland, Michigan and Wyoming. I moved to Boston one year ago. I have a son who is a lawyer and a daughter who is a speech pathologist; they live in Chicago and Portland, Oregon respectively. My husband died of ALS 4 years ago.\nI have worked as a psychologist, and prior to that as a social worker. I always found it interesting to work with a variety of kinds of clients, but probably felt \u2018best used\u2019 working with people with serious mental illness and also families with multiple problem areas. During the span of my work life, the mental health organizational milieu shifted from one where clinics and agencies employed professionals to one where professionals in private practice worked as consultants to agencies and clinics on a contractual basis. I found the loss of being part a therapy community, with its stimulation and support, highly deleterious to the quality of work life for me.\nBesides taking pleasure in intellectual activity with others, I have a strong interest in food, in music and in textiles. Food provides, besides pleasure and sustenance, an endless arena of activity and interest. I like growing and cooking food, as well as reading, thinking and talking about food. I have a similar range of interests in textiles and like to make them as well as appreciate them. I also love Early Music, particularly choral and sacred music, primarily as a consumer, rather than as a producer. My experience with music in Boston has been what I imagine going to Mecca might be like, if I were Muslim.", "City State Zip": "Jamaica Plain, MA. 02130", "Display name": "Amy Stoffelmayr", "Member Since": "Jamaica Plain, MA. 02130", "Email": "amy.stoffelmayr@gmail.com"}
