{"SafeDict": "{\"Phone\": \"\", \"Last Name\": \"Lane\", \"Photo\": \"\", \"Address\": \"\", \"Current Status\": \"Active Member\", \"First Name\": \"Andrew\", \"Bio Information\": \"Andrew F. Lane, a lifetime resident of Newton, after graduating from Boston Latin School (1952), the college of the Holy Cross (AB 1956) and the Harvard law School (l.l.B, 1959), believes he overcame his parochial ways when he married the Texas-born and educated Margo Wiley (BA 1960 and MA 1962, University of Texas) in 1963.\\n\\nAfter nearly forty years at the bar, principally as a civil action trial lawyer, with some time applied to the nurture and education of his four children, Andy is pleased to have been accepted to HIlR to reconnect with the joy of academic discovery and growth. In recent years, Andy and Margo have traveled to England, Scotland, Ireland, Italy, Spain, Turkey, Canada, Mexico, and the west and southwest of the USA. They have shuffled miles through art museums and attended countless musical performances.\\n\\nAndy is a self-taught piano player, skier, and golfer who compensates for his undistinguished skills by his optimistic enthusiasm. He is a reasonably accomplished choral singer and has recently sung in Salisbury Cathedral and Royal Albert Hall.\", \"City State Zip\": \"\", \"Display name\": \"Andrew Lane\", \"Member Since\": \"1999\", \"Email\": \"mandyotis@verizon.net\"}", "Phone": "", "Last Name": "Lane", "Photo": "", "Address": "", "Current Status": "Active Member", "First Name": "Andrew", "Bio Information": "Andrew F. Lane, a lifetime resident of Newton, after graduating from Boston Latin School (1952), the college of the Holy Cross (AB 1956) and the Harvard law School (l.l.B, 1959), believes he overcame his parochial ways when he married the Texas-born and educated Margo Wiley (BA 1960 and MA 1962, University of Texas) in 1963.\n\nAfter nearly forty years at the bar, principally as a civil action trial lawyer, with some time applied to the nurture and education of his four children, Andy is pleased to have been accepted to HIlR to reconnect with the joy of academic discovery and growth. In recent years, Andy and Margo have traveled to England, Scotland, Ireland, Italy, Spain, Turkey, Canada, Mexico, and the west and southwest of the USA. They have shuffled miles through art museums and attended countless musical performances.\n\nAndy is a self-taught piano player, skier, and golfer who compensates for his undistinguished skills by his optimistic enthusiasm. He is a reasonably accomplished choral singer and has recently sung in Salisbury Cathedral and Royal Albert Hall.", "City State Zip": "", "Display name": "Andrew Lane", "Member Since": "1999", "Email": "mandyotis@verizon.net"}
