{"SafeDict": "{\"Phone\": \"\", \"Last Name\": \"Sterge\", \"Photo\": \"\", \"Address\": \"\", \"Current Status\": \"2008\", \"First Name\": \"Andrew\", \"Bio Information\": \"Andrew Sterge received his BA from Suffolk University in Boston, and also studied at the New York Institute of Finance. Andrew was President of An-Car Oil Co., as well as President of Heritage Financial. His volunteer work for the Alleppo Temple Shrine Burn Hospital gave him an opportunity to give back to others.\\n\\nAndrew\\u2019s current interests include stock market finance, and energy (oil and gas) exploration in the Middle East and its economic impact on the global economy. At HILR he looks forward to expanding his education in the history of ancient Greece and Roman Empire. Andrew resides in Yarmouthport, MA.\", \"City State Zip\": \"\", \"Display name\": \"Andrew Sterge\", \"Member Since\": \"2008\", \"Email\": \"tsterge@verizon.net\"}", "Phone": "", "Last Name": "Sterge", "Photo": "", "Address": "", "Current Status": "2008", "First Name": "Andrew", "Bio Information": "Andrew Sterge received his BA from Suffolk University in Boston, and also studied at the New York Institute of Finance. Andrew was President of An-Car Oil Co., as well as President of Heritage Financial. His volunteer work for the Alleppo Temple Shrine Burn Hospital gave him an opportunity to give back to others.\n\nAndrew\u2019s current interests include stock market finance, and energy (oil and gas) exploration in the Middle East and its economic impact on the global economy. At HILR he looks forward to expanding his education in the history of ancient Greece and Roman Empire. Andrew resides in Yarmouthport, MA.", "City State Zip": "", "Display name": "Andrew Sterge", "Member Since": "2008", "Email": "tsterge@verizon.net"}
