{"SafeDict": "{\"Phone\": \"617-320-0342\", \"Last Name\": \"Gargiulo\", \"Photo\": \"\", \"Address\": \"13 West Cedar Street\", \"Current Status\": \"Active Member\", \"First Name\": \"Andrea\", \"Bio Information\": \"Andrea Gargiulo served as an Assistant District Attorney in Massachusetts where she was the prosecutor in more than fifty felony jury trials and the first woman to win a murder conviction (1974). She was appointed by the Governor to serve as chair of the Boston Finance Commission and then as chair of the Boston Licensing Board. She was appointed by the Attorney General as commissioner of the State Ethics Commission and then by the Supreme Judicial Court as chair of the Board of Bar Overseers. \\nAndrea served as Massachusetts co-chair for a 1984 presidential primary candidate and as issues director for a 1990 Massachusetts gubernatorial primary candidate. After leaving public service, she hosted the television show \\\"Women Today\\\" on Cablevision of Boston and studied acting and directing with members of the American Repertory Theater in Cambridge and Shakespeare & Company in Lenox. \\nAndrea and her late husband Richard enjoyed traveling and sailing together for more than 40 years and cruised on their ketch Polaris from Maine to Virginia and from Lisbon through the western Mediterranean Sea. She helped to raise three young stepchildren who have now produced nine (adorable, of course) grandchildren. Her son lives in Palo Alto, CA, where she spent this winter enjoying the weather and grandson Jack. \\n \", \"City State Zip\": \"Boston, MA 02108\", \"Display name\": \"Andrea W. Gargiulo\", \"Member Since\": \"2011\", \"Email\": \"andrea.w.gargiulo@gmail.com\"}", "Phone": "617-320-0342", "Last Name": "Gargiulo", "Photo": "", "Address": "13 West Cedar Street", "Current Status": "Active Member", "First Name": "Andrea", "Bio Information": "Andrea Gargiulo served as an Assistant District Attorney in Massachusetts where she was the prosecutor in more than fifty felony jury trials and the first woman to win a murder conviction (1974). She was appointed by the Governor to serve as chair of the Boston Finance Commission and then as chair of the Boston Licensing Board. She was appointed by the Attorney General as commissioner of the State Ethics Commission and then by the Supreme Judicial Court as chair of the Board of Bar Overseers. \nAndrea served as Massachusetts co-chair for a 1984 presidential primary candidate and as issues director for a 1990 Massachusetts gubernatorial primary candidate. After leaving public service, she hosted the television show \"Women Today\" on Cablevision of Boston and studied acting and directing with members of the American Repertory Theater in Cambridge and Shakespeare & Company in Lenox. \nAndrea and her late husband Richard enjoyed traveling and sailing together for more than 40 years and cruised on their ketch Polaris from Maine to Virginia and from Lisbon through the western Mediterranean Sea. She helped to raise three young stepchildren who have now produced nine (adorable, of course) grandchildren. Her son lives in Palo Alto, CA, where she spent this winter enjoying the weather and grandson Jack. \n ", "City State Zip": "Boston, MA 02108", "Display name": "Andrea W. Gargiulo", "Member Since": "2011", "Email": "andrea.w.gargiulo@gmail.com"}
