{"SafeDict": "{\"Phone\": \"617-876-8106\", \"Last Name\": \"Billings\", \"Photo\": \"\", \"Address\": \"11 1/2 Hilliard Street\", \"Current Status\": \"Member 2010-\", \"First Name\": \"Andy\", \"Bio Information\": \"I grew up in Los Angeles, the son of two immigrant European physicians.  I attended Amherst College (BA in Independent Studies after bailing out from my plans to teach English), then Harvard Medical School, then residency in internal medicine at the University of California, San Francisco.  Next, I came back to MGH and Harvard, working as a primary care internist at the Chelsea Health Center and MGH.  I have had one job at MGH for all my professional life, but my work has changed considerably over the years. \\nMy first teaching and academic interest was the clinical interview and the doctor-patient relationship.  Eventually, I wrote (with John Stoeckle), The Clinical Encounter, a popular textbook on interviewing.  I continue to teach in this subject, but all related to care near the end of life.  \\nEarly in my career, I became interested in home visits, and was drawn into the early hospice movement.  I was the medical director for the first hospice program in the state, wrote a textbook on the subject, and later helped form a national organization for hospice physicians.  About 15 years ago, a fellowship from the Open Society Institute helped me found the Palliative Care Service at MGH.  Now, we have a robust inpatient and outpatient service, as well as a training program for fellows in this new specialty.  As time went on, I did less teaching, patient care, and writing, but more and more administration, leaving not enough time for creative work.  I left MGH in 2009.  \\nMy wife, Susan Block, is trained both as an internist and a psychiatrist. She is Chair of the Department of Psychosocial Oncology and Palliative Care at the Dana Farber Cancer Institute.  We co-chair the Harvard Medical School Center for Palliative Care and work together on many clinical, educational, and research projects.  We live around the corner from HILR.  We have two children who find our jobs rather morbid, but seem happy with their work, one as a graduate student in Biophysics, the other as junior faculty in Classics and Humanities.\\nMedicine and especially palliative care have been extremely rewarding and stimulating for me.  I have continued with some teaching and patient care, mostly at Cambridge Hospital, but am looking now to write more and to branch out into long-neglected pleasures, mostly in the humanities (novels, theater, movies, dance poetry, art).  I am catching up a bit on the remarkable progress in the past 40 years in our understanding of consciousness and the brain.  Cooking and regular exercise have also become happy, regular parts of my life. \\nUnfortunately, during the late Spring of 2013, I developed a malignant lymphoma with a poor prognosis and haven undergone rather brutal chemotherapy and radiation.  I will need to find a picture of myself as bald to replace the one above.     \", \"City State Zip\": \"02138\", \"Display name\": \"Andy Billings\", \"Member Since\": \"02138\", \"Email\": \"jbillings@partners.org\"}", "Phone": "617-876-8106", "Last Name": "Billings", "Photo": "", "Address": "11 1/2 Hilliard Street", "Current Status": "Member 2010-", "First Name": "Andy", "Bio Information": "I grew up in Los Angeles, the son of two immigrant European physicians.  I attended Amherst College (BA in Independent Studies after bailing out from my plans to teach English), then Harvard Medical School, then residency in internal medicine at the University of California, San Francisco.  Next, I came back to MGH and Harvard, working as a primary care internist at the Chelsea Health Center and MGH.  I have had one job at MGH for all my professional life, but my work has changed considerably over the years. \nMy first teaching and academic interest was the clinical interview and the doctor-patient relationship.  Eventually, I wrote (with John Stoeckle), The Clinical Encounter, a popular textbook on interviewing.  I continue to teach in this subject, but all related to care near the end of life.  \nEarly in my career, I became interested in home visits, and was drawn into the early hospice movement.  I was the medical director for the first hospice program in the state, wrote a textbook on the subject, and later helped form a national organization for hospice physicians.  About 15 years ago, a fellowship from the Open Society Institute helped me found the Palliative Care Service at MGH.  Now, we have a robust inpatient and outpatient service, as well as a training program for fellows in this new specialty.  As time went on, I did less teaching, patient care, and writing, but more and more administration, leaving not enough time for creative work.  I left MGH in 2009.  \nMy wife, Susan Block, is trained both as an internist and a psychiatrist. She is Chair of the Department of Psychosocial Oncology and Palliative Care at the Dana Farber Cancer Institute.  We co-chair the Harvard Medical School Center for Palliative Care and work together on many clinical, educational, and research projects.  We live around the corner from HILR.  We have two children who find our jobs rather morbid, but seem happy with their work, one as a graduate student in Biophysics, the other as junior faculty in Classics and Humanities.\nMedicine and especially palliative care have been extremely rewarding and stimulating for me.  I have continued with some teaching and patient care, mostly at Cambridge Hospital, but am looking now to write more and to branch out into long-neglected pleasures, mostly in the humanities (novels, theater, movies, dance poetry, art).  I am catching up a bit on the remarkable progress in the past 40 years in our understanding of consciousness and the brain.  Cooking and regular exercise have also become happy, regular parts of my life. \nUnfortunately, during the late Spring of 2013, I developed a malignant lymphoma with a poor prognosis and haven undergone rather brutal chemotherapy and radiation.  I will need to find a picture of myself as bald to replace the one above.     ", "City State Zip": "02138", "Display name": "Andy Billings", "Member Since": "02138", "Email": "jbillings@partners.org"}
