{"SafeDict": "{\"Phone\": \"\", \"Last Name\": \"Khosla\", \"Photo\": \"\", \"Address\": \"\", \"Current Status\": \"Active Member\", \"First Name\": \"Anil\", \"Bio Information\": \"As the son of a diplomat, Anil Khosla spent his early years living in many different countries, including Brazil, India, and the United Kingdom. After high school, a very traditional English public school, he came to Harvard College where he majored in English and Comparative Literature. After completing Harvard Law School, he began his legal career at a New York Wall Street firm where he stayed only briefly. He returned to Boston and was a senior partner at each of Hale and Dorr, Peabody & Arnold, and Eckert Seamans.\\n\\nHe has pursued his interests in international relations primarily in the legal arena, as the head of the international law committee of each of two of the three law firms where he was a partner. He has also traveled worldwide both for business and pleasure and attempted (somewhat unsuccessfully) to remain fluent in Portuguese and Spanish. His interests include modern languages, historical reading, political affairs, literature, and Classical music (both Indian and Western).\\n\\nHe has lived for more than forty years in Cambridge, which after a peripatetic childhood he regards as his home. He also has a house in Santa Barbara, California, where he goes frequently to savor the only place in the United States that feels something like the Italian Rivera.\\n\\nSince his only son is soon heading off to school in England, he will welcome all the more the opportunities HILR offers for intellectual exploration and new friendships.\", \"City State Zip\": \"\", \"Display name\": \"Anil Khosla\", \"Member Since\": \"2008\", \"Email\": \"anil.khosla@yahoo.com\"}", "Phone": "", "Last Name": "Khosla", "Photo": "", "Address": "", "Current Status": "Active Member", "First Name": "Anil", "Bio Information": "As the son of a diplomat, Anil Khosla spent his early years living in many different countries, including Brazil, India, and the United Kingdom. After high school, a very traditional English public school, he came to Harvard College where he majored in English and Comparative Literature. After completing Harvard Law School, he began his legal career at a New York Wall Street firm where he stayed only briefly. He returned to Boston and was a senior partner at each of Hale and Dorr, Peabody & Arnold, and Eckert Seamans.\n\nHe has pursued his interests in international relations primarily in the legal arena, as the head of the international law committee of each of two of the three law firms where he was a partner. He has also traveled worldwide both for business and pleasure and attempted (somewhat unsuccessfully) to remain fluent in Portuguese and Spanish. His interests include modern languages, historical reading, political affairs, literature, and Classical music (both Indian and Western).\n\nHe has lived for more than forty years in Cambridge, which after a peripatetic childhood he regards as his home. He also has a house in Santa Barbara, California, where he goes frequently to savor the only place in the United States that feels something like the Italian Rivera.\n\nSince his only son is soon heading off to school in England, he will welcome all the more the opportunities HILR offers for intellectual exploration and new friendships.", "City State Zip": "", "Display name": "Anil Khosla", "Member Since": "2008", "Email": "anil.khosla@yahoo.com"}
