{"SafeDict": "{\"Phone\": \"(978) 475-5921\", \"Last Name\": \"Marshall\", \"Photo\": \"\", \"Address\": \"102 Summer St.\", \"Current Status\": \"2011\", \"First Name\": \"Anita\", \"Bio Information\": \"Anita was born in Antigua and raised in Dominica, a small island in the Caribbean.   She moved to New York after high school with the dream of attending college. She had little knowledge of American universities and even less knowledge of the application process. By chance she came across a newspaper article about Julie Nixon attending Smith College. Anita figured that Smith College must be a good school since the president had chosen it for his daughter. Armed with confidence and a great deal of na\\u00efvet\\u00e9, Anita applied to Smith College and was miraculously accepted with a full scholarship.  \\nAfter graduating from college Anita entered a training program as a systems analyst. Over the next fifteen years she held a number of positions in various high tech companies. During that time she got married and had two children. Anita had little interest in the business world but needed the income those jobs provided as she was often the sole financial supporter of her family. Some years later she entered therapy to help figure out her options and in that first session she knew she wanted to train to become a therapist.   Two weeks before the start of the new school year, Anita somehow managed to convince the admissions committee at Simmons College to accept her into the MSW program.\\nUpon graduation in 1991 Anita began her new career at an outpatient clinic in Boston. There, she worked with young children and adolescents. She enjoyed that job immensely and with great supervision and many additional courses and seminars, Anita honed her skills as a clinician. In 1995 she accepted a job with the service arm of the Annie E. Casey Foundation. There, she worked with children whose parental rights had been terminated but who had little chance of being adopted. This job proved to be the most gratifying of her career as she tirelessly advocated for these youths. Many of these children went on to college and have since created productive and meaningful lives for themselves.\\nSadly, Anita lost her oldest child twelve years ago. The death of that child was her impetus to retire at the first opportunity and to live a life doing everything she had always hoped to do. She retired three years ago. A learning program such as HILR is a dream come true as it allows the opportunity to take new courses she was too scared to take while in college. Anita enjoys traveling and has escaped to Dominica the past two winters.\", \"City State Zip\": \"Andover, MA 01810\", \"Display name\": \"Anita Marshall\", \"Member Since\": \"2011\", \"Email\": \"anmameade@aol.com\"}", "Phone": "(978) 475-5921", "Last Name": "Marshall", "Photo": "", "Address": "102 Summer St.", "Current Status": "2011", "First Name": "Anita", "Bio Information": "Anita was born in Antigua and raised in Dominica, a small island in the Caribbean.   She moved to New York after high school with the dream of attending college. She had little knowledge of American universities and even less knowledge of the application process. By chance she came across a newspaper article about Julie Nixon attending Smith College. Anita figured that Smith College must be a good school since the president had chosen it for his daughter. Armed with confidence and a great deal of na\u00efvet\u00e9, Anita applied to Smith College and was miraculously accepted with a full scholarship.  \nAfter graduating from college Anita entered a training program as a systems analyst. Over the next fifteen years she held a number of positions in various high tech companies. During that time she got married and had two children. Anita had little interest in the business world but needed the income those jobs provided as she was often the sole financial supporter of her family. Some years later she entered therapy to help figure out her options and in that first session she knew she wanted to train to become a therapist.   Two weeks before the start of the new school year, Anita somehow managed to convince the admissions committee at Simmons College to accept her into the MSW program.\nUpon graduation in 1991 Anita began her new career at an outpatient clinic in Boston. There, she worked with young children and adolescents. She enjoyed that job immensely and with great supervision and many additional courses and seminars, Anita honed her skills as a clinician. In 1995 she accepted a job with the service arm of the Annie E. Casey Foundation. There, she worked with children whose parental rights had been terminated but who had little chance of being adopted. This job proved to be the most gratifying of her career as she tirelessly advocated for these youths. Many of these children went on to college and have since created productive and meaningful lives for themselves.\nSadly, Anita lost her oldest child twelve years ago. The death of that child was her impetus to retire at the first opportunity and to live a life doing everything she had always hoped to do. She retired three years ago. A learning program such as HILR is a dream come true as it allows the opportunity to take new courses she was too scared to take while in college. Anita enjoys traveling and has escaped to Dominica the past two winters.", "City State Zip": "Andover, MA 01810", "Display name": "Anita Marshall", "Member Since": "2011", "Email": "anmameade@aol.com"}
