{"SafeDict": "{\"Phone\": \"617 621 6001\", \"Last Name\": \"Ward\", \"Photo\": \"\", \"Address\": \"6 Canal Park\", \"Current Status\": \"1991\", \"First Name\": \"Ann\", \"Bio Information\": \"I am fully engaged in HILR as a member, a former Council member, and an enthusiastic) participant in chosen study groups. I belong to The Time Trade Circle (call me for information).\\n\\nI am especially interested in contemporary art, politics, archeology and my interesting family. I adore Spanish culture, the language and San Miguel de Allende.\\n\\nMy professional life was lived as Director of a Head Start and Day Care program in Maine but after my husband and I retired, we favored the more exciting state of Massachusetts, specifically Cambridge!\", \"City State Zip\": \"Cambridge, MA 02141\", \"Display name\": \"ANN WARD\", \"Member Since\": \"1991\", \"Email\": \"abward@post.harvard.edu\"}", "Phone": "617 621 6001", "Last Name": "Ward", "Photo": "", "Address": "6 Canal Park", "Current Status": "1991", "First Name": "Ann", "Bio Information": "I am fully engaged in HILR as a member, a former Council member, and an enthusiastic) participant in chosen study groups. I belong to The Time Trade Circle (call me for information).\n\nI am especially interested in contemporary art, politics, archeology and my interesting family. I adore Spanish culture, the language and San Miguel de Allende.\n\nMy professional life was lived as Director of a Head Start and Day Care program in Maine but after my husband and I retired, we favored the more exciting state of Massachusetts, specifically Cambridge!", "City State Zip": "Cambridge, MA 02141", "Display name": "ANN WARD", "Member Since": "1991", "Email": "abward@post.harvard.edu"}
