{"SafeDict": "{\"Phone\": \"\", \"Last Name\": \"Madigan\", \"Photo\": \"\", \"Address\": \"\", \"Current Status\": \"1992\", \"First Name\": \"Ann\", \"Bio Information\": \"Ann K. Madigan, of Milton, has a BA from Emmanuel College, 1961 where she was an English major.\\n\\nShe has taken courses in writing and psychology at the Radcliffe Seminars and looks forward to continuing challenges at HlLR.\", \"City State Zip\": \"\", \"Display name\": \"Ann Madigan\", \"Member Since\": \"1992\", \"Email\": \"annmadigan@comcast.net\"}", "Phone": "", "Last Name": "Madigan", "Photo": "", "Address": "", "Current Status": "1992", "First Name": "Ann", "Bio Information": "Ann K. Madigan, of Milton, has a BA from Emmanuel College, 1961 where she was an English major.\n\nShe has taken courses in writing and psychology at the Radcliffe Seminars and looks forward to continuing challenges at HlLR.", "City State Zip": "", "Display name": "Ann Madigan", "Member Since": "1992", "Email": "annmadigan@comcast.net"}
