{"SafeDict": "{\"Phone\": \"617 547 6786\", \"Last Name\": \"Goodman\", \"Photo\": \"\", \"Address\": \"617 547 6786\", \"Current Status\": \"2007Active Member\", \"First Name\": \"Ann\", \"Bio Information\": \"Ann Goodman seems to have had two lives: the first, New York born and bred, then Radcliffe College with AB in English, followed by marriage to DeWitt S. Goodman and two children. Columbia professor\\u2019s busy wife, sabbaticals in Europe and Israel, extensive travel, certificate at University College London in psychology, incompleted PhD at Columbia, more than twenty years as a Research Scientist in the NY State Department of Mental Hygiene at Nathan S. Kline Institute for Psychiatric Research, Adjunct Assistant Professor of Epidemiology at Columbia University School of Public Health, children to college, and then the sudden end with the unexpected death of DeWitt.\\n\\nThereafter a professional career that focused on the genetic bases of schizophrenia and late onset Alzheimer\\u2019s disease became the central focus, holding life\\u2019s edges together. Many summers in Woods Hole, MA led to Ann\\u2019s marriage to Arthur Pardee, Harvard Medical School Professor Emeritus and a member of HILR.\\n\\nRetired from Harvard Medical School where she was Clinical Instructor in Psychiatry at Beth Israel Deaconess Medical Center, her hypothesis that medications derived from varieties of vitamin A may be useful in the treatment of schizophrenia and late onset Alzheimer's Disease has been successfully tested by others.\\nAnn is a member and former chair of the Islamic and Later Indian Art Collection Comittee of the Harvard Art Museums. She collects Chinese ethnic minority textiles, and is currently engaged in writing about the historical antecedents of the Yi minority in Sichuan and Yunnan provinces in China, as displayed through their textile art.\", \"City State Zip\": \"617 547 6786\", \"Display name\": \"Ann Goodman\", \"Member Since\": \"2007Active Member\", \"Email\": \"annbgoodman@aol.com\"}", "Phone": "617 547 6786", "Last Name": "Goodman", "Photo": "", "Address": "617 547 6786", "Current Status": "2007Active Member", "First Name": "Ann", "Bio Information": "Ann Goodman seems to have had two lives: the first, New York born and bred, then Radcliffe College with AB in English, followed by marriage to DeWitt S. Goodman and two children. Columbia professor\u2019s busy wife, sabbaticals in Europe and Israel, extensive travel, certificate at University College London in psychology, incompleted PhD at Columbia, more than twenty years as a Research Scientist in the NY State Department of Mental Hygiene at Nathan S. Kline Institute for Psychiatric Research, Adjunct Assistant Professor of Epidemiology at Columbia University School of Public Health, children to college, and then the sudden end with the unexpected death of DeWitt.\n\nThereafter a professional career that focused on the genetic bases of schizophrenia and late onset Alzheimer\u2019s disease became the central focus, holding life\u2019s edges together. Many summers in Woods Hole, MA led to Ann\u2019s marriage to Arthur Pardee, Harvard Medical School Professor Emeritus and a member of HILR.\n\nRetired from Harvard Medical School where she was Clinical Instructor in Psychiatry at Beth Israel Deaconess Medical Center, her hypothesis that medications derived from varieties of vitamin A may be useful in the treatment of schizophrenia and late onset Alzheimer's Disease has been successfully tested by others.\nAnn is a member and former chair of the Islamic and Later Indian Art Collection Comittee of the Harvard Art Museums. She collects Chinese ethnic minority textiles, and is currently engaged in writing about the historical antecedents of the Yi minority in Sichuan and Yunnan provinces in China, as displayed through their textile art.", "City State Zip": "617 547 6786", "Display name": "Ann Goodman", "Member Since": "2007Active Member", "Email": "annbgoodman@aol.com"}
