{"SafeDict": "{\"Phone\": \"\", \"Last Name\": \"Cobb\", \"Photo\": \"\", \"Address\": \"\", \"Current Status\": \"\", \"First Name\": \"Ann\", \"Bio Information\": \"Ann Cobb grew up in Bedford Village, NY. She spent the WWII years in Orinda, California and Washington DC. After graduating from Milton Academy she attended Barnard College, the Skowhegan School of Painting and Sculpture and the Boston Museum School.\\n\\nShe married Jack Cobb in 1953 and has lived with him in Cambridge ever since. While raising their four children she gardened, read novels and poetry of all description, concentrating on Shakespeare and P.G. Wodehouse. She worked at the Fogg Museum as a volunteer for the Committee to Rescue Italian Art at the time of the Florence flood and wrote a newsletter for the Cambridge Somerville Mental Health Association.\\n\\nIn the \\u201970s she returned to school and earned a PhD in English at Tufts, writing her dissertation on the poetry of Seamus Heaney. While there she taught Freshman Writing and Irish Literature. She has written a collection of short stories, two of which have been published, and was a regular reviewer for the Harvard Review and the Boston Book Review which published her \\u201cLetter From Rome,\\u201d written during a four month sojourn there in 1989. \\n\\nShe enjoys travel, chiefly in Italy, Greece, Ireland and England.\", \"City State Zip\": \"\", \"Display name\": \"Ann Cobb\", \"Member Since\": \"\", \"Email\": \"acobb52631@comcast.net\"}", "Phone": "", "Last Name": "Cobb", "Photo": "", "Address": "", "Current Status": "", "First Name": "Ann", "Bio Information": "Ann Cobb grew up in Bedford Village, NY. She spent the WWII years in Orinda, California and Washington DC. After graduating from Milton Academy she attended Barnard College, the Skowhegan School of Painting and Sculpture and the Boston Museum School.\n\nShe married Jack Cobb in 1953 and has lived with him in Cambridge ever since. While raising their four children she gardened, read novels and poetry of all description, concentrating on Shakespeare and P.G. Wodehouse. She worked at the Fogg Museum as a volunteer for the Committee to Rescue Italian Art at the time of the Florence flood and wrote a newsletter for the Cambridge Somerville Mental Health Association.\n\nIn the \u201970s she returned to school and earned a PhD in English at Tufts, writing her dissertation on the poetry of Seamus Heaney. While there she taught Freshman Writing and Irish Literature. She has written a collection of short stories, two of which have been published, and was a regular reviewer for the Harvard Review and the Boston Book Review which published her \u201cLetter From Rome,\u201d written during a four month sojourn there in 1989. \n\nShe enjoys travel, chiefly in Italy, Greece, Ireland and England.", "City State Zip": "", "Display name": "Ann Cobb", "Member Since": "", "Email": "acobb52631@comcast.net"}
