{"SafeDict": "{\"Phone\": \"617-864-7930\", \"Last Name\": \"Wyman\", \"Photo\": \"\", \"Address\": \"8 Willard St.\", \"Current Status\": \"2006\", \"First Name\": \"Ann\", \"Bio Information\": \"Member of HILR since 2006.  Was SGL for the first time in the fall of 2010 when I led a group on Cuba.  Loads of work but well worth it.  Much enjoyed co teaching course on Louis Armstrong with David Rich.\\nWe're lucky enough to walk to HILR.   Mead and I moved \\\"back\\\" to Cambridge about 25 years ago.\\nRight now my joys include time with six granddaughters, whose ages range from 20 to five.  We've enjoyed summer togetherness in Martha's Vineyard through many years.  Just had a family celebration of our 50th wedding anniversary with a family trip to the Galapagos.\\nPrincipal work in hospital software and finance for non-profits.\\nDegrees in economics from Wellesley, in secondary social studies from Boston University and an MBA from Babson. \\nInterests include singing, tennis and reading\", \"City State Zip\": \"Cambridge, MA 02138\", \"Display name\": \"Ann Wyman\", \"Member Since\": \"2006\", \"Email\": \"ann.wyman6@gmail.com\"}", "Phone": "617-864-7930", "Last Name": "Wyman", "Photo": "", "Address": "8 Willard St.", "Current Status": "2006", "First Name": "Ann", "Bio Information": "Member of HILR since 2006.  Was SGL for the first time in the fall of 2010 when I led a group on Cuba.  Loads of work but well worth it.  Much enjoyed co teaching course on Louis Armstrong with David Rich.\nWe're lucky enough to walk to HILR.   Mead and I moved \"back\" to Cambridge about 25 years ago.\nRight now my joys include time with six granddaughters, whose ages range from 20 to five.  We've enjoyed summer togetherness in Martha's Vineyard through many years.  Just had a family celebration of our 50th wedding anniversary with a family trip to the Galapagos.\nPrincipal work in hospital software and finance for non-profits.\nDegrees in economics from Wellesley, in secondary social studies from Boston University and an MBA from Babson. \nInterests include singing, tennis and reading", "City State Zip": "Cambridge, MA 02138", "Display name": "Ann Wyman", "Member Since": "2006", "Email": "ann.wyman6@gmail.com"}
