{"SafeDict": "{\"Phone\": \"617-576-6849; 617-905-0163 cell\", \"Last Name\": \"Oppenheimer\", \"Photo\": \"\", \"Address\": \"950 Massachusetts Avenue\", \"Current Status\": \"2000\", \"First Name\": \"Ann\", \"Bio Information\": \"Mount Holyoke College, AB;  Simmons College, MBA. Career began at Arthur D. Little, Inc. (3 yrs) and ended at Watson Wyatt & Co,. managing data processing and data analysis in compensation survey divisions for 14 yrs in Boston, followed by 8 yrs in northern New Jersey.\\nActive in Mount Holyoke alumnae functions; life master in American Contract Bridge League; elected to the Town of Winchester Charter Commission.  Enjoy computer training, providing group and individual help. Love living in Cambridge and taking advantage of all it has to offer.\", \"City State Zip\": \"Cambridge, MA 02139\", \"Display name\": \"Ann Oppenheimer\", \"Member Since\": \"2000\", \"Email\": \"aho2rho@comcast.net\"}", "Phone": "617-576-6849; 617-905-0163 cell", "Last Name": "Oppenheimer", "Photo": "", "Address": "950 Massachusetts Avenue", "Current Status": "2000", "First Name": "Ann", "Bio Information": "Mount Holyoke College, AB;  Simmons College, MBA. Career began at Arthur D. Little, Inc. (3 yrs) and ended at Watson Wyatt & Co,. managing data processing and data analysis in compensation survey divisions for 14 yrs in Boston, followed by 8 yrs in northern New Jersey.\nActive in Mount Holyoke alumnae functions; life master in American Contract Bridge League; elected to the Town of Winchester Charter Commission.  Enjoy computer training, providing group and individual help. Love living in Cambridge and taking advantage of all it has to offer.", "City State Zip": "Cambridge, MA 02139", "Display name": "Ann Oppenheimer", "Member Since": "2000", "Email": "aho2rho@comcast.net"}
