{"SafeDict": "{\"Phone\": \"+1 (617) 267-9770\", \"Last Name\": \"Hershfang\", \"Photo\": \"\", \"Address\": \"64 W. Rutland Square\", \"Current Status\": \"New\", \"First Name\": \"Ann\", \"Bio Information\": \"Raised in Washington D.C., Ann migrated up and down the East Coast, working for the National Geographic Society, little Golden Books, Houghton Mifflin, and Head Start and, always, in politics\\u2014through which she met Herb.  In 1965, they bought a boarded 6-floor house in Boston\\u2019s South End at auction on its front steps and set to work to make it livable and learn about our new neighborhood. \\nIn 1969, we learned that a four-lane highway was planned \\u00bd block down at the end of our street, replacing Boston\\u00e0 Washington (Amtrak) train service and causing devastation along the way.  With neighbors and regional anti-highway activists, Ann became an advocate and organizer, which led to a 40-year career in MA transportation, beginning with her appointment to the Massport board (1974), then as Undersecretary of Transportation, and ending with 10 years on the Masspike board. In 1990, she co-founded WalkBoston.  I continue to be involved (without job pressure) in State transportation issues, either from the outside, advocating with WalkBoston for pedestrian-friendly streetscape designs, or the inside because our Governor appointed me to chair an Oversight Council for a $3 billion program to repair 200 bridges statewide.  Such fun it all has been.\\nAnn and Herb have 2 splendid daughters, Rachel and Jenny (both lawyers).Ann continues to be involved in neighborhood issues--streets, gardening, the park across the street, the local library, as an Inspector at our polling place, etc.  She especially delights in the daily interactions of our neighborhood.  Currently, we meet in a local caf\\u00e9 every Tuesday at 10am with a group of long-time and new South Enders\\u2014geezers\\u2014to talk for an hour.   Last year, we explored moving someplace with fewer stairs and maintenance, but decided just to slide downstairs, with our daughter, son-in-law and granddaughter moving upstairs. \\nI look forward to being part of a new community.\", \"City State Zip\": \"Boston, MA. 02118\", \"Display name\": \"Ann Hershfang\", \"Member Since\": \"Fall 2013\", \"Email\": \"annhershfang@gmail.com\"}", "Phone": "+1 (617) 267-9770", "Last Name": "Hershfang", "Photo": "", "Address": "64 W. Rutland Square", "Current Status": "New", "First Name": "Ann", "Bio Information": "Raised in Washington D.C., Ann migrated up and down the East Coast, working for the National Geographic Society, little Golden Books, Houghton Mifflin, and Head Start and, always, in politics\u2014through which she met Herb.  In 1965, they bought a boarded 6-floor house in Boston\u2019s South End at auction on its front steps and set to work to make it livable and learn about our new neighborhood. \nIn 1969, we learned that a four-lane highway was planned \u00bd block down at the end of our street, replacing Boston\u00e0 Washington (Amtrak) train service and causing devastation along the way.  With neighbors and regional anti-highway activists, Ann became an advocate and organizer, which led to a 40-year career in MA transportation, beginning with her appointment to the Massport board (1974), then as Undersecretary of Transportation, and ending with 10 years on the Masspike board. In 1990, she co-founded WalkBoston.  I continue to be involved (without job pressure) in State transportation issues, either from the outside, advocating with WalkBoston for pedestrian-friendly streetscape designs, or the inside because our Governor appointed me to chair an Oversight Council for a $3 billion program to repair 200 bridges statewide.  Such fun it all has been.\nAnn and Herb have 2 splendid daughters, Rachel and Jenny (both lawyers).Ann continues to be involved in neighborhood issues--streets, gardening, the park across the street, the local library, as an Inspector at our polling place, etc.  She especially delights in the daily interactions of our neighborhood.  Currently, we meet in a local caf\u00e9 every Tuesday at 10am with a group of long-time and new South Enders\u2014geezers\u2014to talk for an hour.   Last year, we explored moving someplace with fewer stairs and maintenance, but decided just to slide downstairs, with our daughter, son-in-law and granddaughter moving upstairs. \nI look forward to being part of a new community.", "City State Zip": "Boston, MA. 02118", "Display name": "Ann Hershfang", "Member Since": "Fall 2013", "Email": "annhershfang@gmail.com"}
