{"SafeDict": "{\"Phone\": \"\", \"Last Name\": \"Serrell Jones\", \"Photo\": \"\", \"Address\": \"\", \"Current Status\": \"2012\", \"First Name\": \"Anne\", \"Bio Information\": \"I spent my early growing-up years living in England and attending British schools.  My college degree was in Biology; my first job a lab technician at M.I.T.   After a Masters degree in Science Education from the University of Pennsylvania I taught Biology in the Lexington school system. After a 2nd Masters\\u2019 degree in Technology Education I spent the final 10 years of my career as Head of Technology Integration in Newton at a middle school.\\nI enjoy a wide range of concert performances from chamber music to jazz as well as operas in New York City. Lectures, plays and other events are equally enjoyable.  Gardening and garden design are a life-long interest.  I also like learning about the natural world and am a keen but not serious birder.  In retirement I have been both a docent at The Arnold Arboretum and The New England Wildflower Society.  I study French and Italian when I can, like to travel and spend summers at the Cape with a bike, kayak, company and a good book.\", \"City State Zip\": \"\", \"Display name\": \"Anne Serrell Jones\", \"Member Since\": \"2012\", \"Email\": \"aserrelljones@gmail.com\"}", "Phone": "", "Last Name": "Serrell Jones", "Photo": "", "Address": "", "Current Status": "2012", "First Name": "Anne", "Bio Information": "I spent my early growing-up years living in England and attending British schools.  My college degree was in Biology; my first job a lab technician at M.I.T.   After a Masters degree in Science Education from the University of Pennsylvania I taught Biology in the Lexington school system. After a 2nd Masters\u2019 degree in Technology Education I spent the final 10 years of my career as Head of Technology Integration in Newton at a middle school.\nI enjoy a wide range of concert performances from chamber music to jazz as well as operas in New York City. Lectures, plays and other events are equally enjoyable.  Gardening and garden design are a life-long interest.  I also like learning about the natural world and am a keen but not serious birder.  In retirement I have been both a docent at The Arnold Arboretum and The New England Wildflower Society.  I study French and Italian when I can, like to travel and spend summers at the Cape with a bike, kayak, company and a good book.", "City State Zip": "", "Display name": "Anne Serrell Jones", "Member Since": "2012", "Email": "aserrelljones@gmail.com"}
