{"SafeDict": "{\"Phone\": \"617-876-7085\", \"Last Name\": \"Pardo\", \"Photo\": \"\", \"Address\": \"985 Memorial Drive, #103\", \"Current Status\": \"2002\", \"First Name\": \"Anne\", \"Bio Information\": \"Anne was born in Boston and educated in the Lexington public schools, and then at Mount Holyoke College, where she majored in modern European history. Marrying shortly after graduation and being essentially pragmatic, she studied for a master\\u2019s degree in library science, a profession she was certain would prove useful. Anne worked as a librarian at Columbia University until her husband accepted a position in Nigeria. With her library science training, she secured a position at the National Library of Nigeria under a Ford Foundation grant. This exposure to a whole new world of history, that is pre-Colonial, led to study for a PhD in African history on her return to the US.\\n\\nWith an interest in Bolivia and Brazil, she continued studies in pre-Colonial history. Anne pursued her library work as a volunteer when the children were younger and later as a librarian at Simmons College for ten years.\\n\\nShe continues to be interested in history, exploring through travel and reading, and also enjoys weaving and her grandchildren.\", \"City State Zip\": \"Cambridge MA 02138\", \"Display name\": \"Anne Pardo\", \"Member Since\": \"2002\", \"Email\": \"pardoaf@comcast.net\"}", "Phone": "617-876-7085", "Last Name": "Pardo", "Photo": "", "Address": "985 Memorial Drive, #103", "Current Status": "2002", "First Name": "Anne", "Bio Information": "Anne was born in Boston and educated in the Lexington public schools, and then at Mount Holyoke College, where she majored in modern European history. Marrying shortly after graduation and being essentially pragmatic, she studied for a master\u2019s degree in library science, a profession she was certain would prove useful. Anne worked as a librarian at Columbia University until her husband accepted a position in Nigeria. With her library science training, she secured a position at the National Library of Nigeria under a Ford Foundation grant. This exposure to a whole new world of history, that is pre-Colonial, led to study for a PhD in African history on her return to the US.\n\nWith an interest in Bolivia and Brazil, she continued studies in pre-Colonial history. Anne pursued her library work as a volunteer when the children were younger and later as a librarian at Simmons College for ten years.\n\nShe continues to be interested in history, exploring through travel and reading, and also enjoys weaving and her grandchildren.", "City State Zip": "Cambridge MA 02138", "Display name": "Anne Pardo", "Member Since": "2002", "Email": "pardoaf@comcast.net"}
