{"SafeDict": "{\"Phone\": \"(781) 862-7518\", \"Last Name\": \"Davies\", \"Photo\": \"\", \"Address\": \"(781) 862-7518\", \"Current Status\": \"(781) 862-7518\", \"First Name\": \"Anne\", \"Bio Information\": \"Born and raised in Connecticut, Anne came to the Boston area to attend Radcliffe College and has lived here since, except for a four-year stint in Philadelphia in the late 1950s. After college, she worked for various publishing companies, which was what English majors did in those days. In the mid-1960s she attended the Simmons College School of Library Science and worked primarily in law libraries, and later at the Harvard Graduate School of Education. She was deeply involved in the conversion of the university library system from hand-filed cards to computer-based information retrieval. Though a necessary and inevitable advance, it persuaded Anne that it was time to change fields.\\n\\nShe switched into fundraising, first as a prospect researcher and then as a development writer with her own consulting business. Anne has traveled extensively and hopes her days on the road are not over.\\n\\nShe enjoys biking and swimming, is an avid Scrabble player, crossword puzzle buff, and permanently intermediate tennis player. She takes particular pleasure in writing satiric political verse. Anne lives in Lexington where her husband is an architect. They have two children and two grandchildren whose only flaw is that they live too far away for easy visiting.\", \"City State Zip\": \"(781) 862-7518\", \"Display name\": \"Anne Davies\", \"Member Since\": \"(781) 862-7518\", \"Email\": \"anne_davies@verizon.net\"}", "Phone": "(781) 862-7518", "Last Name": "Davies", "Photo": "", "Address": "(781) 862-7518", "Current Status": "(781) 862-7518", "First Name": "Anne", "Bio Information": "Born and raised in Connecticut, Anne came to the Boston area to attend Radcliffe College and has lived here since, except for a four-year stint in Philadelphia in the late 1950s. After college, she worked for various publishing companies, which was what English majors did in those days. In the mid-1960s she attended the Simmons College School of Library Science and worked primarily in law libraries, and later at the Harvard Graduate School of Education. She was deeply involved in the conversion of the university library system from hand-filed cards to computer-based information retrieval. Though a necessary and inevitable advance, it persuaded Anne that it was time to change fields.\n\nShe switched into fundraising, first as a prospect researcher and then as a development writer with her own consulting business. Anne has traveled extensively and hopes her days on the road are not over.\n\nShe enjoys biking and swimming, is an avid Scrabble player, crossword puzzle buff, and permanently intermediate tennis player. She takes particular pleasure in writing satiric political verse. Anne lives in Lexington where her husband is an architect. They have two children and two grandchildren whose only flaw is that they live too far away for easy visiting.", "City State Zip": "(781) 862-7518", "Display name": "Anne Davies", "Member Since": "(781) 862-7518", "Email": "anne_davies@verizon.net"}
