{"SafeDict": "{\"Phone\": \"(617) 868-5787\", \"Last Name\": \"Dane\", \"Photo\": \"\", \"Address\": \"361 Harvard St. #12\", \"Current Status\": \"New\", \"First Name\": \"Anne\", \"Bio Information\": \"Anne was raised in Connecticut and went to boarding school, where she spent a lot of time on the carpet in the headmaster\\u2019s office, explaining herself. She also fell in love with history of art there, and majored in it at college. She has an ABD (all but dissertation) in Art history and an MAT in Latin. She taught Junior High and High School Latin for seven years, and then worked in second hand and antiquarian bookstores. She still does book appraisals, and collects Thomas Bewick.\\n  In addition to travel, museums, Italian food, silly English comedy, Victorian novels, and old dogs, she loves country music and Liberal American values. One of her favorite memories is a summer walking through Greece with a friend, drawing everything that would sit still. She\\u2019s written an article on Hell in the twelfth century and one on a nineteenth-century sailor\\u2019s diary, and an unpublished murder mystery.\\n  Her three children and five grandchildren live in New England, and  each one is the apple of her eye. She passes down Irish, English, and Portuguese genes. When she can she takes a grandchild or two to London to meet the English cousins.  Due to a complicated and fascinating (to her) story she can\\u2019t find any Irish ones.\\n  Anne lives in Mid-Cambridge. She\\u2019s on the Vestry at her church in Central Square, where she volunteers in the food pantry and community meals, but she still maintains that she\\u2019s an agnostic. She has taken several Harvard Extension courses, and can\\u2019t wait to start at HILR.\", \"City State Zip\": \"Cambridge, MA. 02138\", \"Display name\": \"Anne Dane\", \"Member Since\": \"Fall 2013\", \"Email\": \"salusvictis@yahoo.com\"}", "Phone": "(617) 868-5787", "Last Name": "Dane", "Photo": "", "Address": "361 Harvard St. #12", "Current Status": "New", "First Name": "Anne", "Bio Information": "Anne was raised in Connecticut and went to boarding school, where she spent a lot of time on the carpet in the headmaster\u2019s office, explaining herself. She also fell in love with history of art there, and majored in it at college. She has an ABD (all but dissertation) in Art history and an MAT in Latin. She taught Junior High and High School Latin for seven years, and then worked in second hand and antiquarian bookstores. She still does book appraisals, and collects Thomas Bewick.\n  In addition to travel, museums, Italian food, silly English comedy, Victorian novels, and old dogs, she loves country music and Liberal American values. One of her favorite memories is a summer walking through Greece with a friend, drawing everything that would sit still. She\u2019s written an article on Hell in the twelfth century and one on a nineteenth-century sailor\u2019s diary, and an unpublished murder mystery.\n  Her three children and five grandchildren live in New England, and  each one is the apple of her eye. She passes down Irish, English, and Portuguese genes. When she can she takes a grandchild or two to London to meet the English cousins.  Due to a complicated and fascinating (to her) story she can\u2019t find any Irish ones.\n  Anne lives in Mid-Cambridge. She\u2019s on the Vestry at her church in Central Square, where she volunteers in the food pantry and community meals, but she still maintains that she\u2019s an agnostic. She has taken several Harvard Extension courses, and can\u2019t wait to start at HILR.", "City State Zip": "Cambridge, MA. 02138", "Display name": "Anne Dane", "Member Since": "Fall 2013", "Email": "salusvictis@yahoo.com"}
