{"SafeDict": "{\"Phone\": \"781-562-0729\", \"Last Name\": \"Pirrera\", \"Photo\": \"\", \"Address\": \"2107 Davenport Ave.\", \"Current Status\": \"2000\", \"First Name\": \"Anne\", \"Bio Information\": \"Anne lives in Canton.  Her son Ted and daughter-in-law Sarah, the parents of daughter Rachel and son Christopher, live in Canton. She is interested in philosophy, literature, music, art and photography.  She has been an HILR member since 2000 and has enjoyed the stimulating environment and especially the terrific members here.\\nA lifelong liberal Democrat, Anne is a political junkie. \", \"City State Zip\": \"Canton\", \"Display name\": \"Anne Pirrera\", \"Member Since\": \"2000\", \"Email\": \"apirrera@comcast.net\"}", "Phone": "781-562-0729", "Last Name": "Pirrera", "Photo": "", "Address": "2107 Davenport Ave.", "Current Status": "2000", "First Name": "Anne", "Bio Information": "Anne lives in Canton.  Her son Ted and daughter-in-law Sarah, the parents of daughter Rachel and son Christopher, live in Canton. She is interested in philosophy, literature, music, art and photography.  She has been an HILR member since 2000 and has enjoyed the stimulating environment and especially the terrific members here.\nA lifelong liberal Democrat, Anne is a political junkie. ", "City State Zip": "Canton", "Display name": "Anne Pirrera", "Member Since": "2000", "Email": "apirrera@comcast.net"}
