{"SafeDict": "{\"Phone\": \"(617) 744-5478\", \"Last Name\": \"Scott\", \"Photo\": \"\", \"Address\": \"51 Whitney St.\", \"Current Status\": \"New\", \"First Name\": \"Anne\", \"Bio Information\": \"Anne has been a professor at Cambridge College, Cambridge, MA, for 22 years. In teaching various forms of writing: academic writing, creative writing, and some literature courses, she takes great satisfaction in employing a deep, life-long (almost) interest in the writing process. Her students are working adults, most with families, who have returned to college with the determination to make their lives, and the lives of their children, better through education. Anne uses her own experience of returning to college in her mid-thirties, with a family to care for, to create a welcoming class environment, and reduce the mystique of writing in general, and in academic writing specifically.\\nAfter graduating from UMASS Boston with a B.A. in English, and a minor in Psychology in 1980, Anne completed her Master\\u2019s in English Literature the following year. Having been awarded a Danforth Fellowship to support graduate school, she attended Harvard\\u2019s Graduate School of Education. There, she encountered Robert Kegan\\u2019s theoretical framework: Constructive-Developmental Psychology. The theory offers a perspective on adult development that Anne sees as inviting ways of understanding and implementing the teaching of writing. These are connections that she continues to explore with every classroom experience.\\nAnne has six children, all married, and twelve grand-children. She thinks there ought to be a special clause in some parent-child contract that says \\u201cYou promise to live within a 2-hour drive from your mother.\\u201d Her children are scattered in four different directions: much further than two hours away. Raising the children, largely on her own, Anne has a profound appreciation for how much she learned from watching them grow. She realizes that they were her first \\u201claboratory\\u201d in understanding how people learn, and asking: what helps and what hinders? Her grandchildren range from 19 months to 23 years old, and thanks to technology, she is still, joyfully, watching them all grow.\", \"City State Zip\": \"Watertown, MA, 02472\", \"Display name\": \"Anne Scott\", \"Member Since\": \"Spring 2014\", \"Email\": \"anne.scott@cambridgecollege.edu\"}", "Phone": "(617) 744-5478", "Last Name": "Scott", "Photo": "", "Address": "51 Whitney St.", "Current Status": "New", "First Name": "Anne", "Bio Information": "Anne has been a professor at Cambridge College, Cambridge, MA, for 22 years. In teaching various forms of writing: academic writing, creative writing, and some literature courses, she takes great satisfaction in employing a deep, life-long (almost) interest in the writing process. Her students are working adults, most with families, who have returned to college with the determination to make their lives, and the lives of their children, better through education. Anne uses her own experience of returning to college in her mid-thirties, with a family to care for, to create a welcoming class environment, and reduce the mystique of writing in general, and in academic writing specifically.\nAfter graduating from UMASS Boston with a B.A. in English, and a minor in Psychology in 1980, Anne completed her Master\u2019s in English Literature the following year. Having been awarded a Danforth Fellowship to support graduate school, she attended Harvard\u2019s Graduate School of Education. There, she encountered Robert Kegan\u2019s theoretical framework: Constructive-Developmental Psychology. The theory offers a perspective on adult development that Anne sees as inviting ways of understanding and implementing the teaching of writing. These are connections that she continues to explore with every classroom experience.\nAnne has six children, all married, and twelve grand-children. She thinks there ought to be a special clause in some parent-child contract that says \u201cYou promise to live within a 2-hour drive from your mother.\u201d Her children are scattered in four different directions: much further than two hours away. Raising the children, largely on her own, Anne has a profound appreciation for how much she learned from watching them grow. She realizes that they were her first \u201claboratory\u201d in understanding how people learn, and asking: what helps and what hinders? Her grandchildren range from 19 months to 23 years old, and thanks to technology, she is still, joyfully, watching them all grow.", "City State Zip": "Watertown, MA, 02472", "Display name": "Anne Scott", "Member Since": "Spring 2014", "Email": "anne.scott@cambridgecollege.edu"}
