{"SafeDict": "{\"Phone\": \"617-484-4251\", \"Last Name\": \"Goldenberg\", \"Photo\": \"\", \"Address\": \"36 Stearns Road\", \"Current Status\": \"Active Member\", \"First Name\": \"Anne\", \"Bio Information\": \"Anne Covino Goldenberg of Belmont, a former teacher, graduated from Boston University with a B.A. degree. She later obtained an M.S.W. from the B.U. School of Social Work, with a major in Community Organization and spent 21 years in the field of information and referral at the United Way.  There she founded the Special Fund for Emergency Financial Asistance to meet basic needs.\", \"City State Zip\": \"Belmont, MA 02478\", \"Display name\": \"Anne Goldenberg\", \"Member Since\": \"1991\", \"Email\": \"acovinog@verizon.net\"}", "Phone": "617-484-4251", "Last Name": "Goldenberg", "Photo": "", "Address": "36 Stearns Road", "Current Status": "Active Member", "First Name": "Anne", "Bio Information": "Anne Covino Goldenberg of Belmont, a former teacher, graduated from Boston University with a B.A. degree. She later obtained an M.S.W. from the B.U. School of Social Work, with a major in Community Organization and spent 21 years in the field of information and referral at the United Way.  There she founded the Special Fund for Emergency Financial Asistance to meet basic needs.", "City State Zip": "Belmont, MA 02478", "Display name": "Anne Goldenberg", "Member Since": "1991", "Email": "acovinog@verizon.net"}
