{"SafeDict": "{\"Phone\": \"\", \"Last Name\": \"McDonald\", \"Photo\": \"\", \"Address\": \"\", \"Current Status\": \"2006\", \"First Name\": \"Anne\", \"Bio Information\": \"Anne McDonald was born and raised in Dorchester, attended a Catholic high school in Roxbury, married and had six children. As her youngest child entered college, she obtained an MBA degree at Simmons Graduate School of Management and became a management consultant with Arthur Young. She later enjoyed a two-year stint as a budget analyst with the Peace Corps.\\n\\nAnne loves poetry and recently attempted to write it. Several of her poems were published in the Harvard Summer Review, and she looks forward to further creative efforts at HILR. Delighted with the prospect of so many wonderful learning opportunities, Anne is especially interested in current events and globalization.\", \"City State Zip\": \"\", \"Display name\": \"Anne McDonald\", \"Member Since\": \"2006\", \"Email\": \"mcdonald44@comcast.net\"}", "Phone": "", "Last Name": "McDonald", "Photo": "", "Address": "", "Current Status": "2006", "First Name": "Anne", "Bio Information": "Anne McDonald was born and raised in Dorchester, attended a Catholic high school in Roxbury, married and had six children. As her youngest child entered college, she obtained an MBA degree at Simmons Graduate School of Management and became a management consultant with Arthur Young. She later enjoyed a two-year stint as a budget analyst with the Peace Corps.\n\nAnne loves poetry and recently attempted to write it. Several of her poems were published in the Harvard Summer Review, and she looks forward to further creative efforts at HILR. Delighted with the prospect of so many wonderful learning opportunities, Anne is especially interested in current events and globalization.", "City State Zip": "", "Display name": "Anne McDonald", "Member Since": "2006", "Email": "mcdonald44@comcast.net"}
