{"SafeDict": "{\"Phone\": \"617-337-0103\", \"Last Name\": \"Keohane\", \"Photo\": \"\", \"Address\": \"42 8th St #2503\", \"Current Status\": \"Active Member\", \"First Name\": \"Anne\", \"Bio Information\": \"I am a retired Nurse Practitioner who worked in Boston until 1998. My husband, Dan, and I have 4 children 3 of whom are adopted and 6 grandchildren. Our 10 year old grand daughter, Emerson,  has michondrial disease.  She cannot walk or talk and has a feeding tube.  We babysat for her 20 hours a week until she started school at the Boutwell School in Wilmington 6/08.  We are presently babysitting for 2 of our grandchildren:  Victoria 6 yrs. and her brother, Jake, 5 yrs.\\n\\nDan and I live in the Charlestown Navy Yard.  My hobbies are sewing and reading.   We go to Florida for 6 weeks after Christmas - Orlando.\\nI was diagnosed with Evan's Syndrome July 2011 and subsequently spent 2 weeks in the ICU in Florida and 1 week in the ICU in Boston.  I am Immunosupressed and wear a mask out side of my home so that I won't pick up any germs.\", \"City State Zip\": \"Charlestown, MA 02129\", \"Display name\": \"Anne Keohane\", \"Member Since\": \"2000\", \"Email\": \"aikeohane71@comcast.net\"}", "Phone": "617-337-0103", "Last Name": "Keohane", "Photo": "", "Address": "42 8th St #2503", "Current Status": "Active Member", "First Name": "Anne", "Bio Information": "I am a retired Nurse Practitioner who worked in Boston until 1998. My husband, Dan, and I have 4 children 3 of whom are adopted and 6 grandchildren. Our 10 year old grand daughter, Emerson,  has michondrial disease.  She cannot walk or talk and has a feeding tube.  We babysat for her 20 hours a week until she started school at the Boutwell School in Wilmington 6/08.  We are presently babysitting for 2 of our grandchildren:  Victoria 6 yrs. and her brother, Jake, 5 yrs.\n\nDan and I live in the Charlestown Navy Yard.  My hobbies are sewing and reading.   We go to Florida for 6 weeks after Christmas - Orlando.\nI was diagnosed with Evan's Syndrome July 2011 and subsequently spent 2 weeks in the ICU in Florida and 1 week in the ICU in Boston.  I am Immunosupressed and wear a mask out side of my home so that I won't pick up any germs.", "City State Zip": "Charlestown, MA 02129", "Display name": "Anne Keohane", "Member Since": "2000", "Email": "aikeohane71@comcast.net"}
