{"SafeDict": "{\"Phone\": \"781-316-0372\", \"Last Name\": \"Geoghegan\", \"Photo\": \"\", \"Address\": \"215 Massachusetts Ave #52\", \"Current Status\": \"New Member\", \"First Name\": \"Annie\", \"Bio Information\": \"Born in France after WWII, Annie Poignant-Geoghegan grew up in a family of teachers.  She was educated in French schools and graduated from the lycee with honors, after which she came to the US for a year with a scholarship from the American Field Service.    \\nBack in France, she studied at l\\u2019Ecole Normale Sup\\u00e9rieure in Paris, and earned a Maitrise (Master\\u2019s degree) in English and American Literature.  Following her dream, she came back to the US and taught at Duke University where she got married to a classical musician. \\nAfter going back to France for a year to give birth to her son, she returned to the US and settled in the Boston area.   She pursued a career teaching in university (Tufts, MIT, Harvard, Boston University and University of Connecticut).    She also earned another graduate degree in International Relations and Development at the Fletcher School of Law and Diplomacy.  Then she spent a year in Madagascar with the School for International Training, before continuing her graduate studies at Boston University.\\nAn avid traveler with an interest in art and history, she has visited many countries in Asia (India, China, Japan, Thailand, Indonesia), in Central Asia (Uzbekistan), in the Middle East Turkey), as well as in Latin America (Mexico, Dominican Republic, Peru, Costa-Rica).\\nThroughout those years, she pursued her artistic interests in sculpture and printing (monotypes and engravings) as well as in photography. \\nShe looks forward to cultivating her many interests in fields other than her professional specialties, and expanding her horizons together with people of similar tastes. \", \"City State Zip\": \"Arlington, MA. 02474\", \"Display name\": \"Annie Geoghegan\", \"Member Since\": \"Spring 2015\", \"Email\": \"ageogheg@gmail.com\"}", "Phone": "781-316-0372", "Last Name": "Geoghegan", "Photo": "", "Address": "215 Massachusetts Ave #52", "Current Status": "New Member", "First Name": "Annie", "Bio Information": "Born in France after WWII, Annie Poignant-Geoghegan grew up in a family of teachers.  She was educated in French schools and graduated from the lycee with honors, after which she came to the US for a year with a scholarship from the American Field Service.    \nBack in France, she studied at l\u2019Ecole Normale Sup\u00e9rieure in Paris, and earned a Maitrise (Master\u2019s degree) in English and American Literature.  Following her dream, she came back to the US and taught at Duke University where she got married to a classical musician. \nAfter going back to France for a year to give birth to her son, she returned to the US and settled in the Boston area.   She pursued a career teaching in university (Tufts, MIT, Harvard, Boston University and University of Connecticut).    She also earned another graduate degree in International Relations and Development at the Fletcher School of Law and Diplomacy.  Then she spent a year in Madagascar with the School for International Training, before continuing her graduate studies at Boston University.\nAn avid traveler with an interest in art and history, she has visited many countries in Asia (India, China, Japan, Thailand, Indonesia), in Central Asia (Uzbekistan), in the Middle East Turkey), as well as in Latin America (Mexico, Dominican Republic, Peru, Costa-Rica).\nThroughout those years, she pursued her artistic interests in sculpture and printing (monotypes and engravings) as well as in photography. \nShe looks forward to cultivating her many interests in fields other than her professional specialties, and expanding her horizons together with people of similar tastes. ", "City State Zip": "Arlington, MA. 02474", "Display name": "Annie Geoghegan", "Member Since": "Spring 2015", "Email": "ageogheg@gmail.com"}
