{"SafeDict": "{\"Phone\": \"(781) 235-0735\", \"Last Name\": \"Mansfield\", \"Photo\": \"\", \"Address\": \"59 Emerson Rd\", \"Current Status\": \"2015\", \"First Name\": \"Annick\", \"Bio Information\": \"I grew up in Lexington, MA, graduated from Lexington High School, and spent a year with a family in Zurich through the American Field Service before attending Radcliffe College.  At Radcliffe, I majored in Biochemical Sciences because of a wonderful experimental course on genetics I had in high school.  I gravitated toward neuroscience and then cognitive development as I realized I was more interested in the programs behind our thinking than in the hardware through which it is done.\\n\\nAt Radcliffe, I met my husband, Doug (also a member of HILR), who was a year ahead of me at Harvard. We were married right after I finished college and we moved to New York City together for graduate school.\\n\\nI received my PhD from Columbia University in Experimental Psychology and landed my first job teaching Developmental and Cognitive Psychology at New York University.  NYU promoted me to Associate Professor, but did not grant me tenure.  Meanwhile, Doug received his law degree from Columbia Law School, worked at a Wall Street firm, and then served as an Assistant US Attorney in the Eastern District of New York.\\n\\nWe moved back to the Boston Area, and I was hired by the Wellesley College Psychology Department as an Adjunct Associate Professor.  I continued to teach there part-time for twenty years, while also conducting longitudinal studies of epistemological development from preschool through middle school and over the college years.\\n\\nI then joined Wellesley\\u2019s Office of Institutional Research full-time as a research analyst.  I worked in OIR for the next fifteen years until my retirement.  When I first moved from teaching with research on the side to solely research, I missed teaching, but that faded.  I loved having a job in which I interacted with people at all levels across the college and in which I could find and follow patterns in data that might enable the College to improve.\\n\\nOur two sons are now in their 30\\u2019s and married.  Greg is a lawyer with The Hartford insurance company and Rick is an Assistant Professor of Economics at Cornell University.\\n\\nNow that I have retired, I\\u2019m looking forward to reading, learning, traveling, visiting with our two grandchildren (and more to come, I hope), and getting back to exercise, tango, tennis, and skiing.\", \"City State Zip\": \"Wellesley, MA 02481\", \"Display name\": \"Annick Mansfield\", \"Member Since\": \"2015\", \"Email\": \"amansfie@wellesley.edu\"}", "Phone": "(781) 235-0735", "Last Name": "Mansfield", "Photo": "", "Address": "59 Emerson Rd", "Current Status": "2015", "First Name": "Annick", "Bio Information": "I grew up in Lexington, MA, graduated from Lexington High School, and spent a year with a family in Zurich through the American Field Service before attending Radcliffe College.  At Radcliffe, I majored in Biochemical Sciences because of a wonderful experimental course on genetics I had in high school.  I gravitated toward neuroscience and then cognitive development as I realized I was more interested in the programs behind our thinking than in the hardware through which it is done.\n\nAt Radcliffe, I met my husband, Doug (also a member of HILR), who was a year ahead of me at Harvard. We were married right after I finished college and we moved to New York City together for graduate school.\n\nI received my PhD from Columbia University in Experimental Psychology and landed my first job teaching Developmental and Cognitive Psychology at New York University.  NYU promoted me to Associate Professor, but did not grant me tenure.  Meanwhile, Doug received his law degree from Columbia Law School, worked at a Wall Street firm, and then served as an Assistant US Attorney in the Eastern District of New York.\n\nWe moved back to the Boston Area, and I was hired by the Wellesley College Psychology Department as an Adjunct Associate Professor.  I continued to teach there part-time for twenty years, while also conducting longitudinal studies of epistemological development from preschool through middle school and over the college years.\n\nI then joined Wellesley\u2019s Office of Institutional Research full-time as a research analyst.  I worked in OIR for the next fifteen years until my retirement.  When I first moved from teaching with research on the side to solely research, I missed teaching, but that faded.  I loved having a job in which I interacted with people at all levels across the college and in which I could find and follow patterns in data that might enable the College to improve.\n\nOur two sons are now in their 30\u2019s and married.  Greg is a lawyer with The Hartford insurance company and Rick is an Assistant Professor of Economics at Cornell University.\n\nNow that I have retired, I\u2019m looking forward to reading, learning, traveling, visiting with our two grandchildren (and more to come, I hope), and getting back to exercise, tango, tennis, and skiing.", "City State Zip": "Wellesley, MA 02481", "Display name": "Annick Mansfield", "Member Since": "2015", "Email": "amansfie@wellesley.edu"}
