{"SafeDict": "{\"Phone\": \"\", \"Last Name\": \"Lakis\", \"Photo\": \"\", \"Address\": \"\", \"Current Status\": \"Active Member\", \"First Name\": \"Antonia\", \"Bio Information\": \"Antonia was born and raised in Cambridge by parents who were Greek immigrants. She attended Cambridge public schools and knew from an early age that she would be a social worker. She attended Simmons College during the World War II years and received an MSW from Simmons School of Social Work.\\n\\nAfter the war Toni went to Greece to search out her roots and to meet a large extended family in the Peloponnesus. Later, after her marriage, she returned to Greece with her husband to search his roots on Crete and found another exciting extended family. For more than 30 years Toni worked as a social worker in most of the well-known Boston hospitals and as a consultant in a retirement home for women.\\n\\nSince she is bilingual, she became involved in the Greek immigrant community, dealing with family, health, and children\\u2019s learning disability issues. She also worked in a real estate office in Brookline where she got a taste of the business world and profit motive. Toni remains an active alumna of all her schools and recently spearheaded a first reunion of the class of 1940 of Cambridge High and Latin, where she has also been a tutor in the volunteer ESL program.\\n\\nShe enjoys close ties with family, friends, and church community. She loves yoga classes and walks along the river. Toni is excited about coming to HILR to round out her continuing education and to get new ideas for the remainder of life\\u2019s journey.\", \"City State Zip\": \"\", \"Display name\": \"Antonia Lakis\", \"Member Since\": \"2003\", \"Email\": \"tonisl@verizon.net\"}", "Phone": "", "Last Name": "Lakis", "Photo": "", "Address": "", "Current Status": "Active Member", "First Name": "Antonia", "Bio Information": "Antonia was born and raised in Cambridge by parents who were Greek immigrants. She attended Cambridge public schools and knew from an early age that she would be a social worker. She attended Simmons College during the World War II years and received an MSW from Simmons School of Social Work.\n\nAfter the war Toni went to Greece to search out her roots and to meet a large extended family in the Peloponnesus. Later, after her marriage, she returned to Greece with her husband to search his roots on Crete and found another exciting extended family. For more than 30 years Toni worked as a social worker in most of the well-known Boston hospitals and as a consultant in a retirement home for women.\n\nSince she is bilingual, she became involved in the Greek immigrant community, dealing with family, health, and children\u2019s learning disability issues. She also worked in a real estate office in Brookline where she got a taste of the business world and profit motive. Toni remains an active alumna of all her schools and recently spearheaded a first reunion of the class of 1940 of Cambridge High and Latin, where she has also been a tutor in the volunteer ESL program.\n\nShe enjoys close ties with family, friends, and church community. She loves yoga classes and walks along the river. Toni is excited about coming to HILR to round out her continuing education and to get new ideas for the remainder of life\u2019s journey.", "City State Zip": "", "Display name": "Antonia Lakis", "Member Since": "2003", "Email": "tonisl@verizon.net"}
