{"SafeDict": "{\"Phone\": \"\", \"Last Name\": \"Woods\", \"Photo\": \"\", \"Address\": \"\", \"Current Status\": \"2007\", \"First Name\": \"Antonia\", \"Bio Information\": \"Antonia Woods was born and raised in Wisconsin, and gradually moved East, attending college in Ohio and graduate school at that \\u201cother university\\u201d in Connecticut. HILR is her first affiliation with Harvard.\\n\\nAntonia has master\\u2019s degrees in both history (Yale) and English (Mount Holyoke College), and recently retired from 38 years of high school teaching.\\n\\nShe devised and taught many interdisciplinary courses, including \\u201cFood and Culture\\u201d and \\u201cChanging American Attitudes Toward Death and Dying.\\u201d She has been awarded several National Endowment for the Humanities fellowships. Like Chaucer\\u2019s scholar, Antonia \\u201cdoth gladly teach, and gladly learn.\\u201d\\n\\nHer interests include music, dance, and theatre; swimming, hiking, and nature; reading, journaling, yoga, and Buddhist meditation. Antonia volunteers for the Appalachian Mountain Club, and for local Boston theater companies. She looks forward to both pursuing current interests, and learning new ones, at HILR.\", \"City State Zip\": \"\", \"Display name\": \"Antonia Woods\", \"Member Since\": \"2007\", \"Email\": \"awoods144@gmail.com\"}", "Phone": "", "Last Name": "Woods", "Photo": "", "Address": "", "Current Status": "2007", "First Name": "Antonia", "Bio Information": "Antonia Woods was born and raised in Wisconsin, and gradually moved East, attending college in Ohio and graduate school at that \u201cother university\u201d in Connecticut. HILR is her first affiliation with Harvard.\n\nAntonia has master\u2019s degrees in both history (Yale) and English (Mount Holyoke College), and recently retired from 38 years of high school teaching.\n\nShe devised and taught many interdisciplinary courses, including \u201cFood and Culture\u201d and \u201cChanging American Attitudes Toward Death and Dying.\u201d She has been awarded several National Endowment for the Humanities fellowships. Like Chaucer\u2019s scholar, Antonia \u201cdoth gladly teach, and gladly learn.\u201d\n\nHer interests include music, dance, and theatre; swimming, hiking, and nature; reading, journaling, yoga, and Buddhist meditation. Antonia volunteers for the Appalachian Mountain Club, and for local Boston theater companies. She looks forward to both pursuing current interests, and learning new ones, at HILR.", "City State Zip": "", "Display name": "Antonia Woods", "Member Since": "2007", "Email": "awoods144@gmail.com"}
