{"SafeDict": "{\"Phone\": \"(857) 250-4263\", \"Last Name\": \"Bhamla\", \"Photo\": \"\", \"Address\": \"107 Chestnut St, #4\", \"Current Status\": \"Active Member\", \"First Name\": \"Anwar\", \"Bio Information\": \"Anwar Bhamla was born and grew up in Bombay (now Mumbai). Enrolled in an English Catholic school, he developed a lifelong love of the English language. His eighth-grade teacher gave him the book \\u201cA Boy\\u2019s life of John F. Kennedy,\\u201c little knowing that it would inspire an obsession to go to the US. In 1972 he left India armed with a degree in Chemistry and admission to the MBA program at C.W. Post College.\\nAfter graduation, Anwar moved to Boston to become Controller of a small manufacturing company. Two years later when he decided to return to India, the HR manager convinced him to get a Green card \\u201cjust in case things did not work out\\u201d. He returned to the US and built a successful career in Finance. In 1992 at the end of a consulting stint with Pepsi, he decided to become an entrepreneur. He built and sold a small chain of video stores. Since then he has bought and sold a number of businesses including a couple of midsize hotels in Canada.\\nIn 1983, Anwar, living in Southern California, was introduced to Fareeda in Ottawa, Ontario. A courtship across such a distance and three time zones seemed impossible, so he married her. Almost 30 years later they are the proud parents of two bright and successful boys. She is devoted to her more than 20-year career as an MIS Director building electronic medical records at Massachusetts General Hospital.\\nAnwar has developed a great interest in micro finance and would like to help implement a pilot program in an inner city in the US. He loves to read, most recently history and astro physics. He enjoys traveling and plans to visit unknown parts of the world like Fiji, Uruguay, Ecuador and Burkina Faso. He plans to learn French and spend a year in Paris sailing on the Seine.\\n \", \"City State Zip\": \"Boston, MA 02108\", \"Display name\": \"Anwar Bhamla\", \"Member Since\": \"2012\", \"Email\": \"abhamla@yahoo.com\"}", "Phone": "(857) 250-4263", "Last Name": "Bhamla", "Photo": "", "Address": "107 Chestnut St, #4", "Current Status": "Active Member", "First Name": "Anwar", "Bio Information": "Anwar Bhamla was born and grew up in Bombay (now Mumbai). Enrolled in an English Catholic school, he developed a lifelong love of the English language. His eighth-grade teacher gave him the book \u201cA Boy\u2019s life of John F. Kennedy,\u201c little knowing that it would inspire an obsession to go to the US. In 1972 he left India armed with a degree in Chemistry and admission to the MBA program at C.W. Post College.\nAfter graduation, Anwar moved to Boston to become Controller of a small manufacturing company. Two years later when he decided to return to India, the HR manager convinced him to get a Green card \u201cjust in case things did not work out\u201d. He returned to the US and built a successful career in Finance. In 1992 at the end of a consulting stint with Pepsi, he decided to become an entrepreneur. He built and sold a small chain of video stores. Since then he has bought and sold a number of businesses including a couple of midsize hotels in Canada.\nIn 1983, Anwar, living in Southern California, was introduced to Fareeda in Ottawa, Ontario. A courtship across such a distance and three time zones seemed impossible, so he married her. Almost 30 years later they are the proud parents of two bright and successful boys. She is devoted to her more than 20-year career as an MIS Director building electronic medical records at Massachusetts General Hospital.\nAnwar has developed a great interest in micro finance and would like to help implement a pilot program in an inner city in the US. He loves to read, most recently history and astro physics. He enjoys traveling and plans to visit unknown parts of the world like Fiji, Uruguay, Ecuador and Burkina Faso. He plans to learn French and spend a year in Paris sailing on the Seine.\n ", "City State Zip": "Boston, MA 02108", "Display name": "Anwar Bhamla", "Member Since": "2012", "Email": "abhamla@yahoo.com"}
