{"SafeDict": "{\"Phone\": \"\", \"Last Name\": \"Clifton\", \"Photo\": \"\", \"Address\": \"\", \"Current Status\": \"\", \"First Name\": \"Ariadne\", \"Bio Information\": \"\", \"City State Zip\": \"\", \"Display name\": \"Ariadne Clifton\", \"Member Since\": \"\", \"Email\": \"ariadneclifton@hotmail.com\"}", "Phone": "", "Last Name": "Clifton", "Photo": "", "Address": "", "Current Status": "", "First Name": "Ariadne", "Bio Information": "", "City State Zip": "", "Display name": "Ariadne Clifton", "Member Since": "", "Email": "ariadneclifton@hotmail.com"}
