{"SafeDict": "{\"Phone\": \"\", \"Last Name\": \"Davis\", \"Photo\": \"\", \"Address\": \"\", \"Current Status\": \"\", \"First Name\": \"Arline\", \"Bio Information\": \"Scribo ergo de me demonstro; igitur de me notum habere. (I write, therefore I reveal myself; consequently, you get to know me.) Arline was an advanced placement student at the University of Chicago (after two years at Classical High School in Worcester), and graduated in three years. She worked in New York City as a writer on an art magazine and later studied studio drawing at the Worcester Art museum. She received an MS in Library Science from Simmons College.\\nWith a long-standing interest in how languages reveal culture and thought, Arline was able to combine a career as an academic librarian with working, studying, and travelling abroad. She studied in summer programs at the University of Grenoble and art and literature at Sophia University in Tokyo. As interim library director she worked at Pierce College in Greece and was a cataloguer for various collections at the Technion in Israel. After her library career at Northwestern, Brown, Harvard, and Garland, Arline was, for many years, assistant director at the Northeastern University Library.\\nAfter her library career, she \\\"went to pot,\\\" constructing clay sculptures at the Harvard Ceramics Program. With her husband she enjoys skiing, tennis, ice dancing, and extensive travel.\\nNEW ACTIVITIES: For the past few years I've been playing table tennis (singles) in regular and practice sessions at various clubs. I took up this wonderful sport, to which I am now fully dedicated, after a ski accident kept me from other sports for months. I'd like to find other HILR members who can dedicate regular playing time during weekdays somewhere on the Harvard campus or nearby.\\nNotable change:  My remarkable husband of long years of many adventures died in April 2011.\", \"City State Zip\": \"\", \"Display name\": \"Arline Davis\", \"Member Since\": \"\", \"Email\": \"off10@verizon.net\"}", "Phone": "", "Last Name": "Davis", "Photo": "", "Address": "", "Current Status": "", "First Name": "Arline", "Bio Information": "Scribo ergo de me demonstro; igitur de me notum habere. (I write, therefore I reveal myself; consequently, you get to know me.) Arline was an advanced placement student at the University of Chicago (after two years at Classical High School in Worcester), and graduated in three years. She worked in New York City as a writer on an art magazine and later studied studio drawing at the Worcester Art museum. She received an MS in Library Science from Simmons College.\nWith a long-standing interest in how languages reveal culture and thought, Arline was able to combine a career as an academic librarian with working, studying, and travelling abroad. She studied in summer programs at the University of Grenoble and art and literature at Sophia University in Tokyo. As interim library director she worked at Pierce College in Greece and was a cataloguer for various collections at the Technion in Israel. After her library career at Northwestern, Brown, Harvard, and Garland, Arline was, for many years, assistant director at the Northeastern University Library.\nAfter her library career, she \"went to pot,\" constructing clay sculptures at the Harvard Ceramics Program. With her husband she enjoys skiing, tennis, ice dancing, and extensive travel.\nNEW ACTIVITIES: For the past few years I've been playing table tennis (singles) in regular and practice sessions at various clubs. I took up this wonderful sport, to which I am now fully dedicated, after a ski accident kept me from other sports for months. I'd like to find other HILR members who can dedicate regular playing time during weekdays somewhere on the Harvard campus or nearby.\nNotable change:  My remarkable husband of long years of many adventures died in April 2011.", "City State Zip": "", "Display name": "Arline Davis", "Member Since": "", "Email": "off10@verizon.net"}
