{"SafeDict": "{\"Phone\": \"617.936.3642\", \"Last Name\": \"Messing\", \"Photo\": \"\", \"Address\": \"1 Charles St. South, 15H\", \"Current Status\": \"Boston, MA 02116\", \"First Name\": \"Arnold P.\", \"Bio Information\": \"Arnold grew up in New York City where he graduated from Bronx High School of Science and University College of New York University, majoring at in poltical science and English and writing his thesis on the political tracts of Samuel Johnson. He attended Yale Law School and, upon graduation, worked at the Pentagon for the General Counsel of the Air Force before joining Cravath, Swaine and Moore, a New York law firm, as an associate in its litigation department. He then moved to Boston as chair of the litigation practice at Csaplar & Bok, which later was merged into Gaston and Snow. As part of Csaplar & Bok's mandatory sabbatical program, Arnold  spent a year in London where he taught law, consulted for Rolls Royce Plc, and worked at Berwin Leighton, a firm of solicitors and in chambers. Subsequently, after a decade as a trial partner at Choate, Hall & Stewart, he retired. \\n He is a member of the Institutional Review Board of the Harvard School of Public Health,  the Community Ethics Committee of the Ethics Consortium of the Harvard University Affiliated Hospitals, Treasurer of Community Voices in Medical Ethics,  a member of the Continuing Care Committee of the Massachusetts General Hospital, and a board member of NYU's Law Alumni Mentoiring Program.\\nArnold has interests in international travel, literature and collecting modern art glass and pottery. His wife, Esther, is Assistant Director for Exchange Students of the Office for International Programs at Boston College. They live in Boston with their dog Paris, who is called Woody. Their son Noah teaches legal writing, arbitration, and related courses at Yale Law School,\", \"City State Zip\": \"Boston, MA 02116\", \"Display name\": \"arnold messing\", \"Member Since\": \"Boston, MA 02116\", \"Email\": \"messing1@comcast.net\"}", "Phone": "617.936.3642", "Last Name": "Messing", "Photo": "", "Address": "1 Charles St. South, 15H", "Current Status": "Boston, MA 02116", "First Name": "Arnold P.", "Bio Information": "Arnold grew up in New York City where he graduated from Bronx High School of Science and University College of New York University, majoring at in poltical science and English and writing his thesis on the political tracts of Samuel Johnson. He attended Yale Law School and, upon graduation, worked at the Pentagon for the General Counsel of the Air Force before joining Cravath, Swaine and Moore, a New York law firm, as an associate in its litigation department. He then moved to Boston as chair of the litigation practice at Csaplar & Bok, which later was merged into Gaston and Snow. As part of Csaplar & Bok's mandatory sabbatical program, Arnold  spent a year in London where he taught law, consulted for Rolls Royce Plc, and worked at Berwin Leighton, a firm of solicitors and in chambers. Subsequently, after a decade as a trial partner at Choate, Hall & Stewart, he retired. \n He is a member of the Institutional Review Board of the Harvard School of Public Health,  the Community Ethics Committee of the Ethics Consortium of the Harvard University Affiliated Hospitals, Treasurer of Community Voices in Medical Ethics,  a member of the Continuing Care Committee of the Massachusetts General Hospital, and a board member of NYU's Law Alumni Mentoiring Program.\nArnold has interests in international travel, literature and collecting modern art glass and pottery. His wife, Esther, is Assistant Director for Exchange Students of the Office for International Programs at Boston College. They live in Boston with their dog Paris, who is called Woody. Their son Noah teaches legal writing, arbitration, and related courses at Yale Law School,", "City State Zip": "Boston, MA 02116", "Display name": "arnold messing", "Member Since": "Boston, MA 02116", "Email": "messing1@comcast.net"}
