{"SafeDict": "{\"Phone\": \"\", \"Last Name\": \"Schutzberg\", \"Photo\": \"\", \"Address\": \"\", \"Current Status\": \"Former Member\", \"First Name\": \"Arnold\", \"Bio Information\": \"Former Member\", \"City State Zip\": \"\", \"Display name\": \"Arnold Schutzberg\", \"Member Since\": \"\", \"Email\": \"arnold.schutzberg@verizon.net\"}", "Phone": "", "Last Name": "Schutzberg", "Photo": "", "Address": "", "Current Status": "Former Member", "First Name": "Arnold", "Bio Information": "Former Member", "City State Zip": "", "Display name": "Arnold Schutzberg", "Member Since": "", "Email": "arnold.schutzberg@verizon.net"}
