{"SafeDict": "{\"Phone\": \"617-948-0509\", \"Last Name\": \"Vetstein\", \"Photo\": \"\", \"Address\": \"1 Huntington Avenue, #703\", \"Current Status\": \"1997\", \"First Name\": \"Arnold\", \"Bio Information\": \"Amold Vetstein lives in Newton with his wife, Leona. He was born and grew up in the Boston area. He attended Tufts College and graduated from Tufts Dental School in 194?. He spent the next four years in the Army, including an \\\"interesting\\\" tour of duty as battalion surgeon of an artillery battalion during the early years of the Korean War.\\n\\nHe returned to this area where he practiced restorative dentistry in Framingham. He taught at Tufts for 17 years as assistant clinical professor of prosthetic dentistry. Later he became involved in organized dentistry, eventually serving as President of the Mass. Dental Society. Arnold recently completed ten years on the Mass. Board of Registration Dentistry. He continues to served as a NERB (Northeast Regional Board ) examiner where he annually participates in licensing examinations.\\n\\nHis interests have included running, skiing, bicycling and boating.\", \"City State Zip\": \"Boston MA 02116-5751\", \"Display name\": \"Arnold Vetstein\", \"Member Since\": \"1997\", \"Email\": \"ricketynan@rcn.com\"}", "Phone": "617-948-0509", "Last Name": "Vetstein", "Photo": "", "Address": "1 Huntington Avenue, #703", "Current Status": "1997", "First Name": "Arnold", "Bio Information": "Amold Vetstein lives in Newton with his wife, Leona. He was born and grew up in the Boston area. He attended Tufts College and graduated from Tufts Dental School in 194?. He spent the next four years in the Army, including an \"interesting\" tour of duty as battalion surgeon of an artillery battalion during the early years of the Korean War.\n\nHe returned to this area where he practiced restorative dentistry in Framingham. He taught at Tufts for 17 years as assistant clinical professor of prosthetic dentistry. Later he became involved in organized dentistry, eventually serving as President of the Mass. Dental Society. Arnold recently completed ten years on the Mass. Board of Registration Dentistry. He continues to served as a NERB (Northeast Regional Board ) examiner where he annually participates in licensing examinations.\n\nHis interests have included running, skiing, bicycling and boating.", "City State Zip": "Boston MA 02116-5751", "Display name": "Arnold Vetstein", "Member Since": "1997", "Email": "ricketynan@rcn.com"}
