{"SafeDict": "{\"Phone\": \"617 547 6786\", \"Last Name\": \"Pardee\", \"Photo\": \"\", \"Address\": \"617 547 6786\", \"Current Status\": \"2007\", \"First Name\": \"Arthur\", \"Bio Information\": \"Arthur Pardee grew up in Berkeley, California attending public schools and the UC Berkeley, where he majored in Chemistry and was on the fencing and swimming teams. He then earned MS and PhD degrees at CalTech, but studies were interrupted by World War II service on chemical warfare and the atomic bomb. His post-doctoral study on cancer research was at the University of Wisconsin, followed by teaching and research on faculties of UC Berkeley, Princeton, and Harvard. He researched molecular mechanisms that regulate processes, such as enzyme activity and gene expression. During a sabbatical year in Paris he co-discovered repression that controls expression of genes. Later, in London he discovered the key event for controlling normal cell growth\\u2014defective in cancer\\u2014located just before genetic material (DNA) begins replication. Currently he is developing molecular methods for earlier cancer detection, and reading on diverse subjects that include intellectual history, social problems, and nature of the mind.\\n\\nArthur is a Professor Emeritus of Dana-Farber Cancer Institute and Harvard Medical School, where he continues to investigate molecular mechanisms. Currently co-editing and writing chapters for a book on cancer for non-scientists. His activities include tennis, cello, reading, collecting oriental art, concerts, and travel. He and his wife, Ann Goodman, an HILR member, live in Cambridge most of the year and enjoy summers in Woods Hole.\", \"City State Zip\": \"Cambridge, MA 02138\", \"Display name\": \"Arthur Pardee\", \"Member Since\": \"2007\", \"Email\": \"arthur_pardee@dfci.harvard.edu\"}", "Phone": "617 547 6786", "Last Name": "Pardee", "Photo": "", "Address": "617 547 6786", "Current Status": "2007", "First Name": "Arthur", "Bio Information": "Arthur Pardee grew up in Berkeley, California attending public schools and the UC Berkeley, where he majored in Chemistry and was on the fencing and swimming teams. He then earned MS and PhD degrees at CalTech, but studies were interrupted by World War II service on chemical warfare and the atomic bomb. His post-doctoral study on cancer research was at the University of Wisconsin, followed by teaching and research on faculties of UC Berkeley, Princeton, and Harvard. He researched molecular mechanisms that regulate processes, such as enzyme activity and gene expression. During a sabbatical year in Paris he co-discovered repression that controls expression of genes. Later, in London he discovered the key event for controlling normal cell growth\u2014defective in cancer\u2014located just before genetic material (DNA) begins replication. Currently he is developing molecular methods for earlier cancer detection, and reading on diverse subjects that include intellectual history, social problems, and nature of the mind.\n\nArthur is a Professor Emeritus of Dana-Farber Cancer Institute and Harvard Medical School, where he continues to investigate molecular mechanisms. Currently co-editing and writing chapters for a book on cancer for non-scientists. His activities include tennis, cello, reading, collecting oriental art, concerts, and travel. He and his wife, Ann Goodman, an HILR member, live in Cambridge most of the year and enjoy summers in Woods Hole.", "City State Zip": "Cambridge, MA 02138", "Display name": "Arthur Pardee", "Member Since": "2007", "Email": "arthur_pardee@dfci.harvard.edu"}
