{"SafeDict": "{\"Phone\": \"617-731-2176\", \"Last Name\": \"Cha\", \"Photo\": \"\", \"Address\": \"5 Willow Crescent\", \"Current Status\": \"Brookline, MA 02445-4110\", \"First Name\": \"Assunta\", \"Bio Information\": \"Brookline, MA 02445-4110\", \"City State Zip\": \"Brookline, MA 02445-4110\", \"Display name\": \"Assunta Cha\", \"Member Since\": \"Brookline, MA 02445-4110\", \"Email\": \"assuntacha@yahoo.com\"}", "Phone": "617-731-2176", "Last Name": "Cha", "Photo": "", "Address": "5 Willow Crescent", "Current Status": "Brookline, MA 02445-4110", "First Name": "Assunta", "Bio Information": "Brookline, MA 02445-4110", "City State Zip": "Brookline, MA 02445-4110", "Display name": "Assunta Cha", "Member Since": "Brookline, MA 02445-4110", "Email": "assuntacha@yahoo.com"}
