{"SafeDict": "{\"Phone\": \"617-492-7714\", \"Last Name\": \"Ruml\", \"Photo\": \"\", \"Address\": \"9 1/2 Centre Street\", \"Current Status\": \"2008\", \"First Name\": \"Beardsley\", \"Bio Information\": \"While preparing for the Illinois bar exam with the leading bar review course, I discovered that at least some of what I was being taught was erroneous. Enraged (and also having multiplied the cost of the course times of number of students), I soon convinced a fellow associate at my large Chicago law firm to join me in starting a new course. Acquired seven years later, it is now known as BAR-BRI and prepares over 95% of American lawyers to take state bar exams.\\nAfter stints as a law professor and as a management consultant, I discovered computing, built one of the earliest parts-in-a-ziplock-bag microcomputers, learned to program, and, have spent the intervening years as an entrepreneur and independent programmer. Major projects included an unsuccessful attempt to persuade lawyers to use specialized software designed to actively support their practices (even today, limited to tax preparation and real estate closings), database publishing (Harvard Law School's 1000-page Employer Directory; alumni directories), and a browser-based intranet customer order and accounting system designed in 2000.\\nThrough a fluke, I was able to become a teaching fellow in three courses during the late eighties, including Sandel's \\\"Justice.\\\" I\\u2019ve audited many Harvard courses since, the most memorable being the three offerings of \\\"Thinking About Thinking\\\" by Gould, Nozick, and Dershowitz.\\nMy inexhaustible interest seems to be in food. After being married to someone who wanted to be left alone in the kitchen, I\\u2019ve discovered with Deb Dawson, my partner of 20 years, that cooking together is even more fun than eating together. Summers are normally spent cooking and eating Italian food in a family villa near Lucca and touring with Deb on a Vespa (e.g., ruml.com/aroundgreece/ (2011) or ruml.com/summer2015sefrance/).\\nMy most recent project was to produce an online version of Shaye Cohen\\u2019s \\u201cThe Hebrew Bible\\u201d course for the Harvard iTunesU channel (also available at ruml.com/thehebrewbible/).  My most recent study group was \\\"An Intellectual History of Judaism and Christianity\\\"; the course website is ruml.com/intellectualhistory/.\", \"City State Zip\": \"Cambridge, MA 02139\", \"Display name\": \"B Ruml\", \"Member Since\": \"2008\", \"Email\": \"b@ruml.com\"}", "Phone": "617-492-7714", "Last Name": "Ruml", "Photo": "", "Address": "9 1/2 Centre Street", "Current Status": "2008", "First Name": "Beardsley", "Bio Information": "While preparing for the Illinois bar exam with the leading bar review course, I discovered that at least some of what I was being taught was erroneous. Enraged (and also having multiplied the cost of the course times of number of students), I soon convinced a fellow associate at my large Chicago law firm to join me in starting a new course. Acquired seven years later, it is now known as BAR-BRI and prepares over 95% of American lawyers to take state bar exams.\nAfter stints as a law professor and as a management consultant, I discovered computing, built one of the earliest parts-in-a-ziplock-bag microcomputers, learned to program, and, have spent the intervening years as an entrepreneur and independent programmer. Major projects included an unsuccessful attempt to persuade lawyers to use specialized software designed to actively support their practices (even today, limited to tax preparation and real estate closings), database publishing (Harvard Law School's 1000-page Employer Directory; alumni directories), and a browser-based intranet customer order and accounting system designed in 2000.\nThrough a fluke, I was able to become a teaching fellow in three courses during the late eighties, including Sandel's \"Justice.\" I\u2019ve audited many Harvard courses since, the most memorable being the three offerings of \"Thinking About Thinking\" by Gould, Nozick, and Dershowitz.\nMy inexhaustible interest seems to be in food. After being married to someone who wanted to be left alone in the kitchen, I\u2019ve discovered with Deb Dawson, my partner of 20 years, that cooking together is even more fun than eating together. Summers are normally spent cooking and eating Italian food in a family villa near Lucca and touring with Deb on a Vespa (e.g., ruml.com/aroundgreece/ (2011) or ruml.com/summer2015sefrance/).\nMy most recent project was to produce an online version of Shaye Cohen\u2019s \u201cThe Hebrew Bible\u201d course for the Harvard iTunesU channel (also available at ruml.com/thehebrewbible/).  My most recent study group was \"An Intellectual History of Judaism and Christianity\"; the course website is ruml.com/intellectualhistory/.", "City State Zip": "Cambridge, MA 02139", "Display name": "B Ruml", "Member Since": "2008", "Email": "b@ruml.com"}
