{"SafeDict": "{\"Phone\": \"\", \"Last Name\": \"White\", \"Photo\": \"\", \"Address\": \"\", \"Current Status\": \"1998\", \"First Name\": \"Barbara\", \"Bio Information\": \"Barbara Ehrlich White, a resident of Lexington, has had two life-long passions: art history and French. She graduated from Smith College and then went on for an MA and PhD in art history from Columbia University.\\n\\n She has taught art history at Tufts from 1965-2002. She wrote: Impressionism in Perspective (Prentice- Hall, 1978); Renoir: His Life, Art, and Letters (Abrams,1984; Abradale, 1988; Flammarion, ); and Impressionists Side by side: Their Friendships, Rivalries, and Artistic Exchanges (Knopf, 1996; Droemer-Knaur , 1996). She also was associate producer of an Emmy-winning PBS special on Renoir in 1973. Barbara has lectured widely on Impressionism throughout the US and abroad.\\n\\nShe and her husband Leon (also a member of HILR) have two sons, one daughter-in-law, two grand-daughters and a springer spaniel dog. Barbara enjoys ballroom dancing and reading. She is now completing a biography: Pierre Auguste Renoir\\u2019s Remarkable and Secretive Life Story in his Words.\", \"City State Zip\": \"\", \"Display name\": \"Barbara Ehrlich White\", \"Member Since\": \"1998\", \"Email\": \"artbew@rcn.com\"}", "Phone": "", "Last Name": "White", "Photo": "", "Address": "", "Current Status": "1998", "First Name": "Barbara", "Bio Information": "Barbara Ehrlich White, a resident of Lexington, has had two life-long passions: art history and French. She graduated from Smith College and then went on for an MA and PhD in art history from Columbia University.\n\n She has taught art history at Tufts from 1965-2002. She wrote: Impressionism in Perspective (Prentice- Hall, 1978); Renoir: His Life, Art, and Letters (Abrams,1984; Abradale, 1988; Flammarion, ); and Impressionists Side by side: Their Friendships, Rivalries, and Artistic Exchanges (Knopf, 1996; Droemer-Knaur , 1996). She also was associate producer of an Emmy-winning PBS special on Renoir in 1973. Barbara has lectured widely on Impressionism throughout the US and abroad.\n\nShe and her husband Leon (also a member of HILR) have two sons, one daughter-in-law, two grand-daughters and a springer spaniel dog. Barbara enjoys ballroom dancing and reading. She is now completing a biography: Pierre Auguste Renoir\u2019s Remarkable and Secretive Life Story in his Words.", "City State Zip": "", "Display name": "Barbara Ehrlich White", "Member Since": "1998", "Email": "artbew@rcn.com"}
