{"SafeDict": "{\"Phone\": \"617 354 4469\", \"Last Name\": \"Norfleet\", \"Photo\": \"\", \"Address\": \"1 Bowdoin St\", \"Current Status\": \"2002\", \"First Name\": \"Barbara\", \"Bio Information\": \"I arrived in Cambridge with most of my Swarthmore graduating class to continue my education at Radcliffe/Harvard where I received a PhD in psychology. After a brief stint of teaching I retired to raise a family, three sons, with my husband Fred Cohn. In 1960 I returned to Harvard and taught in the social sciences. Then an introductory course in photography changed my life. The visual world excited me and seemed to use my talents in ways the written word had not. In 1970 I moved to the Visual and Environmental Studies department at Harvard and taught studio photography. I also collected for and organized a large photography collection on the social history of America. Since my retirement from Harvard this collection has been moved to the Fogg Art Museum. While at Harvard I published five books on my curatorial work and six on my own photographs. I loved collecting photographs, teaching studio classes, and being a photographer (I still am), but found doing books a chore--a necessity if you are at Harvard. I am glad that part of my life is behind me. I have continually tried to learn new subjects and always audited courses. HILR has helped fill the space left by the death of my husband and opened up many new interests--both intellectual and social. It is a wonderful institution. Photographing,reading, walking, gardening, movies, plays, and seeing friends and family are my favorite activities.I also like to eat good food even if I must cook it.\", \"City State Zip\": \"Cambridge.MA 02138\", \"Display name\": \"Barbara Norfleet\", \"Member Since\": \"2002\", \"Email\": \"bobfleet94@gmail.com\"}", "Phone": "617 354 4469", "Last Name": "Norfleet", "Photo": "", "Address": "1 Bowdoin St", "Current Status": "2002", "First Name": "Barbara", "Bio Information": "I arrived in Cambridge with most of my Swarthmore graduating class to continue my education at Radcliffe/Harvard where I received a PhD in psychology. After a brief stint of teaching I retired to raise a family, three sons, with my husband Fred Cohn. In 1960 I returned to Harvard and taught in the social sciences. Then an introductory course in photography changed my life. The visual world excited me and seemed to use my talents in ways the written word had not. In 1970 I moved to the Visual and Environmental Studies department at Harvard and taught studio photography. I also collected for and organized a large photography collection on the social history of America. Since my retirement from Harvard this collection has been moved to the Fogg Art Museum. While at Harvard I published five books on my curatorial work and six on my own photographs. I loved collecting photographs, teaching studio classes, and being a photographer (I still am), but found doing books a chore--a necessity if you are at Harvard. I am glad that part of my life is behind me. I have continually tried to learn new subjects and always audited courses. HILR has helped fill the space left by the death of my husband and opened up many new interests--both intellectual and social. It is a wonderful institution. Photographing,reading, walking, gardening, movies, plays, and seeing friends and family are my favorite activities.I also like to eat good food even if I must cook it.", "City State Zip": "Cambridge.MA 02138", "Display name": "Barbara Norfleet", "Member Since": "2002", "Email": "bobfleet94@gmail.com"}
