{"SafeDict": "{\"Phone\": \"617 566 3166\", \"Last Name\": \"Smith Koff\", \"Photo\": \"\", \"Address\": \"20 Harrison St\", \"Current Status\": \"New Member\", \"First Name\": \"Barbara\", \"Bio Information\": \"Barbara Koff (known professionally as Barbara D. Smith) has had a 50 year career as a research biochemist/professor studying collagen synthesis in wound healing, tumors, fibrosis and an equally exciting/complex time as a spouse and mother, raising 5 children and 7 grandchildren.\\nBarbara was born and raised in Brookline MA and attended Simmons College. She earned a PhD in Biochemistry from Boston University School of Medicine and subsequently completed post-doctoral fellowships in St Louis and at NIH, Bethesda MD. Returning to the Boston area after 10 years, Barbara assumed a research position at the VA outpatient clinic with an academic position at Boston University while living in Winchester with her first husband, David Smith and her two children. Subsequently married to Larry Koff, Barbara returned to Brookline to raise a blended his, hers, and ours family totaling 5 children.\\nThe majority of Barbara\\u2019s career was spent as faculty member in the Department of Biochemistry at Boston University School of Medicine where she taught graduate and medical students and carried out a nearly 40 year VA and NIH-funded research program.\\nBarbara is now a BU emeritus professor spending some time collaborating with colleagues, traveling, singing in the Newton Community Chorus, helping manage her extended family, caring for grandchildren, and reading.\", \"City State Zip\": \"Brookline MA 02446\", \"Display name\": \"Barbara Smith Koff\", \"Member Since\": \"Spring 2015\", \"Email\": \"bdsmith@bu.edu\"}", "Phone": "617 566 3166", "Last Name": "Smith Koff", "Photo": "", "Address": "20 Harrison St", "Current Status": "New Member", "First Name": "Barbara", "Bio Information": "Barbara Koff (known professionally as Barbara D. Smith) has had a 50 year career as a research biochemist/professor studying collagen synthesis in wound healing, tumors, fibrosis and an equally exciting/complex time as a spouse and mother, raising 5 children and 7 grandchildren.\nBarbara was born and raised in Brookline MA and attended Simmons College. She earned a PhD in Biochemistry from Boston University School of Medicine and subsequently completed post-doctoral fellowships in St Louis and at NIH, Bethesda MD. Returning to the Boston area after 10 years, Barbara assumed a research position at the VA outpatient clinic with an academic position at Boston University while living in Winchester with her first husband, David Smith and her two children. Subsequently married to Larry Koff, Barbara returned to Brookline to raise a blended his, hers, and ours family totaling 5 children.\nThe majority of Barbara\u2019s career was spent as faculty member in the Department of Biochemistry at Boston University School of Medicine where she taught graduate and medical students and carried out a nearly 40 year VA and NIH-funded research program.\nBarbara is now a BU emeritus professor spending some time collaborating with colleagues, traveling, singing in the Newton Community Chorus, helping manage her extended family, caring for grandchildren, and reading.", "City State Zip": "Brookline MA 02446", "Display name": "Barbara Smith Koff", "Member Since": "Spring 2015", "Email": "bdsmith@bu.edu"}
