{"SafeDict": "{\"Phone\": \"7815385665\", \"Last Name\": \"Rosenbaum\", \"Photo\": \"\", \"Address\": \"9 Fairfield Dr\", \"Current Status\": \"2007\", \"First Name\": \"Barbara\", \"Bio Information\": \"Retired, Barbara served for 25 years as President and Chief Executive Officer of Boston\\u2019s Jewish Vocational Service (JVS) a large urban multi-purpose nonprofit, nonsectarian agency dedicated to workforce development and training issues. She is an MPA graduate of Harvard\\u2019s Kennedy School of Government, and a Littauer Fellow.\\n\\nMs Rosenbaum is served a three-year term on the Governor\\u2019s Workforce Training Fund Board which awards employers training grants to increase workforce competitiveness. She has served on advisory committees of the State Workforce Planning Board, Boston Foundation, the Boston Chamber of Commerce, and MassInc.\\n\\nHer passion is to eliminate generational poverty and she has worked nationally and regionally to advocate for policy solutions that address this complex issue. Career highlights include designing and operating innovative workforce programs that were replicated nationally such as Family Literacy, Micro enterprise Training and Loan, Boston\\u2019s first competitive One Stop Career Center, and the Center for Careers and Lifelong Learning, one of the first-in-the-nation initiatives to take the working poor \\u201cfrom first job to next job\\u201d through collaborations with employers, colleges, and support service providers.\\n\\nBarbara describes herself as a political and foreign policy junkie.  Barbara and her husband Harold live in Lexington. They have three daughters and nine grandchildren.\\n\\nBarbara likes to stay fit, read mysteries and history, cook, and spend time with her family. She enjoys the intellectual stimulation offered by the HILR program and its members.\", \"City State Zip\": \"Lexington MA 02420\", \"Display name\": \"Barbara Rosenbaum\", \"Member Since\": \"2007\", \"Email\": \"barbber22@comcast.net\"}", "Phone": "7815385665", "Last Name": "Rosenbaum", "Photo": "", "Address": "9 Fairfield Dr", "Current Status": "2007", "First Name": "Barbara", "Bio Information": "Retired, Barbara served for 25 years as President and Chief Executive Officer of Boston\u2019s Jewish Vocational Service (JVS) a large urban multi-purpose nonprofit, nonsectarian agency dedicated to workforce development and training issues. She is an MPA graduate of Harvard\u2019s Kennedy School of Government, and a Littauer Fellow.\n\nMs Rosenbaum is served a three-year term on the Governor\u2019s Workforce Training Fund Board which awards employers training grants to increase workforce competitiveness. She has served on advisory committees of the State Workforce Planning Board, Boston Foundation, the Boston Chamber of Commerce, and MassInc.\n\nHer passion is to eliminate generational poverty and she has worked nationally and regionally to advocate for policy solutions that address this complex issue. Career highlights include designing and operating innovative workforce programs that were replicated nationally such as Family Literacy, Micro enterprise Training and Loan, Boston\u2019s first competitive One Stop Career Center, and the Center for Careers and Lifelong Learning, one of the first-in-the-nation initiatives to take the working poor \u201cfrom first job to next job\u201d through collaborations with employers, colleges, and support service providers.\n\nBarbara describes herself as a political and foreign policy junkie.  Barbara and her husband Harold live in Lexington. They have three daughters and nine grandchildren.\n\nBarbara likes to stay fit, read mysteries and history, cook, and spend time with her family. She enjoys the intellectual stimulation offered by the HILR program and its members.", "City State Zip": "Lexington MA 02420", "Display name": "Barbara Rosenbaum", "Member Since": "2007", "Email": "barbber22@comcast.net"}
