{"SafeDict": "{\"Phone\": \"(617) 491-2992\", \"Last Name\": \"Baker\", \"Photo\": \"\", \"Address\": \"585 Franklin St.\", \"Current Status\": \"New\", \"First Name\": \"Barbara\", \"Bio Information\": \"New\", \"City State Zip\": \"Cambridge, MA. 02139\", \"Display name\": \"Barbara Baker\", \"Member Since\": \"Fall 2014\", \"Email\": \"barbarabake33@gmail.com\"}", "Phone": "(617) 491-2992", "Last Name": "Baker", "Photo": "", "Address": "585 Franklin St.", "Current Status": "New", "First Name": "Barbara", "Bio Information": "New", "City State Zip": "Cambridge, MA. 02139", "Display name": "Barbara Baker", "Member Since": "Fall 2014", "Email": "barbarabake33@gmail.com"}
