{"SafeDict": "{\"Phone\": \"(617) 232-2832\", \"Last Name\": \"Davis\", \"Photo\": \"\", \"Address\": \"120 Seaver St\", \"Current Status\": \"Brookline, MA 02445\", \"First Name\": \"Barbara\", \"Bio Information\": \"I established an interior architecture design firm in 1964, still operational through the present.  Our projects involve condominium conversions, commercial projects, and high-end residential planning, construction, furnishing and landscaping.  Past projects include: Hope Lodge, as lead designer for this facility in Boston for the American Cancer Society; the renovation and design of Corporate Technologies in Burlington, MA; and many residential projects in Boston, Palm Beach, and Chicago.  I have won several design awards including lighting award from the Illuminating Engineering Society of North America, and First Place Sub Zero Kitchen Design Contest. \\nI was involved with the Brookline Planning Board for Affordable Housing, and Board Chairman of the Wellness Community, a non\\u2013profit national support facility in Boston.  I am presently on the Professional Advisory Board of Hope Lodge, an American Cancer Society facility in Boston.\\nWe have five children and nine grandchildren, seven of whom live in the Boston area, where we reside. My husband, Stan, is devoted to HILR and I appreciate what it has done for his life both educationally and in terms of friendships and community. Our family occupies most of our free time. Other activities include gourmet cooking and life drawing classes.\", \"City State Zip\": \"Brookline, MA 02445\", \"Display name\": \"Barbara Davis\", \"Member Since\": \"Brookline, MA 02445\", \"Email\": \"barbaradavisdesign@comcast.net\"}", "Phone": "(617) 232-2832", "Last Name": "Davis", "Photo": "", "Address": "120 Seaver St", "Current Status": "Brookline, MA 02445", "First Name": "Barbara", "Bio Information": "I established an interior architecture design firm in 1964, still operational through the present.  Our projects involve condominium conversions, commercial projects, and high-end residential planning, construction, furnishing and landscaping.  Past projects include: Hope Lodge, as lead designer for this facility in Boston for the American Cancer Society; the renovation and design of Corporate Technologies in Burlington, MA; and many residential projects in Boston, Palm Beach, and Chicago.  I have won several design awards including lighting award from the Illuminating Engineering Society of North America, and First Place Sub Zero Kitchen Design Contest. \nI was involved with the Brookline Planning Board for Affordable Housing, and Board Chairman of the Wellness Community, a non\u2013profit national support facility in Boston.  I am presently on the Professional Advisory Board of Hope Lodge, an American Cancer Society facility in Boston.\nWe have five children and nine grandchildren, seven of whom live in the Boston area, where we reside. My husband, Stan, is devoted to HILR and I appreciate what it has done for his life both educationally and in terms of friendships and community. Our family occupies most of our free time. Other activities include gourmet cooking and life drawing classes.", "City State Zip": "Brookline, MA 02445", "Display name": "Barbara Davis", "Member Since": "Brookline, MA 02445", "Email": "barbaradavisdesign@comcast.net"}
