{"SafeDict": "{\"Phone\": \"\", \"Last Name\": \"Oder\", \"Photo\": \"\", \"Address\": \"\", \"Current Status\": \"2008\", \"First Name\": \"Barbara\", \"Bio Information\": \"Barbara Oder graduated from Wellesley College with a major in English and minor in philosophy. She taught high school English in Rochester, NY, while her husband attended medical school. After the birth of her son Terrence, she accompanied her husband to Germany, where her second son Patrick was born. While in Germany she taught U.S. soldiers seeking a GED. After returning to the United States, Barbara received an EdM in English/ Language Arts from Boston University, and completed all course work for a doctorate in Curriculum and Instruction. While at BU Barbara was chosen to be an editor of the BU School of Education Journal.\\n\\nAfter divorce in 1978, Barbara needed to re-assess her career plans. She attained a Master\\u2019s equivalency in Special Education and subsequently spent 23 years working at the McKinley Schools in the Boston Public School system for students with severe behavioral, social, and emotional disabilities. Barbara taught at McKinley for five years, and was promoted to Assistant Program Director. She had many duties and responsibilities, but is proudest of her work training teachers to modify the Massachusetts Curriculum Frameworks so teachers could make the curriculum more accessible to special education students. This combined effort enabled many students\\u2014against all expectations\\u2014to pass the MCAS and thus receive high school diplomas. Barbara remarried in 1993.\\n\\nSince retirement she has enjoyed art history courses at MFA, volunteer work at Emmanuel Church in Boston, attendance at concerts, and busy afternoons with her two grandchildren!\", \"City State Zip\": \"\", \"Display name\": \"Barbara Oder\", \"Member Since\": \"2008\", \"Email\": \"barbaraoder@comcast.net\"}", "Phone": "", "Last Name": "Oder", "Photo": "", "Address": "", "Current Status": "2008", "First Name": "Barbara", "Bio Information": "Barbara Oder graduated from Wellesley College with a major in English and minor in philosophy. She taught high school English in Rochester, NY, while her husband attended medical school. After the birth of her son Terrence, she accompanied her husband to Germany, where her second son Patrick was born. While in Germany she taught U.S. soldiers seeking a GED. After returning to the United States, Barbara received an EdM in English/ Language Arts from Boston University, and completed all course work for a doctorate in Curriculum and Instruction. While at BU Barbara was chosen to be an editor of the BU School of Education Journal.\n\nAfter divorce in 1978, Barbara needed to re-assess her career plans. She attained a Master\u2019s equivalency in Special Education and subsequently spent 23 years working at the McKinley Schools in the Boston Public School system for students with severe behavioral, social, and emotional disabilities. Barbara taught at McKinley for five years, and was promoted to Assistant Program Director. She had many duties and responsibilities, but is proudest of her work training teachers to modify the Massachusetts Curriculum Frameworks so teachers could make the curriculum more accessible to special education students. This combined effort enabled many students\u2014against all expectations\u2014to pass the MCAS and thus receive high school diplomas. Barbara remarried in 1993.\n\nSince retirement she has enjoyed art history courses at MFA, volunteer work at Emmanuel Church in Boston, attendance at concerts, and busy afternoons with her two grandchildren!", "City State Zip": "", "Display name": "Barbara Oder", "Member Since": "2008", "Email": "barbaraoder@comcast.net"}
