{"SafeDict": "{\"Phone\": \"781-856-6561\", \"Last Name\": \"Landy\", \"Photo\": \"\", \"Address\": \"15 Highland St.\", \"Current Status\": \"New Member\", \"First Name\": \"Barbara\", \"Bio Information\": \"Academics \\nBA, Denison University, Granville, Ohio, English and Creative Writing, 1970\\nMA, The Johns Hopkins University, Natural Resources Economics, 1973\\nRadcliffe Seminars, Landscape Design, 1982\\nEmployment\\nAssistant to the Deputy Regional Administrator, New England Region of the USEPA, 1973-1975\\nAssistant Commissioner, Department of Environmental Quality Engineering, Commonwealth of Massachusetts,  1975-1978\\nAdministered three divisions.  Selected responsibilities:\\nManagement Division:  Introduced new management techniques, supported Commissioner\\nPlanning Division:  Managed federal Areawide Wastewater Management Planning\\nWetlands Protection Division:  Appellant Division for local Conservation Commissions.  Developed regulations and standards.\\nConsultant, US Environmental Protection Agency, Washington, D.C., Office of Planning and Evaluation, 1978-1981\\nDeveloped and analyzed EPA policy and programs re: \\nEmission reduction trading (now called Cap and Trade) under the Clean Air Act\\nHazardous Waste siting and permitting under the Resource Conservation and Recovery Act, and\\nEvaluation plans for significant regulations under Executive Order 12044 \\nLandscape Designer, while raising children\\nArtist, painter of portraits in oils and abstract landscapes in acrylics, to present\\nPersonal Activities\\n My husband, Marc Landy, Professor of Political Science at Boston College, and I raised two children in Weston.  Nathan and Ariel are now at work in Seattle and New York City.  I paint, take photographs, garden, and travel.  I was elected to the Weston Planning Board, and I've been active in numerous other community organisations.  At HILR, among many other activities, I would love to become involved in theater.\", \"City State Zip\": \"Weston, MA. 02493\", \"Display name\": \"Barbara Landy\", \"Member Since\": \"Spring 2015\", \"Email\": \"barbara.landy@yahoo.com\"}", "Phone": "781-856-6561", "Last Name": "Landy", "Photo": "", "Address": "15 Highland St.", "Current Status": "New Member", "First Name": "Barbara", "Bio Information": "Academics \nBA, Denison University, Granville, Ohio, English and Creative Writing, 1970\nMA, The Johns Hopkins University, Natural Resources Economics, 1973\nRadcliffe Seminars, Landscape Design, 1982\nEmployment\nAssistant to the Deputy Regional Administrator, New England Region of the USEPA, 1973-1975\nAssistant Commissioner, Department of Environmental Quality Engineering, Commonwealth of Massachusetts,  1975-1978\nAdministered three divisions.  Selected responsibilities:\nManagement Division:  Introduced new management techniques, supported Commissioner\nPlanning Division:  Managed federal Areawide Wastewater Management Planning\nWetlands Protection Division:  Appellant Division for local Conservation Commissions.  Developed regulations and standards.\nConsultant, US Environmental Protection Agency, Washington, D.C., Office of Planning and Evaluation, 1978-1981\nDeveloped and analyzed EPA policy and programs re: \nEmission reduction trading (now called Cap and Trade) under the Clean Air Act\nHazardous Waste siting and permitting under the Resource Conservation and Recovery Act, and\nEvaluation plans for significant regulations under Executive Order 12044 \nLandscape Designer, while raising children\nArtist, painter of portraits in oils and abstract landscapes in acrylics, to present\nPersonal Activities\n My husband, Marc Landy, Professor of Political Science at Boston College, and I raised two children in Weston.  Nathan and Ariel are now at work in Seattle and New York City.  I paint, take photographs, garden, and travel.  I was elected to the Weston Planning Board, and I've been active in numerous other community organisations.  At HILR, among many other activities, I would love to become involved in theater.", "City State Zip": "Weston, MA. 02493", "Display name": "Barbara Landy", "Member Since": "Spring 2015", "Email": "barbara.landy@yahoo.com"}
