{"SafeDict": "{\"Phone\": \"781-821-2105\", \"Last Name\": \"Burr\", \"Photo\": \"\", \"Address\": \"55 Hemenway Drive\", \"Current Status\": \"Former Associate Member 2010-2011\", \"First Name\": \"Barbara\", \"Bio Information\": \"Barbara grew up in New York City, attended Swarthmore College followed by Harvard Medical School where she was one of ten women in the class of 1969.  She had the good fortune to meet Win in the first week as they were lab partners in anatomy.  They were married in 1967.  Barbara went on to specialize in developmental pediatrics, followed by child, adolescent and adult psychiatry.  A big piece of her career was at Children's Hospital where she worked in pediatric psychiatry consultation with ill and traumatized children and their families.  She also did an ethics fellowship and has an interest in medical ethics.\\nOutside of medicine, she has recently cultivated a serious interest in photography, preferring to develop and print photographs by the old fashion, gelatin silver method.  She also enjoys visiting and working in Mongolia, sailing with Win, and most especially hanging out with their two grown children and three grandchildren.\\n \", \"City State Zip\": \"Canton, MA 02021\", \"Display name\": \"Barbara Burr\", \"Member Since\": \"Canton, MA 02021\", \"Email\": \"wburr6@verizon.net\"}", "Phone": "781-821-2105", "Last Name": "Burr", "Photo": "", "Address": "55 Hemenway Drive", "Current Status": "Former Associate Member 2010-2011", "First Name": "Barbara", "Bio Information": "Barbara grew up in New York City, attended Swarthmore College followed by Harvard Medical School where she was one of ten women in the class of 1969.  She had the good fortune to meet Win in the first week as they were lab partners in anatomy.  They were married in 1967.  Barbara went on to specialize in developmental pediatrics, followed by child, adolescent and adult psychiatry.  A big piece of her career was at Children's Hospital where she worked in pediatric psychiatry consultation with ill and traumatized children and their families.  She also did an ethics fellowship and has an interest in medical ethics.\nOutside of medicine, she has recently cultivated a serious interest in photography, preferring to develop and print photographs by the old fashion, gelatin silver method.  She also enjoys visiting and working in Mongolia, sailing with Win, and most especially hanging out with their two grown children and three grandchildren.\n ", "City State Zip": "Canton, MA 02021", "Display name": "Barbara Burr", "Member Since": "Canton, MA 02021", "Email": "wburr6@verizon.net"}
