{"SafeDict": "{\"Phone\": \"978-475-5569\", \"Last Name\": \"Carlson\", \"Photo\": \"\", \"Address\": \"16 Martindale Lane\", \"Current Status\": \"Andover, MA 01810\", \"First Name\": \"Barbara\", \"Bio Information\": \"Barbara Carlson, of Newton (formerly of California), has recently retired from a long and happy career in education. She attended Pomona College and UC Berkeley (undergraduate in music and classics) and has a BA in Fine Arts as well as an EdM in Education from Boston University. She has also done graduate work in literature and administration at Boston College.\\n\\nHer other interests include drawing, sculpture, writing and music.\", \"City State Zip\": \"Andover, MA 01810\", \"Display name\": \"Barbara Carlson\", \"Member Since\": \"Andover, MA 01810\", \"Email\": \"carlson628@comcast.net\"}", "Phone": "978-475-5569", "Last Name": "Carlson", "Photo": "", "Address": "16 Martindale Lane", "Current Status": "Andover, MA 01810", "First Name": "Barbara", "Bio Information": "Barbara Carlson, of Newton (formerly of California), has recently retired from a long and happy career in education. She attended Pomona College and UC Berkeley (undergraduate in music and classics) and has a BA in Fine Arts as well as an EdM in Education from Boston University. She has also done graduate work in literature and administration at Boston College.\n\nHer other interests include drawing, sculpture, writing and music.", "City State Zip": "Andover, MA 01810", "Display name": "Barbara Carlson", "Member Since": "Andover, MA 01810", "Email": "carlson628@comcast.net"}
