{"SafeDict": "{\"Phone\": \"\", \"Last Name\": \"Resnek\", \"Photo\": \"\", \"Address\": \"\", \"Current Status\": \"2009\", \"First Name\": \"Barbara\", \"Bio Information\": \"Growing up in Scarsdale, NY, Barbara migrated to the Boston area when she married Frank Resnek, a native Bostonian. She and Frank also have a home in Mattapoisett.\\nWhile at Mount Holyoke College, she spent her junior year in Geneva, Switzerland. After college she went to law school, graduating in 1979. Her law practice was primarily in domestic relations. She retired in 2004, having become the President of Temple Emanuel in Newton. Barbara is currently an active participant and board member of the Boston Jewish Film Festival and the American Jewish Committee. She will be traveling to Haifa in October for the Haifa International Film Festival. She recently did a walking tour in the Czech Republic.\\nShe has two children and four grandchildren, the youngest being the only girl. Barbara is pleased to join HILR and reunite with past and current friends in this ongoing learning environment.\", \"City State Zip\": \"\", \"Display name\": \"Barbara Resnek\", \"Member Since\": \"2009\", \"Email\": \"bresnek@aol.com\"}", "Phone": "", "Last Name": "Resnek", "Photo": "", "Address": "", "Current Status": "2009", "First Name": "Barbara", "Bio Information": "Growing up in Scarsdale, NY, Barbara migrated to the Boston area when she married Frank Resnek, a native Bostonian. She and Frank also have a home in Mattapoisett.\nWhile at Mount Holyoke College, she spent her junior year in Geneva, Switzerland. After college she went to law school, graduating in 1979. Her law practice was primarily in domestic relations. She retired in 2004, having become the President of Temple Emanuel in Newton. Barbara is currently an active participant and board member of the Boston Jewish Film Festival and the American Jewish Committee. She will be traveling to Haifa in October for the Haifa International Film Festival. She recently did a walking tour in the Czech Republic.\nShe has two children and four grandchildren, the youngest being the only girl. Barbara is pleased to join HILR and reunite with past and current friends in this ongoing learning environment.", "City State Zip": "", "Display name": "Barbara Resnek", "Member Since": "2009", "Email": "bresnek@aol.com"}
