{"SafeDict": "{\"Phone\": \"\", \"Last Name\": \"McLagan\", \"Photo\": \"\", \"Address\": \"\", \"Current Status\": \"2005\", \"First Name\": \"Barbara\", \"Bio Information\": \"In 1967 Barbara was the third generation in her family to graduate from Smith College. After running poverty programs for the Federal Labor Department in Washington, D.C., she moved with her husband to Boston where she went to Harvard Business School and then joined the Boston Consulting Group. Strategy consulting has been an exhilarating career. She has been able to travel the world and engage with interesting people about a wide variety of business topics.\\n\\nOther common threads in her life have been a love of learning and of athletics. She took the seven-year program on western civilization at the Radcliffe Seminars and was able to indulge her love of the great books.\\n\\nShe plays on a tennis team and loves to bicycle, kayak, and ski. She also belongs to three book clubs and has a recent addiction to duplicate bridge. She summers on Martha\\u2019s Vineyard where she continues to play and read.\", \"City State Zip\": \"\", \"Display name\": \"Barbara McLagan\", \"Member Since\": \"2005\", \"Email\": \"barbaramclagan@aol.com\"}", "Phone": "", "Last Name": "McLagan", "Photo": "", "Address": "", "Current Status": "2005", "First Name": "Barbara", "Bio Information": "In 1967 Barbara was the third generation in her family to graduate from Smith College. After running poverty programs for the Federal Labor Department in Washington, D.C., she moved with her husband to Boston where she went to Harvard Business School and then joined the Boston Consulting Group. Strategy consulting has been an exhilarating career. She has been able to travel the world and engage with interesting people about a wide variety of business topics.\n\nOther common threads in her life have been a love of learning and of athletics. She took the seven-year program on western civilization at the Radcliffe Seminars and was able to indulge her love of the great books.\n\nShe plays on a tennis team and loves to bicycle, kayak, and ski. She also belongs to three book clubs and has a recent addiction to duplicate bridge. She summers on Martha\u2019s Vineyard where she continues to play and read.", "City State Zip": "", "Display name": "Barbara McLagan", "Member Since": "2005", "Email": "barbaramclagan@aol.com"}
