{"SafeDict": "{\"Phone\": \"(781) 430-6423\", \"Last Name\": \"Rabinovitz\", \"Photo\": \"\", \"Address\": \"100 Russet Ct Unit 3\", \"Current Status\": \"2015\", \"First Name\": \"Barbara\", \"Bio Information\": \"Barbara Rabinovitz has enjoyed 45-plus years as a journalist with several Boston-based newspapers.\\nShe launched her career in 1969 at the then-Boston Herald Traveler and went on to cover the Massachusetts State House, Boston City Hall and the city\\u2019s emergence as a major financial center.\\nShe later became editor of Banker & Tradesman, a time-honored weekly business journal for the state\\u2019s banking and real estate sectors and related professions.\\n\\nFor many years, Barbara served in reporting and editing positions at Massachusetts Lawyers Weekly, coordinating coverage of the administration of justice in the courts and the practice of law in private firms.\\n\\nHer career has also included several years of service as public affairs officer for the federal courts of the First Circuit, which encompasses\\nMassachusetts, Maine, New Hampshire, Rhode Island and Puerto Rico.\\n\\nIn the late 1990s, Barbara led The Jewish Advocate as its editor. Continuing her association with that weekly newspaper, she is currently its\\nconsulting editor.\\n\\nBarbara earned a bachelor\\u2019s degree in English at New York University, a master\\u2019s degree in journalism at Boston University and a master\\u2019s degree in public administration at Harvard University\\u2019s Kennedy School of Government.\\n\\nThroughout her career, Barbara, a native of Boston, lived in the city\\u2019s\\ndowntown neighborhoods. In retirement, she is making her home in the\\ntown of Lincoln.\", \"City State Zip\": \"Lincoln, MA 01773\", \"Display name\": \"Barbara Rabinovitz\", \"Member Since\": \"2015\", \"Email\": \"bathsheba1@verizon.net\"}", "Phone": "(781) 430-6423", "Last Name": "Rabinovitz", "Photo": "", "Address": "100 Russet Ct Unit 3", "Current Status": "2015", "First Name": "Barbara", "Bio Information": "Barbara Rabinovitz has enjoyed 45-plus years as a journalist with several Boston-based newspapers.\nShe launched her career in 1969 at the then-Boston Herald Traveler and went on to cover the Massachusetts State House, Boston City Hall and the city\u2019s emergence as a major financial center.\nShe later became editor of Banker & Tradesman, a time-honored weekly business journal for the state\u2019s banking and real estate sectors and related professions.\n\nFor many years, Barbara served in reporting and editing positions at Massachusetts Lawyers Weekly, coordinating coverage of the administration of justice in the courts and the practice of law in private firms.\n\nHer career has also included several years of service as public affairs officer for the federal courts of the First Circuit, which encompasses\nMassachusetts, Maine, New Hampshire, Rhode Island and Puerto Rico.\n\nIn the late 1990s, Barbara led The Jewish Advocate as its editor. Continuing her association with that weekly newspaper, she is currently its\nconsulting editor.\n\nBarbara earned a bachelor\u2019s degree in English at New York University, a master\u2019s degree in journalism at Boston University and a master\u2019s degree in public administration at Harvard University\u2019s Kennedy School of Government.\n\nThroughout her career, Barbara, a native of Boston, lived in the city\u2019s\ndowntown neighborhoods. In retirement, she is making her home in the\ntown of Lincoln.", "City State Zip": "Lincoln, MA 01773", "Display name": "Barbara Rabinovitz", "Member Since": "2015", "Email": "bathsheba1@verizon.net"}
