{"SafeDict": "{\"Phone\": \"\", \"Last Name\": \"Tittmann\", \"Photo\": \"\", \"Address\": \"\", \"Current Status\": \"2008\", \"First Name\": \"Barclay\", \"Bio Information\": \"Barclay Tittmann was born in Rome where his father was posted at the American Embassy. After several postings, his father was appointed US Charge d\\u2019Affaires at the Vatican during the war, and Barclay went to boarding school in Switzerland but had the experience of living for one year within the Vatican walls. Following the liberation of Rome he went to Middlesex School, in Concord, Mass, graduating in 1949.\\n\\nHe majored in history and literature at Yale then following graduation in 1953, spent three years in the Navy, serving in the Office of Naval Intelligence at the Pentagon. He married Lucy Keith in 1957 and they lived for five years in Edmonton, Alberta, Canada, where he worked as a stockbroker. He also studied at the University of Alberta, earning an MA in Spanish literature. Deciding to change careers, he and his family went to University of Li\\u00e8ge, Belgium for a PhD in Romance Philology. This included two years in Madrid to do research for his dissertation on fifteenth-century court poetry, completed and successfully defended in 1968.\\n\\nIn 1965, he returned to the United States with his wife and their four children and became an Assistant Professor at Boston College. Two more children were born. In 1970 he changed careers again to work for Gardner and Preston Moss, a money management firm in Boston. It subsequently merged with Eaton Vance Management, from which he retired at the end of 2007\", \"City State Zip\": \"\", \"Display name\": \"Barclay Tittmann\", \"Member Since\": \"2008\", \"Email\": \"btittmann@gmail.com\"}", "Phone": "", "Last Name": "Tittmann", "Photo": "", "Address": "", "Current Status": "2008", "First Name": "Barclay", "Bio Information": "Barclay Tittmann was born in Rome where his father was posted at the American Embassy. After several postings, his father was appointed US Charge d\u2019Affaires at the Vatican during the war, and Barclay went to boarding school in Switzerland but had the experience of living for one year within the Vatican walls. Following the liberation of Rome he went to Middlesex School, in Concord, Mass, graduating in 1949.\n\nHe majored in history and literature at Yale then following graduation in 1953, spent three years in the Navy, serving in the Office of Naval Intelligence at the Pentagon. He married Lucy Keith in 1957 and they lived for five years in Edmonton, Alberta, Canada, where he worked as a stockbroker. He also studied at the University of Alberta, earning an MA in Spanish literature. Deciding to change careers, he and his family went to University of Li\u00e8ge, Belgium for a PhD in Romance Philology. This included two years in Madrid to do research for his dissertation on fifteenth-century court poetry, completed and successfully defended in 1968.\n\nIn 1965, he returned to the United States with his wife and their four children and became an Assistant Professor at Boston College. Two more children were born. In 1970 he changed careers again to work for Gardner and Preston Moss, a money management firm in Boston. It subsequently merged with Eaton Vance Management, from which he retired at the end of 2007", "City State Zip": "", "Display name": "Barclay Tittmann", "Member Since": "2008", "Email": "btittmann@gmail.com"}
