{"SafeDict": "{\"Phone\": \"617-484-5405\", \"Last Name\": \"Blesser\", \"Photo\": \"\", \"Address\": \"280 Common Street\", \"Current Status\": \"Active Member\", \"First Name\": \"Barry\", \"Bio Information\": \"After receiving my S.B., S.M., and Ph.D. degrees from MIT (1964, 1965, 1969), I joined the MIT faculty in the Department of Electrical Engineering and became a senior researcher in the Cognitive Information Processing Group. Our goal was to gain more insight of the boundary between human perception and machine processing in a wide variety of applications, such as medical x-rays, handprint recognition, spatial audio, and so on.\\n\\nFollowing my 9 years at MIT, I started Blesser Associates, which provided technical and management consultant services to technology companies. Along the way, I helped start several companies, and by accident, I became one of the dozen pioneers of digital audio in the 1970s. In 1976, I invented the first digital audio reverberation product for use in recording and broadcast studios. Recently, MIT Press published Spaces Speak, Are You Listening? Experiencing Aural Architecture (www.SpacesSpeak.com), which explore the importance of sound in our sense of place.\\n\\nRecently, I have been focusing on teaching emotional intelligence and soft-skills as a means for making wise choices in managing professional activities and career decisions. Cognitive science research now provides a formal foundation for our intuition. I am excited to see how system models can be used to understand human behavior with elements of cognitive psychology. A series of articles that apply these concepts to the broadcast industry can be found at http://www.blesser.net/Articles.html\", \"City State Zip\": \"Belmont, MA 02478\", \"Display name\": \"Barry Blesser\", \"Member Since\": \"2009\", \"Email\": \"bblesser@alum.mit.edu\"}", "Phone": "617-484-5405", "Last Name": "Blesser", "Photo": "", "Address": "280 Common Street", "Current Status": "Active Member", "First Name": "Barry", "Bio Information": "After receiving my S.B., S.M., and Ph.D. degrees from MIT (1964, 1965, 1969), I joined the MIT faculty in the Department of Electrical Engineering and became a senior researcher in the Cognitive Information Processing Group. Our goal was to gain more insight of the boundary between human perception and machine processing in a wide variety of applications, such as medical x-rays, handprint recognition, spatial audio, and so on.\n\nFollowing my 9 years at MIT, I started Blesser Associates, which provided technical and management consultant services to technology companies. Along the way, I helped start several companies, and by accident, I became one of the dozen pioneers of digital audio in the 1970s. In 1976, I invented the first digital audio reverberation product for use in recording and broadcast studios. Recently, MIT Press published Spaces Speak, Are You Listening? Experiencing Aural Architecture (www.SpacesSpeak.com), which explore the importance of sound in our sense of place.\n\nRecently, I have been focusing on teaching emotional intelligence and soft-skills as a means for making wise choices in managing professional activities and career decisions. Cognitive science research now provides a formal foundation for our intuition. I am excited to see how system models can be used to understand human behavior with elements of cognitive psychology. A series of articles that apply these concepts to the broadcast industry can be found at http://www.blesser.net/Articles.html", "City State Zip": "Belmont, MA 02478", "Display name": "Barry Blesser", "Member Since": "2009", "Email": "bblesser@alum.mit.edu"}
