{"SafeDict": "{\"Phone\": \"\", \"Last Name\": \"Korobkin\", \"Photo\": \"\", \"Address\": \"\", \"Current Status\": \"Active Member\", \"First Name\": \"Barry\", \"Bio Information\": \"Barry grew up on the north shore of Long Island and came to Massachusetts to attend Williams College.  An American Civilization major at Williams, he\\u2019s remains a fan of the liberal arts with a special love for literature, painting and architecture.  After college, and a year as a carpenter in Vermont and New Hampshire, he went on to Harvard GSD and graduated with a degree in Architecture.  He used a Sheldon Fellowship to spend the next year working in Amsterdam and traveling through Western Europe, India, Nepal and Bali.  He returned home to Cambridge to begin part-time teaching at Harvard and starting an architecture practice.\\nBarry\\u2019s firms, first KJA Architects and later Korobkin Associates, did pioneering work in congregate housing for the elderly and community-based housing for families and special populations, as well as commercial renovations, synagogues, schools and private houses.  Architectural work led to opportunities in real estate development, and  he co-founded the firm Linden Properties, through which he has developed, owned and managed residential and commercial buildings in the Boston area.  His development work has focused on re-use of historic structures in downtown settings.\\nBarry has served as a director of the Boston Society of Architects and chairman of its Housing Committee and is a community trustee of the Boston Psychoanalytic Society and Institute, and the Massachusetts Coalition for the Homeless.\\nIn recent years Barry has developed an interest in Jewish philosophy and history through various local classes and discussion groups.  He is a regular squash and tennis player.  He lives with his wife Laura in Newton and has a son and a daughter.\", \"City State Zip\": \"\", \"Display name\": \"Barry Korobkin\", \"Member Since\": \"2010\", \"Email\": \"bjkorobkin@yahoo.com\"}", "Phone": "", "Last Name": "Korobkin", "Photo": "", "Address": "", "Current Status": "Active Member", "First Name": "Barry", "Bio Information": "Barry grew up on the north shore of Long Island and came to Massachusetts to attend Williams College.  An American Civilization major at Williams, he\u2019s remains a fan of the liberal arts with a special love for literature, painting and architecture.  After college, and a year as a carpenter in Vermont and New Hampshire, he went on to Harvard GSD and graduated with a degree in Architecture.  He used a Sheldon Fellowship to spend the next year working in Amsterdam and traveling through Western Europe, India, Nepal and Bali.  He returned home to Cambridge to begin part-time teaching at Harvard and starting an architecture practice.\nBarry\u2019s firms, first KJA Architects and later Korobkin Associates, did pioneering work in congregate housing for the elderly and community-based housing for families and special populations, as well as commercial renovations, synagogues, schools and private houses.  Architectural work led to opportunities in real estate development, and  he co-founded the firm Linden Properties, through which he has developed, owned and managed residential and commercial buildings in the Boston area.  His development work has focused on re-use of historic structures in downtown settings.\nBarry has served as a director of the Boston Society of Architects and chairman of its Housing Committee and is a community trustee of the Boston Psychoanalytic Society and Institute, and the Massachusetts Coalition for the Homeless.\nIn recent years Barry has developed an interest in Jewish philosophy and history through various local classes and discussion groups.  He is a regular squash and tennis player.  He lives with his wife Laura in Newton and has a son and a daughter.", "City State Zip": "", "Display name": "Barry Korobkin", "Member Since": "2010", "Email": "bjkorobkin@yahoo.com"}
