{"SafeDict": "{\"Phone\": \"(617) 492-5202\", \"Last Name\": \"Freedman\", \"Photo\": \"\", \"Address\": \"957 Memorial Dr #610\", \"Current Status\": \"New\", \"First Name\": \"Bathsheba\", \"Bio Information\": \"Most of my adult professional life has moved between two intellectual poles\\u2014art and art history and psychology. I was born and grew up in New York City. I received my B.A. from Brandeis University, magna cum laude and Phi Beta Kappa. After college I returned to New York City where I met and married my husband, James Oliver Freedman, and earned a masters degree in Art Education from Columbia University.\\nThe following year Jim and I moved down to Philadelphia where we had two children\\u2014Deborah and Jared. Jim taught at the University of Pennsylvania Law School eventually becoming Dean, I started work on a Ph.D in Developmental Psychology.\\nAfter living in and loving Philadelphia for eighteen years we moved to Iowa City Iowa, when Jim became President of that University. I arrived in Iowa City ABD and while there completed by dissertation on Ego-Identity and Career and Family Priorities in College Women, receiving my Ph.D from Bryn Mawr College. I became a lecturer in Psychology at the Iowa University School of Nursing and taught a large course on Human Development. While in Iowa I served as member of the state Commission on Children, Youth, and the Family.\\nOur next stop was Hanover, New Hampshire where Jim became President of Dartmouth College. I became a member of the Psychology Department at Dartmouth and taught two courses: Psychological Assessment and Gender Roles. I became a trustee of the United Way and a member of the Governing Board of the college library. During this time I became a docent at the Hood Museum of art, giving tours for school groups and other visitors.\\nJim and I moved to Cambridge, Massachusetts when we both retired from our positions at Dartmouth. During our time here Jim has passed away. I have spent my work time as a docent at the Boston Museum of Fine Arts and now will start a new chapter in my life at HILR.\\nBoth my husband, James O. Freedman and my son, Jared O. Freedman received these B.A.s from Harvard College (1957 and 1991 respectively. My husband was Chairman of the Board of The Harvard Magazine.\", \"City State Zip\": \"Cambridge, MA. 02138\", \"Display name\": \"Bathsheba Freedman\", \"Member Since\": \"Fall 2014\", \"Email\": \"bathshebafreedman@comcast.net\"}", "Phone": "(617) 492-5202", "Last Name": "Freedman", "Photo": "", "Address": "957 Memorial Dr #610", "Current Status": "New", "First Name": "Bathsheba", "Bio Information": "Most of my adult professional life has moved between two intellectual poles\u2014art and art history and psychology. I was born and grew up in New York City. I received my B.A. from Brandeis University, magna cum laude and Phi Beta Kappa. After college I returned to New York City where I met and married my husband, James Oliver Freedman, and earned a masters degree in Art Education from Columbia University.\nThe following year Jim and I moved down to Philadelphia where we had two children\u2014Deborah and Jared. Jim taught at the University of Pennsylvania Law School eventually becoming Dean, I started work on a Ph.D in Developmental Psychology.\nAfter living in and loving Philadelphia for eighteen years we moved to Iowa City Iowa, when Jim became President of that University. I arrived in Iowa City ABD and while there completed by dissertation on Ego-Identity and Career and Family Priorities in College Women, receiving my Ph.D from Bryn Mawr College. I became a lecturer in Psychology at the Iowa University School of Nursing and taught a large course on Human Development. While in Iowa I served as member of the state Commission on Children, Youth, and the Family.\nOur next stop was Hanover, New Hampshire where Jim became President of Dartmouth College. I became a member of the Psychology Department at Dartmouth and taught two courses: Psychological Assessment and Gender Roles. I became a trustee of the United Way and a member of the Governing Board of the college library. During this time I became a docent at the Hood Museum of art, giving tours for school groups and other visitors.\nJim and I moved to Cambridge, Massachusetts when we both retired from our positions at Dartmouth. During our time here Jim has passed away. I have spent my work time as a docent at the Boston Museum of Fine Arts and now will start a new chapter in my life at HILR.\nBoth my husband, James O. Freedman and my son, Jared O. Freedman received these B.A.s from Harvard College (1957 and 1991 respectively. My husband was Chairman of the Board of The Harvard Magazine.", "City State Zip": "Cambridge, MA. 02138", "Display name": "Bathsheba Freedman", "Member Since": "Fall 2014", "Email": "bathshebafreedman@comcast.net"}
