{"SafeDict": "{\"Phone\": \"781-608-6345\", \"Last Name\": \"Shapiro\", \"Photo\": \"\", \"Address\": \"11 Wachusett Drive\", \"Current Status\": \"2011\", \"First Name\": \"Bernadette\", \"Bio Information\": \"I was born in Tuskegee, Alabama, where I lived until my family relocated to Southern California when I was 12 years old.  I attended Stanford University, where I received my BA, MA, and Ph.D. in Developmental Psychology and Communication Research.  During graduate school, I met my husband, Peter Shapiro, a fellow student in the Communications Department. After completing graduate school, we relocated to Massachusetts where I held several academic teaching and research positions at Clark University, the University of Massachusetts -Amherst and Wellesley College.  Following my time in academia, I held management positions in marketing and applied research in management consulting, government policy research and telecommunications firms.\\nMost recently, I worked at Verizon Laboratories in Waltham, MA where I was a Distinguished Member of the Technical Staff.  My research focused on development of new consumer and business telecommunications products and services.  In January 2010, I founded The Customer Voice, an independent consulting practice providing marketing research on user experience and usability requirements for new products and services.\\n\\nPeter and I have lived in Lexington since 1976 where we raised our daughter and son who currently reside in Cambridge and New York, respectively.  My lifelong passion has been music.  I play violin in the Cambridge Symphony Orchestra and in various chamber music groups.\\n\\nAt HILR, I am looking forward to making new friends who have experience and knowledge in areas that I have not had a chance to explore since freshman year in college.\", \"City State Zip\": \"Lexington, MA 02421\", \"Display name\": \"Bernadette Shapiro\", \"Member Since\": \"2011\", \"Email\": \"shapiroban@yahoo.com\"}", "Phone": "781-608-6345", "Last Name": "Shapiro", "Photo": "", "Address": "11 Wachusett Drive", "Current Status": "2011", "First Name": "Bernadette", "Bio Information": "I was born in Tuskegee, Alabama, where I lived until my family relocated to Southern California when I was 12 years old.  I attended Stanford University, where I received my BA, MA, and Ph.D. in Developmental Psychology and Communication Research.  During graduate school, I met my husband, Peter Shapiro, a fellow student in the Communications Department. After completing graduate school, we relocated to Massachusetts where I held several academic teaching and research positions at Clark University, the University of Massachusetts -Amherst and Wellesley College.  Following my time in academia, I held management positions in marketing and applied research in management consulting, government policy research and telecommunications firms.\nMost recently, I worked at Verizon Laboratories in Waltham, MA where I was a Distinguished Member of the Technical Staff.  My research focused on development of new consumer and business telecommunications products and services.  In January 2010, I founded The Customer Voice, an independent consulting practice providing marketing research on user experience and usability requirements for new products and services.\n\nPeter and I have lived in Lexington since 1976 where we raised our daughter and son who currently reside in Cambridge and New York, respectively.  My lifelong passion has been music.  I play violin in the Cambridge Symphony Orchestra and in various chamber music groups.\n\nAt HILR, I am looking forward to making new friends who have experience and knowledge in areas that I have not had a chance to explore since freshman year in college.", "City State Zip": "Lexington, MA 02421", "Display name": "Bernadette Shapiro", "Member Since": "2011", "Email": "shapiroban@yahoo.com"}
