{"SafeDict": "{\"Phone\": \"508-358-2033\", \"Last Name\": \"Shuster\", \"Photo\": \"\", \"Address\": \"75 Hillside Drive\", \"Current Status\": \"1997\", \"First Name\": \"Bernard\", \"Bio Information\": \"Bernie was a history major in undergraduate school and obtained a BA degree. He then received a LLD degree from BU Law School. He practiced law as a partner in a Boston firm for several years. He then founded and served as CEO of a financial services company.\\n\\nBernie has been a member of HILR since 1997 and has led many courses including McCarthyism, The Gilded Age, The Progressive Age, George Washington, Benjamin Franklin,Vietnam, and James Madison .\\nHe has served on the Admissions and Technology Committee and as the Chair of the Teaching and Learning Committee.\", \"City State Zip\": \"Wayland 01778\", \"Display name\": \"Bernard Shuster\", \"Member Since\": \"1997\", \"Email\": \"bostonterrier@comcast.net\"}", "Phone": "508-358-2033", "Last Name": "Shuster", "Photo": "", "Address": "75 Hillside Drive", "Current Status": "1997", "First Name": "Bernard", "Bio Information": "Bernie was a history major in undergraduate school and obtained a BA degree. He then received a LLD degree from BU Law School. He practiced law as a partner in a Boston firm for several years. He then founded and served as CEO of a financial services company.\n\nBernie has been a member of HILR since 1997 and has led many courses including McCarthyism, The Gilded Age, The Progressive Age, George Washington, Benjamin Franklin,Vietnam, and James Madison .\nHe has served on the Admissions and Technology Committee and as the Chair of the Teaching and Learning Committee.", "City State Zip": "Wayland 01778", "Display name": "Bernard Shuster", "Member Since": "1997", "Email": "bostonterrier@comcast.net"}
