{"SafeDict": "{\"Phone\": \"617 571 0942\", \"Last Name\": \"Broyde\", \"Photo\": \"\", \"Address\": \"36 church st\", \"Current Status\": \"1996\", \"First Name\": \"Bernice\", \"Bio Information\": \"Happily involved with HILR since 1996, I have also continued to mentor start-up companies via MIT, and have been involved with the SMFA Medici Society, helping young artists. I am an enthusiastic traveler, walker, play and movie-goer, art and music appreciator, especially jazz and blues. Luckily I have children in San Francisco and New York, so I enjoy frequent visits to both. Currently I am madly in love with Lulu and Cleo, aged 5 and 3, and with Jacob who is nearly 6.\", \"City State Zip\": \"boston,ma 02116-5312\", \"Display name\": \"Bernice Broyde\", \"Member Since\": \"1996\", \"Email\": \"bbroyde@verizon.net\"}", "Phone": "617 571 0942", "Last Name": "Broyde", "Photo": "", "Address": "36 church st", "Current Status": "1996", "First Name": "Bernice", "Bio Information": "Happily involved with HILR since 1996, I have also continued to mentor start-up companies via MIT, and have been involved with the SMFA Medici Society, helping young artists. I am an enthusiastic traveler, walker, play and movie-goer, art and music appreciator, especially jazz and blues. Luckily I have children in San Francisco and New York, so I enjoy frequent visits to both. Currently I am madly in love with Lulu and Cleo, aged 5 and 3, and with Jacob who is nearly 6.", "City State Zip": "boston,ma 02116-5312", "Display name": "Bernice Broyde", "Member Since": "1996", "Email": "bbroyde@verizon.net"}
