{"SafeDict": "{\"Phone\": \"\", \"Last Name\": \"Devine\", \"Photo\": \"\", \"Address\": \"4 Wyman Road\", \"Current Status\": \"2010\", \"First Name\": \"Betsy\", \"Bio Information\": \" Betsy started life in Boston Lying-In Hospital when her father was finishing up Harvard Law School, and spent the first few months of her life in a small apartment shared with several litters of puppies and a stray pigeon.  She grew up in New Hampshire, happily immersed in family and pets and books upon books upon books.\\nShe went off to Bennington planning to become a poet and starve in a garret; managed to get married, divorced, and investigated by the FBI; built a log cabin, got a degree in zoology from UNH, and headed to Princeton as a graduate student.\\nThere this old woman of 25 met a third year graduate student named Frank Wilczek, who was just a few weeks past his 2!st birthday.  They recently celebrated their 36th wedding anniversary and have two grown-up daughters, both living nearby.\\nBetsy has a master\\u2019s degree in engineering from Princeton and many years of engagement with computers and people who love them.  With her husband she co-authored Longing for the Harmonies, a popular-science introduction published by WW Norton.  She has also enjoyed many real-life community projects including creating a newsletter for Princeton\\u2019s Institute for Advanced Study and captaining their softball team, the Princeton Eulers. The softball team led to her second published book, when a funny pamphlet she dot-matrix-printed as a team fundraiser became the kernel of Absolute Zero Gravity, a science-joke collection published by Simon and Schuster.\\nSince moving to Cambridge in 2000, she has been increasingly drawn into local internet communities.  Inspired by the first meeting of Harvard bloggers, convened in 2003, Betsy soon found herself employed as company blogger-cum-troubleshooter for an RSS search engine company.  This early incursion into what would later be called \\u201cWeb 2.0\\u201d was interrupted, however, when Frank won the Nobel Prize in 2004.  Betsy\\u2019s own weblog, \\u201cFunny Ha-Ha or Funny Peculiar,\\u201d survived the event, and 60-plus pages of it were later bought by World Scientific for inclusion in a book of Frank\\u2019s essays called Fantastic Realities. Her blog and her Wikipedia watchlist continue to reflect wide interests in science, politics, and Internet culture.  She looks forward very much to expanding her interests and experiences in the exciting world of HILR.\", \"City State Zip\": \"Cambridge, MA 02138\", \"Display name\": \"Betsy Devine\", \"Member Since\": \"2010\", \"Email\": \"betsy@betsydevine.com\"}", "Phone": "", "Last Name": "Devine", "Photo": "", "Address": "4 Wyman Road", "Current Status": "2010", "First Name": "Betsy", "Bio Information": " Betsy started life in Boston Lying-In Hospital when her father was finishing up Harvard Law School, and spent the first few months of her life in a small apartment shared with several litters of puppies and a stray pigeon.  She grew up in New Hampshire, happily immersed in family and pets and books upon books upon books.\nShe went off to Bennington planning to become a poet and starve in a garret; managed to get married, divorced, and investigated by the FBI; built a log cabin, got a degree in zoology from UNH, and headed to Princeton as a graduate student.\nThere this old woman of 25 met a third year graduate student named Frank Wilczek, who was just a few weeks past his 2!st birthday.  They recently celebrated their 36th wedding anniversary and have two grown-up daughters, both living nearby.\nBetsy has a master\u2019s degree in engineering from Princeton and many years of engagement with computers and people who love them.  With her husband she co-authored Longing for the Harmonies, a popular-science introduction published by WW Norton.  She has also enjoyed many real-life community projects including creating a newsletter for Princeton\u2019s Institute for Advanced Study and captaining their softball team, the Princeton Eulers. The softball team led to her second published book, when a funny pamphlet she dot-matrix-printed as a team fundraiser became the kernel of Absolute Zero Gravity, a science-joke collection published by Simon and Schuster.\nSince moving to Cambridge in 2000, she has been increasingly drawn into local internet communities.  Inspired by the first meeting of Harvard bloggers, convened in 2003, Betsy soon found herself employed as company blogger-cum-troubleshooter for an RSS search engine company.  This early incursion into what would later be called \u201cWeb 2.0\u201d was interrupted, however, when Frank won the Nobel Prize in 2004.  Betsy\u2019s own weblog, \u201cFunny Ha-Ha or Funny Peculiar,\u201d survived the event, and 60-plus pages of it were later bought by World Scientific for inclusion in a book of Frank\u2019s essays called Fantastic Realities. Her blog and her Wikipedia watchlist continue to reflect wide interests in science, politics, and Internet culture.  She looks forward very much to expanding her interests and experiences in the exciting world of HILR.", "City State Zip": "Cambridge, MA 02138", "Display name": "Betsy Devine", "Member Since": "2010", "Email": "betsy@betsydevine.com"}
