{"SafeDict": "{\"Phone\": \"617-494-1931\", \"Last Name\": \"Stone\", \"Photo\": \"\", \"Address\": \"6 Canal Park, PH8\", \"Current Status\": \"2004\", \"First Name\": \"Betty\", \"Bio Information\": \"From a young age Betty has been involved with the arts. Her passion began with dancing, studying both ballet and modern dance through high school and college. Her musical interests included the piano, which she still studies.\\n\\nAt Smith College, her interests broadened to literature and the visual arts. She transferred to Boston University where she received a BFA. There, she danced and acted in many plays at what is now the Huntington Theater. Olympia Dukakis and Robert Heffernan were her colleagues, and she worked with famous NY directors. It was an exciting time in her life and laid the groundwork for her continued interest in the theater.\\n\\nAfter marriage and the birth of three sons, Betty pursued her other love, teaching. She received an MS in education from Wheelock and began her career of teaching literature, the arts, and language arts. She has worked in independent schools, the MFA, and the Harvard University Art Museums for almost 20 years. She also received a certificate in landscape design and environmental studies from the Radcliffe Institute, where she honed her own skills in design, drawing, and painting. While teaching at the MFA, she took some time off to become a psychotherapist, receiving an MSW from Simmons College School of Social Work. After several valuable internships at local psychiatric hospitals, she went into private practice and combined her interest in creativity and psychoanalysis, becoming the first co-chair of the Art Committee at the Boston Psychoanalytic Society and Institute where she was the curator of a retrospective of the work of Albert Alcalay. At the MFA she organized their first symposium on \\u201cDreams and the Creative Process.\\u201d\\n\\nFor the past five years, she has been a museum educator and docent at the Harvard University Art Museums. She continues to paint, working in watercolors and oils, and has a website that shows her paintings. Betty is an avid tennis player and has traveled widely in Europe and Asia. She is interested in diverse cultures, studies the piano, is a voracious reader, and hopes to return to writing poetry and play reading while expanding her studies in the arts and humanities, through active membership in the community at HILR.\", \"City State Zip\": \"Cambridge MA 02141-2213\", \"Display name\": \"Betty Stone\", \"Member Since\": \"2004\", \"Email\": \"weisbuch_stone@mac.com\"}", "Phone": "617-494-1931", "Last Name": "Stone", "Photo": "", "Address": "6 Canal Park, PH8", "Current Status": "2004", "First Name": "Betty", "Bio Information": "From a young age Betty has been involved with the arts. Her passion began with dancing, studying both ballet and modern dance through high school and college. Her musical interests included the piano, which she still studies.\n\nAt Smith College, her interests broadened to literature and the visual arts. She transferred to Boston University where she received a BFA. There, she danced and acted in many plays at what is now the Huntington Theater. Olympia Dukakis and Robert Heffernan were her colleagues, and she worked with famous NY directors. It was an exciting time in her life and laid the groundwork for her continued interest in the theater.\n\nAfter marriage and the birth of three sons, Betty pursued her other love, teaching. She received an MS in education from Wheelock and began her career of teaching literature, the arts, and language arts. She has worked in independent schools, the MFA, and the Harvard University Art Museums for almost 20 years. She also received a certificate in landscape design and environmental studies from the Radcliffe Institute, where she honed her own skills in design, drawing, and painting. While teaching at the MFA, she took some time off to become a psychotherapist, receiving an MSW from Simmons College School of Social Work. After several valuable internships at local psychiatric hospitals, she went into private practice and combined her interest in creativity and psychoanalysis, becoming the first co-chair of the Art Committee at the Boston Psychoanalytic Society and Institute where she was the curator of a retrospective of the work of Albert Alcalay. At the MFA she organized their first symposium on \u201cDreams and the Creative Process.\u201d\n\nFor the past five years, she has been a museum educator and docent at the Harvard University Art Museums. She continues to paint, working in watercolors and oils, and has a website that shows her paintings. Betty is an avid tennis player and has traveled widely in Europe and Asia. She is interested in diverse cultures, studies the piano, is a voracious reader, and hopes to return to writing poetry and play reading while expanding her studies in the arts and humanities, through active membership in the community at HILR.", "City State Zip": "Cambridge MA 02141-2213", "Display name": "Betty Stone", "Member Since": "2004", "Email": "weisbuch_stone@mac.com"}
