{"SafeDict": "{\"Phone\": \"(617) 484-8132\", \"Last Name\": \"Krikorian\", \"Photo\": \"\", \"Address\": \"73 Edgemoor Rd.\", \"Current Status\": \"Active Member\", \"First Name\": \"Betty\", \"Bio Information\": \"Betty was born in Connecticut, was a bit of a gypsy for many years, and has been settled in Belmont for the past 35 years.   She has had several careers - in languages, law, and financial services compliance \\u2013 and is a tai chi and chi kung practitioner.\\nBetty holds a B.A. in French from William and Mary and an M.A. in French from Middlebury, lived in France for a year, and taught French at the University of Maryland and the University of Vermont.  After moving to Bologna, Italy, for her husband\\u2019s medical studies, she taught English for the Johns Hopkins School of Advanced International Studies master\\u2019s degree program in Bologna, translated for professors at the University of Bologna, and taught French during summers in the US.  She found her 6+ years in Bologna a rich and rewarding experience on many levels, not the least of which was learning to cook Bolognese food.\\nAfter earning a J.D. degree from BU Law School, Betty worked for 12 years at the Morin Center for Banking Law Studies at BU where she helped to start the Master of Laws program, wrote a book on fiduciary law in the management of pooled funds, and taught courses in the graduate program.  Betty subsequently joined State Street Bank, serving for 8 years as in-house counsel dealing primarily with custody and trading arrangements in global investment markets.\\n After leaving State Street, she started and ran a successful consulting business oriented toward financial services compliance and later spent almost two years working in mutual fund and investment advisor compliance at AARP Financial Inc. before retiring.  She is an active member of the Board of Trustees of a family of mutual funds.  Betty also does some part-time consulting.\\nFor the past 15 years, Betty has practiced tai chi and related martial arts and studied various energy-based body work techniques.  She is a qualified tai chi and chi kung instructor and a Reiki Master.  Pursuing this experiential and body-based form of learning alongside more traditional academic and legal disciplines continues to fascinate and challenge her.\\n Betty is fortunate to have two sons who both live nearby and is a new, enthusiastic grandmother of twins.  She regularly attends BSO and Boston Baroque concerts, reads, travels (just back from Egypt), and tries to keep up her French and Italian.  She looks forward to exploring new and old interests at HILR.\", \"City State Zip\": \"Belmont, MA 02478\", \"Display name\": \"Betty Krikorian\", \"Member Since\": \"2011\", \"Email\": \"blkrikorian@hotmail.com\"}", "Phone": "(617) 484-8132", "Last Name": "Krikorian", "Photo": "", "Address": "73 Edgemoor Rd.", "Current Status": "Active Member", "First Name": "Betty", "Bio Information": "Betty was born in Connecticut, was a bit of a gypsy for many years, and has been settled in Belmont for the past 35 years.   She has had several careers - in languages, law, and financial services compliance \u2013 and is a tai chi and chi kung practitioner.\nBetty holds a B.A. in French from William and Mary and an M.A. in French from Middlebury, lived in France for a year, and taught French at the University of Maryland and the University of Vermont.  After moving to Bologna, Italy, for her husband\u2019s medical studies, she taught English for the Johns Hopkins School of Advanced International Studies master\u2019s degree program in Bologna, translated for professors at the University of Bologna, and taught French during summers in the US.  She found her 6+ years in Bologna a rich and rewarding experience on many levels, not the least of which was learning to cook Bolognese food.\nAfter earning a J.D. degree from BU Law School, Betty worked for 12 years at the Morin Center for Banking Law Studies at BU where she helped to start the Master of Laws program, wrote a book on fiduciary law in the management of pooled funds, and taught courses in the graduate program.  Betty subsequently joined State Street Bank, serving for 8 years as in-house counsel dealing primarily with custody and trading arrangements in global investment markets.\n After leaving State Street, she started and ran a successful consulting business oriented toward financial services compliance and later spent almost two years working in mutual fund and investment advisor compliance at AARP Financial Inc. before retiring.  She is an active member of the Board of Trustees of a family of mutual funds.  Betty also does some part-time consulting.\nFor the past 15 years, Betty has practiced tai chi and related martial arts and studied various energy-based body work techniques.  She is a qualified tai chi and chi kung instructor and a Reiki Master.  Pursuing this experiential and body-based form of learning alongside more traditional academic and legal disciplines continues to fascinate and challenge her.\n Betty is fortunate to have two sons who both live nearby and is a new, enthusiastic grandmother of twins.  She regularly attends BSO and Boston Baroque concerts, reads, travels (just back from Egypt), and tries to keep up her French and Italian.  She looks forward to exploring new and old interests at HILR.", "City State Zip": "Belmont, MA 02478", "Display name": "Betty Krikorian", "Member Since": "2011", "Email": "blkrikorian@hotmail.com"}
