{"SafeDict": "{\"Phone\": \"(617) 283-4047\", \"Last Name\": \"Gillette\", \"Photo\": \"\", \"Address\": \"421 Walden Street\", \"Current Status\": \"Active Member\", \"First Name\": \"Beverly\", \"Bio Information\": \"Born and raised in the Garden State of NJ, Bev moved to the Boston area in 1971 and has been a satisfied New Englander ever since.  She lived in Concord MA for thirty years, where she raised her two independent daughters.  In 2005 she moved to our fair city with her new husband and long lost-high school boyfriend.  She\\u2019s delighted to be in Cambridge and within walking distance of HILR.\\nBev retired in 2012 after eleven years as a staff member of the Belmont UU church where she was the high school youth director and, more recently, the director of adult programs.  In Belmont she worked within multiple small group settings, and it is one of the many aspects of HILR that has attracted her.   Before her work in Belmont, she was a middle school teacher in Lexington and a teacher of first generation Cambodian high school students in Lowell, the co-owner of a small business, and a fundraiser for urban high school programs. She has lead numerous community service trips to Habitat for Humanity sites, to the Navajo Nation, to an urban volunteer program in San Antonio, and to food pantries in DC.\\nThe attached photo of Bev was taken in an underground city in Turkey.  She enjoys travel as a way of understanding other cultures, history, and peoples.  Additionally, she is an avid reader, walker and amateur gardener.  Occasionally, she plays 9 holes of golf and is proud to admit that she has never once kept score.\", \"City State Zip\": \"Cambridge, MA 02138\", \"Display name\": \"Beverly Gillette\", \"Member Since\": \"2012\", \"Email\": \"bevgillette@comcast.net\"}", "Phone": "(617) 283-4047", "Last Name": "Gillette", "Photo": "", "Address": "421 Walden Street", "Current Status": "Active Member", "First Name": "Beverly", "Bio Information": "Born and raised in the Garden State of NJ, Bev moved to the Boston area in 1971 and has been a satisfied New Englander ever since.  She lived in Concord MA for thirty years, where she raised her two independent daughters.  In 2005 she moved to our fair city with her new husband and long lost-high school boyfriend.  She\u2019s delighted to be in Cambridge and within walking distance of HILR.\nBev retired in 2012 after eleven years as a staff member of the Belmont UU church where she was the high school youth director and, more recently, the director of adult programs.  In Belmont she worked within multiple small group settings, and it is one of the many aspects of HILR that has attracted her.   Before her work in Belmont, she was a middle school teacher in Lexington and a teacher of first generation Cambodian high school students in Lowell, the co-owner of a small business, and a fundraiser for urban high school programs. She has lead numerous community service trips to Habitat for Humanity sites, to the Navajo Nation, to an urban volunteer program in San Antonio, and to food pantries in DC.\nThe attached photo of Bev was taken in an underground city in Turkey.  She enjoys travel as a way of understanding other cultures, history, and peoples.  Additionally, she is an avid reader, walker and amateur gardener.  Occasionally, she plays 9 holes of golf and is proud to admit that she has never once kept score.", "City State Zip": "Cambridge, MA 02138", "Display name": "Beverly Gillette", "Member Since": "2012", "Email": "bevgillette@comcast.net"}
