{"SafeDict": "{\"Phone\": \"9142137686\", \"Last Name\": \"Cohen\", \"Photo\": \"\", \"Address\": \"9142137686\", \"Current Status\": \"9142137686\", \"First Name\": \"Beverly\", \"Bio Information\": \"Beverly\\u2019s first job after graduating from Bryn Mawr College was as a research assistant in Radiological Physics at Columbia University\\u2019s College of Physicians and Surgeons, and the interest she developed in people\\u2019s exposure to radiation and other environmental agents stayed with her throughout her career. She began graduate studies there as part of her job training, and met and married Murray Cohen, who was then a young medical intern. After moving to Newburgh, NY where husband Murray began a nearly 50 year-long practice in Internal Medicine, she completed her MS in radiological physics at the Cornell Graduate School of Medical Sciences. When their three sons were old enough for school, Beverly became an Instructor in physics at Mount St. Mary College in Newburgh, then returned to academic research completing her Ph.D. in Environmental Medicine at New York University.\\n\\nBeverly is a new retiree from her position as a Professor of Environmental Medicine at the NYU School of Medicine. She is a recognized expert in inhalation exposure and dosimetry, aerosol measurements, and occupational and environmental health. Her research publications range from studies on the dosimetry and measurement of ultrafine particles, through design of air sampling instruments, to the impact of airports on neighborhood residents. She taught several graduate courses and served on the departmental graduate steering committee for many years. She has served on many government and professional expert committees including the Safety and Occupational Health Study Section, NIOSH, CDC, the U.S. Department of Energy Advisory Committee to the Rocky Flats Beryllium Health Surveillance Study, and the Scientific Advisory Panel of the Canadian Western Interprovincial Scientific Study Association. She also served on many professional society committees, as a Director, and later as Treasurer, of the American Association for Aerosol Research, and as Associate Editor of the journal \\u201cAerosol Science and Technology\\u201d. Most recently she served as Chair of the ACGIH (American Conference of Governmental Industrial Hygienists), after many years of chairing the ACGIH Air Sampling Instruments Committee and co-editing two editions of their air sampling text. She has also served as Director of the NYU-SOM NIEHS Center's Facility in Inhalation and Exposure Assessment and of the Exposure, Dosimetry, and Modeling Research Core of the EPA-NYU PM10 Center.\\n\\nBeverly and Murray enjoy skiing, which they try to do for at least a few weeks each winter, and traveling as part of an academic group experience. Since both are now retired they recently moved to Boston where they plan to continue learning new things, and enjoy both the cultural scene and their nine grandchildren. They also plan to spend part of each winter in Florida where both are members of the Academy of Senior Professionals at Eckerd College.\", \"City State Zip\": \"9142137686\", \"Display name\": \"Beverly Cohen\", \"Member Since\": \"9142137686\", \"Email\": \"beverly.cohen@nyumc.org\"}", "Phone": "9142137686", "Last Name": "Cohen", "Photo": "", "Address": "9142137686", "Current Status": "9142137686", "First Name": "Beverly", "Bio Information": "Beverly\u2019s first job after graduating from Bryn Mawr College was as a research assistant in Radiological Physics at Columbia University\u2019s College of Physicians and Surgeons, and the interest she developed in people\u2019s exposure to radiation and other environmental agents stayed with her throughout her career. She began graduate studies there as part of her job training, and met and married Murray Cohen, who was then a young medical intern. After moving to Newburgh, NY where husband Murray began a nearly 50 year-long practice in Internal Medicine, she completed her MS in radiological physics at the Cornell Graduate School of Medical Sciences. When their three sons were old enough for school, Beverly became an Instructor in physics at Mount St. Mary College in Newburgh, then returned to academic research completing her Ph.D. in Environmental Medicine at New York University.\n\nBeverly is a new retiree from her position as a Professor of Environmental Medicine at the NYU School of Medicine. She is a recognized expert in inhalation exposure and dosimetry, aerosol measurements, and occupational and environmental health. Her research publications range from studies on the dosimetry and measurement of ultrafine particles, through design of air sampling instruments, to the impact of airports on neighborhood residents. She taught several graduate courses and served on the departmental graduate steering committee for many years. She has served on many government and professional expert committees including the Safety and Occupational Health Study Section, NIOSH, CDC, the U.S. Department of Energy Advisory Committee to the Rocky Flats Beryllium Health Surveillance Study, and the Scientific Advisory Panel of the Canadian Western Interprovincial Scientific Study Association. She also served on many professional society committees, as a Director, and later as Treasurer, of the American Association for Aerosol Research, and as Associate Editor of the journal \u201cAerosol Science and Technology\u201d. Most recently she served as Chair of the ACGIH (American Conference of Governmental Industrial Hygienists), after many years of chairing the ACGIH Air Sampling Instruments Committee and co-editing two editions of their air sampling text. She has also served as Director of the NYU-SOM NIEHS Center's Facility in Inhalation and Exposure Assessment and of the Exposure, Dosimetry, and Modeling Research Core of the EPA-NYU PM10 Center.\n\nBeverly and Murray enjoy skiing, which they try to do for at least a few weeks each winter, and traveling as part of an academic group experience. Since both are now retired they recently moved to Boston where they plan to continue learning new things, and enjoy both the cultural scene and their nine grandchildren. They also plan to spend part of each winter in Florida where both are members of the Academy of Senior Professionals at Eckerd College.", "City State Zip": "9142137686", "Display name": "Beverly Cohen", "Member Since": "9142137686", "Email": "beverly.cohen@nyumc.org"}
