{"SafeDict": "{\"Phone\": \"\", \"Last Name\": \"Bookin\", \"Photo\": \"\", \"Address\": \"\", \"Current Status\": \"\", \"First Name\": \"Beverly\", \"Bio Information\": \"\", \"City State Zip\": \"\", \"Display name\": \"Beverly Bookin\", \"Member Since\": \"\", \"Email\": \"bookin@bookingroup.com\"}", "Phone": "", "Last Name": "Bookin", "Photo": "", "Address": "", "Current Status": "", "First Name": "Beverly", "Bio Information": "", "City State Zip": "", "Display name": "Beverly Bookin", "Member Since": "", "Email": "bookin@bookingroup.com"}
