{"SafeDict": "{\"Phone\": \"781 646 3320\", \"Last Name\": \"Eykamp\", \"Photo\": \"\", \"Address\": \"246 pleasant st\", \"Current Status\": \"Arlington 02476\", \"First Name\": \"Bill\", \"Bio Information\": \"When I left Purdue in 1958, I never wanted to darken the door of an academic institution again. Four years of chemical engineering had been an unrelenting grind. I was done!\\n\\nA month later, I was working in a chemical plant in Cambridge and rooming with 5 Harvard graduate students. With unwonted spare time, I set about liberalizing my education. I was in exactly the right place. Surrounded by academia, I was captured, and in due course had a Ph. D. from MIT. I celebrated by bumming around the world for a year, got married to an MIT librarian, and after a research job in Maryland, we returned to a startup company adjacent to the font of all knowledge. I shinnied up the slippery pole to the top. At 50, I became an academic (U. C. Berkeley, then Tufts). I was director of lots of companies and non-profits; then, very slowly, I retired.\\n\\nI am still an engineer with an industrial bias. I started as a janitor\\u2019s helper, and held every position up through chairman. I know how industry works. In academia, I started at the top, and remain astonished that it works at all.\\n\\nI live in Arlington with my first wife. We have 2 sons and 2 grandsons.\", \"City State Zip\": \"Arlington 02476\", \"Display name\": \"Bill Eykamp\", \"Member Since\": \"Arlington 02476\", \"Email\": \"bill@eykamp.org\"}", "Phone": "781 646 3320", "Last Name": "Eykamp", "Photo": "", "Address": "246 pleasant st", "Current Status": "Arlington 02476", "First Name": "Bill", "Bio Information": "When I left Purdue in 1958, I never wanted to darken the door of an academic institution again. Four years of chemical engineering had been an unrelenting grind. I was done!\n\nA month later, I was working in a chemical plant in Cambridge and rooming with 5 Harvard graduate students. With unwonted spare time, I set about liberalizing my education. I was in exactly the right place. Surrounded by academia, I was captured, and in due course had a Ph. D. from MIT. I celebrated by bumming around the world for a year, got married to an MIT librarian, and after a research job in Maryland, we returned to a startup company adjacent to the font of all knowledge. I shinnied up the slippery pole to the top. At 50, I became an academic (U. C. Berkeley, then Tufts). I was director of lots of companies and non-profits; then, very slowly, I retired.\n\nI am still an engineer with an industrial bias. I started as a janitor\u2019s helper, and held every position up through chairman. I know how industry works. In academia, I started at the top, and remain astonished that it works at all.\n\nI live in Arlington with my first wife. We have 2 sons and 2 grandsons.", "City State Zip": "Arlington 02476", "Display name": "Bill Eykamp", "Member Since": "Arlington 02476", "Email": "bill@eykamp.org"}
