{"SafeDict": "{\"Phone\": \"(857) 300-0214\", \"Last Name\": \"Boone\", \"Photo\": \"\", \"Address\": \"100 Landsdowne, #903\", \"Current Status\": \"Active Member\", \"First Name\": \"William\", \"Bio Information\": \"Studied English, French, business, and, in recent years, physics.\\nWas a mathematician in the Apollo Project.\\nTaught English Literature and Film at Williams College.\\nTaught Business Strategy at a business school in France.\\nFounded and ran a business strategy consulting firm.\\nDirects the productions of the Frances Addelson Shakespeare Players.\\nOne of the token conservatives at HILR.\", \"City State Zip\": \"Cambridge, MA 02139\", \"Display name\": \"Bill Boone\", \"Member Since\": \"2000\", \"Email\": \"wmssg@aol.com\"}", "Phone": "(857) 300-0214", "Last Name": "Boone", "Photo": "", "Address": "100 Landsdowne, #903", "Current Status": "Active Member", "First Name": "William", "Bio Information": "Studied English, French, business, and, in recent years, physics.\nWas a mathematician in the Apollo Project.\nTaught English Literature and Film at Williams College.\nTaught Business Strategy at a business school in France.\nFounded and ran a business strategy consulting firm.\nDirects the productions of the Frances Addelson Shakespeare Players.\nOne of the token conservatives at HILR.", "City State Zip": "Cambridge, MA 02139", "Display name": "Bill Boone", "Member Since": "2000", "Email": "wmssg@aol.com"}
