{"SafeDict": "{\"Phone\": \"(617) 484-0028\", \"Last Name\": \"Blumberg\", \"Photo\": \"\", \"Address\": \"84 Richardson Rd\", \"Current Status\": \"Active Member\", \"First Name\": \"William\", \"Bio Information\": \"I retired from the Air Force Research Laboratory at Hanscom Air Force Base in Lexington, MA on Aug 1 after a thirty-plus year career as a physicist. I began my career with the Air Force conducting laboratory measurements of the chemical processes are responsible for the colors of light emitted by the upper atmosphere such as the processes responsible for the colors of the aurora. I led teams that analyzed atmospheric emission data collected from sensors on the Space Shuttle as well as a number of Department of Defense satellites. More recently I have managed research groups developing new types of sensors on satellites to meet Air Force needs for improved surveillance. Prior to working for the Air Force I did my PhD research at Harvard in the laboratory of Professor Norman Ramsey (who won the Nobel Prize in 1989 for work done long before I became one of his students!) and also worked at the Lawrence Livermore Laboratory and the MIT Lincoln Lab.\\n  One of my goals for retirement is to get in touch with my inner physicist and learn about the amazing developments in astrophysics that have occurred since I was in graduate school. Among other interests I am involved with a book group and enjoy hiking in the Green Mountains near my family\\u2019s summer place in Vermont.\\n  I am married to Deborah Deixel Blumberg who is a psychotherapist in private practice and have two children, Andrew, who is an assistant professor in math at the University of Texas at Austin, and Emily, who is looking forward to doing public interest law in Chicago this fall.\\n     \", \"City State Zip\": \"Belmont, MA 02478\", \"Display name\": \"Bill Blumberg\", \"Member Since\": \"2011\", \"Email\": \"blumb84@verizon.net\"}", "Phone": "(617) 484-0028", "Last Name": "Blumberg", "Photo": "", "Address": "84 Richardson Rd", "Current Status": "Active Member", "First Name": "William", "Bio Information": "I retired from the Air Force Research Laboratory at Hanscom Air Force Base in Lexington, MA on Aug 1 after a thirty-plus year career as a physicist. I began my career with the Air Force conducting laboratory measurements of the chemical processes are responsible for the colors of light emitted by the upper atmosphere such as the processes responsible for the colors of the aurora. I led teams that analyzed atmospheric emission data collected from sensors on the Space Shuttle as well as a number of Department of Defense satellites. More recently I have managed research groups developing new types of sensors on satellites to meet Air Force needs for improved surveillance. Prior to working for the Air Force I did my PhD research at Harvard in the laboratory of Professor Norman Ramsey (who won the Nobel Prize in 1989 for work done long before I became one of his students!) and also worked at the Lawrence Livermore Laboratory and the MIT Lincoln Lab.\n  One of my goals for retirement is to get in touch with my inner physicist and learn about the amazing developments in astrophysics that have occurred since I was in graduate school. Among other interests I am involved with a book group and enjoy hiking in the Green Mountains near my family\u2019s summer place in Vermont.\n  I am married to Deborah Deixel Blumberg who is a psychotherapist in private practice and have two children, Andrew, who is an assistant professor in math at the University of Texas at Austin, and Emily, who is looking forward to doing public interest law in Chicago this fall.\n     ", "City State Zip": "Belmont, MA 02478", "Display name": "Bill Blumberg", "Member Since": "2011", "Email": "blumb84@verizon.net"}
