{"SafeDict": "{\"Phone\": \"617-738-7598\", \"Last Name\": \"Kroin\", \"Photo\": \"\", \"Address\": \"16 Harris Street\", \"Current Status\": \"Active Member\", \"First Name\": \"Robert\", \"Bio Information\": \"Since retiring in 2009 after forty years at Boston\\u2019s planning agency I\\u2019ve enjoyed extended summers paddling on Maine\\u2019s Kezar Lake with my spouse, Judith Steinbergh, a writer and teacher, Brookline's first (and second!) poet laureate, and now a new member at HILR. I enjoy having more time for reading -- fiction, mainly; listening to music and concert-going \\u2013 chamber music mostly, operas more recently, and always rock-and roll; reluctantly going to the gym but finding Pilates engaging; and eating my heart out watching the Red Sox on the radio. We look forward to continuing foreign travel. In recent years we\\u2019ve been to Turkey, Japan, China and Botswana. \\nMy career coincided with Boston\\u2019s transformation from an urban backwater in the 1950s to the country\\u2019s best small city, and as chief architect I made a small contribution to a large number of projects and plans. My interest in Boston continues; I like giving walking tours, talks, and an annual three-day seminar for the professional development program Teachers as Scholars.\\nGrowing up in Manhattan I had a wonderful view of the stars at the Hayden Planetarium and I developed a life-long interest in astronomy. Over the past six years I\\u2019ve made four month-long trips with my telescope to a remote location in Arizona for serious stargazing under clear skies. I completed observing the 110-object Messier Catalog, most of the Caldwell Catalog and logged 1000 observations. Judy is very kind about accommodating my enjoyment of staring at faint, fuzzy objects in the freezing cold and often keeps me company in dark places. I\\u2019m looking forward to keeping my nine-year-old grandson, Julian, up all night under the stars. Five-year-old Maslin, too, in a few years, and then come the twins now 16 months old.\\nAs I complete my third quarter-century here on this planet HILR is an increasingly important part of my life. I led three study groups in urban design and hope someday to have the skill as a study group leader and the courage to take on a topic I love but don\\u2019t know much about.\\n\\nPath : p.p1  \\u00bb span.s1\", \"City State Zip\": \"Brookline, MA 02446\", \"Display name\": \"Bob Kroin\", \"Member Since\": \"2011\", \"Email\": \"kroin@earthlink.net\"}", "Phone": "617-738-7598", "Last Name": "Kroin", "Photo": "", "Address": "16 Harris Street", "Current Status": "Active Member", "First Name": "Robert", "Bio Information": "Since retiring in 2009 after forty years at Boston\u2019s planning agency I\u2019ve enjoyed extended summers paddling on Maine\u2019s Kezar Lake with my spouse, Judith Steinbergh, a writer and teacher, Brookline's first (and second!) poet laureate, and now a new member at HILR. I enjoy having more time for reading -- fiction, mainly; listening to music and concert-going \u2013 chamber music mostly, operas more recently, and always rock-and roll; reluctantly going to the gym but finding Pilates engaging; and eating my heart out watching the Red Sox on the radio. We look forward to continuing foreign travel. In recent years we\u2019ve been to Turkey, Japan, China and Botswana. \nMy career coincided with Boston\u2019s transformation from an urban backwater in the 1950s to the country\u2019s best small city, and as chief architect I made a small contribution to a large number of projects and plans. My interest in Boston continues; I like giving walking tours, talks, and an annual three-day seminar for the professional development program Teachers as Scholars.\nGrowing up in Manhattan I had a wonderful view of the stars at the Hayden Planetarium and I developed a life-long interest in astronomy. Over the past six years I\u2019ve made four month-long trips with my telescope to a remote location in Arizona for serious stargazing under clear skies. I completed observing the 110-object Messier Catalog, most of the Caldwell Catalog and logged 1000 observations. Judy is very kind about accommodating my enjoyment of staring at faint, fuzzy objects in the freezing cold and often keeps me company in dark places. I\u2019m looking forward to keeping my nine-year-old grandson, Julian, up all night under the stars. Five-year-old Maslin, too, in a few years, and then come the twins now 16 months old.\nAs I complete my third quarter-century here on this planet HILR is an increasingly important part of my life. I led three study groups in urban design and hope someday to have the skill as a study group leader and the courage to take on a topic I love but don\u2019t know much about.\n\nPath : p.p1  \u00bb span.s1", "City State Zip": "Brookline, MA 02446", "Display name": "Bob Kroin", "Member Since": "2011", "Email": "kroin@earthlink.net"}
