{"SafeDict": "{\"Phone\": \"9784433660\", \"Last Name\": \"White\", \"Photo\": \"\", \"Address\": \"215 Mossman Road\", \"Current Status\": \"Active\", \"First Name\": \"Brian\", \"Bio Information\": \"Brian E. Whitereceived Ph.D. and M.S. degrees in Computer Sciences from the University of Wisconsin, and S.M. and S.B. degrees in Electrical Engineering from M.I.T. He served in the U.S. Air Force, and for 8 years was at M.I.T. Lincoln Laboratory. For 5 years Dr. White was a principal engineering manager at Signatron, Inc. In his 28 years at The MITRE Corporation, he held a variety of senior professional staff and project/resource management positions. He was Director of MITRE's Systems Engineering Process Office, 2003-2009. Dr. White retired from MITRE in July, 2010, and currently offers a consulting service, CAU\\u00dfSES (\\u201cComplexity Are Us\\u201d\\u00dfSystems Engineering Strategies). Web Site:www.cau-ses.net\\nA summary of Dr. White\\u2019s professional activities in recent years:\\n2010-2014: Presented complex systems engineering tutorial at\\nAmerican Society for Engineering Management (ASEM), 2015 Annual Conference, Indianapolis, IN, 7-10 October 2015\\n9th Annual System of Systems Engineering Conference, Adelaide, Australia, June 2014\\nComplex Adaptive Systems 2013 conference, Baltimore, MD, November 2013\\n23rd International Council on Systems Engineering (INCOSE) International Symposium, Philadelphia, PA, July 2013\\nInternational conference hosted by Israel\\u2019s Chapter of INCOSE, Herzlia, Israel, March 2013 (invited)\\nNational Defense Industrial Association (NDIA) 15thAnnual Systems Engineering Conference, San Diego, CA, October 2012\\nWashington (DC) Metropolitan Area Chapter of INCOSE, August, 2011(invited)\\nINCOSE Symposium, Denver, CO, June 2011\\n2010 INCOSE Symposium: panel and paper presentations and session chairing (invited)\\n-       Architecture and Cyber-security panel presentation\\n-       Repeat of 2010 IEEE International Systems Conference paper in IEEE session\\n-       Chaired IEEE and Complex Systems sessions\\n2006-2015: Co-Editor of a book series, \\u201cComplex and Enterprise Systems Engineering\\u201d with Taylor &\\n         Francis (CRC) publishers\\nCo-Editor (with four others) and co-author of three chapters in new book, Case Studies in System of   \\n             Systems, Enterprise Systems, and Complex Systems Engineering, Boca Raton: CRC Press 2015\\nCo-author of book Leadership in Chaordic Organizations, Boca Raton: CRC Press, 2013\\nCo-Editor of book and Chapter 5 author of \\u201cEnterprise Opportunity and Risk,\\u201d in Enterprise Systems\\n      Engineering: Advances in the Theory and Practice, Boca Raton: CRC Press, 2011\\nCo-author of Chapter 3 \\u201cEmergence of SoS, Socio-cognitive Aspects,\\u201d in System of Systems Engineering\\n             Principles and Applications, Boca Raton: CRC Press, 2009\\n2005-2008: INCOSE Assistant Director for Systems Science and Chair of the Systems Science Enabler Group.\\n2005-present: Authored and presented more than two dozen conference papers in  \\n        complex systems engineering (refer to partial paper citation list below)\\n2003-2010: Further developed and augmented MITRE\\u2019s \\u201cRegimen for Complex Systems Engineering\\u201d to create\\n        what is now called the Complex Adaptive Systems Engineering (CASE) methodology\\nDeveloped case studies showing the degree to which CASE principles are followed in important\\n             government programs such as maritime domain awareness, Census Bureau information processing, etc.\\n2010-2016: Selected paper citations:\\nB. E. White, \\u201cLeadership Under Conditions of Complexity,\\u201d IEEE SoSE Conference, Kongsberg, Norway, 12-16 June 2016\\nB. E. White, \\u201cOn a Maturity Model for Complexity, Complex Systems, and Complex Systems Engineering.\\u201d Complex Systems Conference, New Forest, UK, 1-3 June 2016\\nB. E. White, \\u201cA Complex Adaptive Systems Engineering (CASE) Methodology \\u2014 The Ten-Year Update,\\u201d IEEE Systems Conference, Orlando, FL, 18-21 April 2016\\nB. E. White, \\u201cSystems Engineering Beliefs: Contemplating Personal Perceptions regarding State of the Art,\\u201d International Journal of Design & Nature and Ecodynamics, Special Issue on Complex Systems Applications, papers from Complex Systems 2015 conference, New Forest, UK, 12-14 May 2015, Vol. 11, No. 1, 2016, 10-23\\nB. E. White, \\u201cOn Leadership in the Complex Adaptive Systems Engineering of Enterprise Transformation,\\u201d Journal of Enterprise Transformation, Vol. 5, No. 3, 192-217, 11 September 2015. Supplementary Material (Appendices): http://www.tandfonline.com/doi/suppl/10.1080/19488289.2015.1056450; ISSN: 1948-8289 \", \"City State Zip\": \"Sudbury, MA 01776\", \"Display name\": \"Brian White\", \"Member Since\": \"February 2017\", \"Email\": \"bewhite71@gmail.com\"}", "Phone": "9784433660", "Last Name": "White", "Photo": "", "Address": "215 Mossman Road", "Current Status": "Active", "First Name": "Brian", "Bio Information": "Brian E. Whitereceived Ph.D. and M.S. degrees in Computer Sciences from the University of Wisconsin, and S.M. and S.B. degrees in Electrical Engineering from M.I.T. He served in the U.S. Air Force, and for 8 years was at M.I.T. Lincoln Laboratory. For 5 years Dr. White was a principal engineering manager at Signatron, Inc. In his 28 years at The MITRE Corporation, he held a variety of senior professional staff and project/resource management positions. He was Director of MITRE's Systems Engineering Process Office, 2003-2009. Dr. White retired from MITRE in July, 2010, and currently offers a consulting service, CAU\u00dfSES (\u201cComplexity Are Us\u201d\u00dfSystems Engineering Strategies). Web Site:www.cau-ses.net\nA summary of Dr. White\u2019s professional activities in recent years:\n2010-2014: Presented complex systems engineering tutorial at\nAmerican Society for Engineering Management (ASEM), 2015 Annual Conference, Indianapolis, IN, 7-10 October 2015\n9th Annual System of Systems Engineering Conference, Adelaide, Australia, June 2014\nComplex Adaptive Systems 2013 conference, Baltimore, MD, November 2013\n23rd International Council on Systems Engineering (INCOSE) International Symposium, Philadelphia, PA, July 2013\nInternational conference hosted by Israel\u2019s Chapter of INCOSE, Herzlia, Israel, March 2013 (invited)\nNational Defense Industrial Association (NDIA) 15thAnnual Systems Engineering Conference, San Diego, CA, October 2012\nWashington (DC) Metropolitan Area Chapter of INCOSE, August, 2011(invited)\nINCOSE Symposium, Denver, CO, June 2011\n2010 INCOSE Symposium: panel and paper presentations and session chairing (invited)\n-       Architecture and Cyber-security panel presentation\n-       Repeat of 2010 IEEE International Systems Conference paper in IEEE session\n-       Chaired IEEE and Complex Systems sessions\n2006-2015: Co-Editor of a book series, \u201cComplex and Enterprise Systems Engineering\u201d with Taylor &\n         Francis (CRC) publishers\nCo-Editor (with four others) and co-author of three chapters in new book, Case Studies in System of   \n             Systems, Enterprise Systems, and Complex Systems Engineering, Boca Raton: CRC Press 2015\nCo-author of book Leadership in Chaordic Organizations, Boca Raton: CRC Press, 2013\nCo-Editor of book and Chapter 5 author of \u201cEnterprise Opportunity and Risk,\u201d in Enterprise Systems\n      Engineering: Advances in the Theory and Practice, Boca Raton: CRC Press, 2011\nCo-author of Chapter 3 \u201cEmergence of SoS, Socio-cognitive Aspects,\u201d in System of Systems Engineering\n             Principles and Applications, Boca Raton: CRC Press, 2009\n2005-2008: INCOSE Assistant Director for Systems Science and Chair of the Systems Science Enabler Group.\n2005-present: Authored and presented more than two dozen conference papers in  \n        complex systems engineering (refer to partial paper citation list below)\n2003-2010: Further developed and augmented MITRE\u2019s \u201cRegimen for Complex Systems Engineering\u201d to create\n        what is now called the Complex Adaptive Systems Engineering (CASE) methodology\nDeveloped case studies showing the degree to which CASE principles are followed in important\n             government programs such as maritime domain awareness, Census Bureau information processing, etc.\n2010-2016: Selected paper citations:\nB. E. White, \u201cLeadership Under Conditions of Complexity,\u201d IEEE SoSE Conference, Kongsberg, Norway, 12-16 June 2016\nB. E. White, \u201cOn a Maturity Model for Complexity, Complex Systems, and Complex Systems Engineering.\u201d Complex Systems Conference, New Forest, UK, 1-3 June 2016\nB. E. White, \u201cA Complex Adaptive Systems Engineering (CASE) Methodology \u2014 The Ten-Year Update,\u201d IEEE Systems Conference, Orlando, FL, 18-21 April 2016\nB. E. White, \u201cSystems Engineering Beliefs: Contemplating Personal Perceptions regarding State of the Art,\u201d International Journal of Design & Nature and Ecodynamics, Special Issue on Complex Systems Applications, papers from Complex Systems 2015 conference, New Forest, UK, 12-14 May 2015, Vol. 11, No. 1, 2016, 10-23\nB. E. White, \u201cOn Leadership in the Complex Adaptive Systems Engineering of Enterprise Transformation,\u201d Journal of Enterprise Transformation, Vol. 5, No. 3, 192-217, 11 September 2015. Supplementary Material (Appendices): http://www.tandfonline.com/doi/suppl/10.1080/19488289.2015.1056450; ISSN: 1948-8289 ", "City State Zip": "Sudbury, MA 01776", "Display name": "Brian White", "Member Since": "February 2017", "Email": "bewhite71@gmail.com"}
