{"SafeDict": "{\"Phone\": \"(978) 887-5255\", \"Last Name\": \"Ditchek\", \"Photo\": \"\", \"Address\": \"40 Partridgeberry Pl\", \"Current Status\": \"2015\", \"First Name\": \"Brian\", \"Bio Information\": \"Born and raised in the Bronx, NY, Brian went to the State University of New York at Stony Brook on Long Island to study engineering.  Attracted by the strong physics and chemistry components, he specialized in Materials Science and graduated in 1973.  He left the New York area for the Chicago suburb of Evanston to attend graduate school in Materials Science at Northwestern University where he successfully defended his Ph.D. Thesis in 1977.  \\n\\nHis career started with a National Research Council Postdoctoral assignment at the National Bureau of Standards (now called the National Institute of Standards and Technology) in Gaithersburg, MD.  From there he pursued industrial research opportunities, initially at Martin Marietta Laboratories and then at GTE Labs (GTE became Verizon in 1993).  While at GTE Labs, located in Waltham, MA, he researched unique electronic materials, funded mostly by the principal government research agencies in the Navy, Air Force, Army and NASA, leading to over 50 scientific publications, 12 patents, experiments on the Space Shuttle and a popular write-up in the Wall Street Journal.  \\n\\nBrian moved to OSRAM Sylvania, a lighting company in 1993, where he transitioned to positions in R&D management and then business unit management.  He spent the last 7 years within the company as General Manager of the fluorescent and ballast businesses, with P&L responsibility for these business units with over 1 million Square ft of factory space, hundreds of millions of dollars in sales and thousands of employees. His transition from a researcher to a business unit manager was compelled by his interest in bringing new products to the market and using a scientific and analytical approach to running operations.\\n\\nAfter retiring from OSRAM Sylvania in 2008, he worked for a Silicon Valley start-up, enlighted, inc., a local Woburn start-up, Lucidity Lights, initiated an online green energy magazine, B-Green Collaborative, and started writing about investing on Seeking Alpha.\\n\\n In 2014, Brian fully retired pursuing his lifelong interests in science, history, writing and the environment. In late 2015, he published his first novel, I Am Avhor, a fast paced Sci-Fi adventure story. \", \"City State Zip\": \"Ipswich, MA 01938\", \"Display name\": \"Brian Ditchek\", \"Member Since\": \"2015\", \"Email\": \"bd.bgrncol@gmail.com\"}", "Phone": "(978) 887-5255", "Last Name": "Ditchek", "Photo": "", "Address": "40 Partridgeberry Pl", "Current Status": "2015", "First Name": "Brian", "Bio Information": "Born and raised in the Bronx, NY, Brian went to the State University of New York at Stony Brook on Long Island to study engineering.  Attracted by the strong physics and chemistry components, he specialized in Materials Science and graduated in 1973.  He left the New York area for the Chicago suburb of Evanston to attend graduate school in Materials Science at Northwestern University where he successfully defended his Ph.D. Thesis in 1977.  \n\nHis career started with a National Research Council Postdoctoral assignment at the National Bureau of Standards (now called the National Institute of Standards and Technology) in Gaithersburg, MD.  From there he pursued industrial research opportunities, initially at Martin Marietta Laboratories and then at GTE Labs (GTE became Verizon in 1993).  While at GTE Labs, located in Waltham, MA, he researched unique electronic materials, funded mostly by the principal government research agencies in the Navy, Air Force, Army and NASA, leading to over 50 scientific publications, 12 patents, experiments on the Space Shuttle and a popular write-up in the Wall Street Journal.  \n\nBrian moved to OSRAM Sylvania, a lighting company in 1993, where he transitioned to positions in R&D management and then business unit management.  He spent the last 7 years within the company as General Manager of the fluorescent and ballast businesses, with P&L responsibility for these business units with over 1 million Square ft of factory space, hundreds of millions of dollars in sales and thousands of employees. His transition from a researcher to a business unit manager was compelled by his interest in bringing new products to the market and using a scientific and analytical approach to running operations.\n\nAfter retiring from OSRAM Sylvania in 2008, he worked for a Silicon Valley start-up, enlighted, inc., a local Woburn start-up, Lucidity Lights, initiated an online green energy magazine, B-Green Collaborative, and started writing about investing on Seeking Alpha.\n\n In 2014, Brian fully retired pursuing his lifelong interests in science, history, writing and the environment. In late 2015, he published his first novel, I Am Avhor, a fast paced Sci-Fi adventure story. ", "City State Zip": "Ipswich, MA 01938", "Display name": "Brian Ditchek", "Member Since": "2015", "Email": "bd.bgrncol@gmail.com"}
