{"SafeDict": "{\"Phone\": \"617-876-4850\", \"Last Name\": \"Knobe\", \"Photo\": \"\", \"Address\": \"73 Langdon Street\", \"Current Status\": \"Active Member\", \"First Name\": \"Bruce\", \"Bio Information\": \"I'm interested in photography, bridge, woodworking, civil liberties, and in-depth discussions on almost any topic. \", \"City State Zip\": \"Cambridge MA 02138\", \"Display name\": \"Bruce Knobe\", \"Member Since\": \"2005\", \"Email\": \"knobe@alum.mit.edu\"}", "Phone": "617-876-4850", "Last Name": "Knobe", "Photo": "", "Address": "73 Langdon Street", "Current Status": "Active Member", "First Name": "Bruce", "Bio Information": "I'm interested in photography, bridge, woodworking, civil liberties, and in-depth discussions on almost any topic. ", "City State Zip": "Cambridge MA 02138", "Display name": "Bruce Knobe", "Member Since": "2005", "Email": "knobe@alum.mit.edu"}
