{"SafeDict": "{\"Phone\": \"617 584-9880\", \"Last Name\": \"Dame\", \"Photo\": \"\", \"Address\": \"4105 Stearns Hill Rd\", \"Current Status\": \"Spring, 2012\", \"First Name\": \"Bruce\", \"Bio Information\": \"Bruce was born in Brockton, Massachusetts then grew up in the San Francisco Bay Area. He began college as a Criminal Justice major, then was an honors graduate from Pacific Union College with a BA in religion. His graduate degrees were from Andrews University with a MA in Biblical Studies and a MDiv professional degree. As a young pastor he became committed to community ministry and engagement in the civil rights, anti-poverty, Anti-war, mental health and educational sectors.\\nIn order to become more proficient in counseling psychology, Bruce attended the University of Southern California School of Graduate Studies.  In 1968, he took a position as a psychological counselor and teacher at a racially integrated parochial school near Watts. The Board, like the public school community, became uncomfortable with funding a psychological counselor in the wake of the negative publicity around the issue of the new \\\"Sensitivity Group\\\" Movement.  \\nRemaining committed to counseling, he was able to obtain a paid clinical training position in the San Gabriel Valley that included a rotation through a mental hospital, a state prison for women, a community mental health center, and a university medical center.\\nHe gained membership in the American College of Chaplains, The American Association of Pastoral Counselors, a Clinical Member of the American Association for Marriage and Family Counselors, and was certified as a Licensed Marital and Family Therapist in Florida. Bruce spent the majority of his counseling career with the Samaritan Counseling Center in Ft. Lauderdale, Florida.\\nHe established a string of satellite offices in West Palm Beach, Lake Worth, Palm Beach Gardens, Jupiter and Stuart, Florida. For two years he was the part-time interim pastor of the First Congregational Church of Lake Worth, Florida.\\nHe is the divorced father of two sons, Paul, who is a Master Electrician in Kansas City, Eric who is a Vanderbilt-trained radiologist near Nashville, and a daughter, Annabel, who is a Senior at Belmont High School.\\nFollowing retirement, Bruce volunteered as a children's guardian ad litim for the Florida Supreme Court, where he solely represented the \\\"Best Interests of The Child\\\" to the Court.\\nHaving then moved to Texas, he became a paid volunteer Victim Services Crisis Team Leader with the Austin, Texas Police Department. The position was focused mainly on victim/witness/relative counseling in Domestic Assault, Sexual Assault, Homicide, Robbery, Child Abuse, and other violent crimes. Additionally, he performed crisis intervention with emotionally disturbed persons that came to the attention of APD.  \\nHe personally delivered death notifications for APD, and from police department requests from across the country.\\nHis current interests are in HILR, Secular Humanism, political reform, movies, reading, the Boston sports scene, and working out. Bruce is currently undergoing training from his young canine pet, Max, a Bichon/Shih-Zu mix.\", \"City State Zip\": \"Waltham, MA 02451\", \"Display name\": \"Bruce Dame\", \"Member Since\": \"Spring, 2012\", \"Email\": \"dambruce@gmail.com\"}", "Phone": "617 584-9880", "Last Name": "Dame", "Photo": "", "Address": "4105 Stearns Hill Rd", "Current Status": "Spring, 2012", "First Name": "Bruce", "Bio Information": "Bruce was born in Brockton, Massachusetts then grew up in the San Francisco Bay Area. He began college as a Criminal Justice major, then was an honors graduate from Pacific Union College with a BA in religion. His graduate degrees were from Andrews University with a MA in Biblical Studies and a MDiv professional degree. As a young pastor he became committed to community ministry and engagement in the civil rights, anti-poverty, Anti-war, mental health and educational sectors.\nIn order to become more proficient in counseling psychology, Bruce attended the University of Southern California School of Graduate Studies.  In 1968, he took a position as a psychological counselor and teacher at a racially integrated parochial school near Watts. The Board, like the public school community, became uncomfortable with funding a psychological counselor in the wake of the negative publicity around the issue of the new \"Sensitivity Group\" Movement.  \nRemaining committed to counseling, he was able to obtain a paid clinical training position in the San Gabriel Valley that included a rotation through a mental hospital, a state prison for women, a community mental health center, and a university medical center.\nHe gained membership in the American College of Chaplains, The American Association of Pastoral Counselors, a Clinical Member of the American Association for Marriage and Family Counselors, and was certified as a Licensed Marital and Family Therapist in Florida. Bruce spent the majority of his counseling career with the Samaritan Counseling Center in Ft. Lauderdale, Florida.\nHe established a string of satellite offices in West Palm Beach, Lake Worth, Palm Beach Gardens, Jupiter and Stuart, Florida. For two years he was the part-time interim pastor of the First Congregational Church of Lake Worth, Florida.\nHe is the divorced father of two sons, Paul, who is a Master Electrician in Kansas City, Eric who is a Vanderbilt-trained radiologist near Nashville, and a daughter, Annabel, who is a Senior at Belmont High School.\nFollowing retirement, Bruce volunteered as a children's guardian ad litim for the Florida Supreme Court, where he solely represented the \"Best Interests of The Child\" to the Court.\nHaving then moved to Texas, he became a paid volunteer Victim Services Crisis Team Leader with the Austin, Texas Police Department. The position was focused mainly on victim/witness/relative counseling in Domestic Assault, Sexual Assault, Homicide, Robbery, Child Abuse, and other violent crimes. Additionally, he performed crisis intervention with emotionally disturbed persons that came to the attention of APD.  \nHe personally delivered death notifications for APD, and from police department requests from across the country.\nHis current interests are in HILR, Secular Humanism, political reform, movies, reading, the Boston sports scene, and working out. Bruce is currently undergoing training from his young canine pet, Max, a Bichon/Shih-Zu mix.", "City State Zip": "Waltham, MA 02451", "Display name": "Bruce Dame", "Member Since": "Spring, 2012", "Email": "dambruce@gmail.com"}
