{"SafeDict": "{\"Phone\": \"617-864-9305\", \"Last Name\": \"Ditzion\", \"Photo\": \"\", \"Address\": \"6 West Bellevue Avenue\", \"Current Status\": \"Active Member\", \"First Name\": \"Bruce\", \"Bio Information\": \" I grew up in New York City and went to medical school at the Albert Einstein College of Medicine.  Following that I trained in medicine at the Peter Bent Brigham Hospital with a stint in community medicine at the Family Health Care Program at Children\\u2019s Hospital.  Except for two years living in Bethesda while I was doing biochemical pharmacology research at the National Institutes of Health, we have lived in Cambridge since 1966.  Most of my medical career was at Mount Auburn Hospital where I founded and directed the Primary Care Center, a hospital based group practice that is a training site for residents.  Additionally, for many years I taught students at Harvard Medical School and continued to teach after stepping down from my Mount Auburn Hospital position.\\n  As a child, I played the violin and attended the High School of Music and Art.  I stopped playing a couple of years after high school but in recent years I have taken up and tried to learn (with the difficulties of taking up a new instrument as an adult) the piano.  Whatever challenges that I have experienced playing instruments, I have always been an avid listener of music and attendee at concerts.\\n  Joan Sheingold Ditzion and I have been married since 1967.  She is a social worker and is a founder of Our Bodies, Ourselves.  She has written parts of each of the editions as well as other works concerning feminism and intergenerational relationships.  We have two married adult sons and daughters in law who live in Boston and Brookline, and three very young grandchildren with whom we spend a lot of time and are very much the centers of our lives.\\n   I am interested in history, journalism, literature, art history, classical music, and politics.\", \"City State Zip\": \"Cambridge, MA 02140\", \"Display name\": \"Bruce Ditzion\", \"Member Since\": \"2013\", \"Email\": \"bditzion@comcast.net\"}", "Phone": "617-864-9305", "Last Name": "Ditzion", "Photo": "", "Address": "6 West Bellevue Avenue", "Current Status": "Active Member", "First Name": "Bruce", "Bio Information": " I grew up in New York City and went to medical school at the Albert Einstein College of Medicine.  Following that I trained in medicine at the Peter Bent Brigham Hospital with a stint in community medicine at the Family Health Care Program at Children\u2019s Hospital.  Except for two years living in Bethesda while I was doing biochemical pharmacology research at the National Institutes of Health, we have lived in Cambridge since 1966.  Most of my medical career was at Mount Auburn Hospital where I founded and directed the Primary Care Center, a hospital based group practice that is a training site for residents.  Additionally, for many years I taught students at Harvard Medical School and continued to teach after stepping down from my Mount Auburn Hospital position.\n  As a child, I played the violin and attended the High School of Music and Art.  I stopped playing a couple of years after high school but in recent years I have taken up and tried to learn (with the difficulties of taking up a new instrument as an adult) the piano.  Whatever challenges that I have experienced playing instruments, I have always been an avid listener of music and attendee at concerts.\n  Joan Sheingold Ditzion and I have been married since 1967.  She is a social worker and is a founder of Our Bodies, Ourselves.  She has written parts of each of the editions as well as other works concerning feminism and intergenerational relationships.  We have two married adult sons and daughters in law who live in Boston and Brookline, and three very young grandchildren with whom we spend a lot of time and are very much the centers of our lives.\n   I am interested in history, journalism, literature, art history, classical music, and politics.", "City State Zip": "Cambridge, MA 02140", "Display name": "Bruce Ditzion", "Member Since": "2013", "Email": "bditzion@comcast.net"}
