{"SafeDict": "{\"Phone\": \"\", \"Last Name\": \"Erturkkilic\", \"Photo\": \"\", \"Address\": \"\", \"Current Status\": \"\", \"First Name\": \"Burcu\", \"Bio Information\": \"\", \"City State Zip\": \"\", \"Display name\": \"Burcu Erturkkilic\", \"Member Since\": \"\", \"Email\": \"burcu.erturkkilic@boun.edu.tr\"}", "Phone": "", "Last Name": "Erturkkilic", "Photo": "", "Address": "", "Current Status": "", "First Name": "Burcu", "Bio Information": "", "City State Zip": "", "Display name": "Burcu Erturkkilic", "Member Since": "", "Email": "burcu.erturkkilic@boun.edu.tr"}
