{"SafeDict": "{\"Phone\": \"617-670-9799\", \"Last Name\": \"Jaffe, M.D.\", \"Photo\": \"\", \"Address\": \"1 Huntington Ave #203\", \"Current Status\": \"Active Member\", \"First Name\": \"Burton\", \"Bio Information\": \"I am a graduate of Tufts University, Tufts Medical School, and the University of Michigan Dept. of Otolaryngology. I returned to Boston in 1970 to join the Harvard Medical School Faculty and became Chief of The Ear, Nose, and Throat Dept at Beth Israel Hospital and Children's Hospital. In 1977 I went into private practice, and later became Chief of ENT at Newton Wellesley Hospital.\\n\\nI have been retired since 1999. My wife, Eleanor, and I live in Copley Sq., and have a home in San Miguel de Allende, Mexico where I have been a silversmith, a stained glass maker, and a cloisonee maker. It is there that I have given a classical piano recital for friends over the past 5 years.\\n\\nI like to keep fit, and play tennis often, and intersperse my walking with running.I devote myself, as Chairman of the Energy Conservation Committee at my 97 unit condominium in Copley Square, to learning how to reduce our energy consumption, giving advice to our Board of Directors, and to other building owners. I have been on a panel sponsored by the City of Boston talking about how to organize energy conservation committees at other large condominium buildings. For these activities, I was awarded the Green Residential Award by Boston's Mayor Menino in April 2008.\", \"City State Zip\": \"Boston, MA 02116\", \"Display name\": \"Burton Jaffe, M.D.\", \"Member Since\": \"2006\", \"Email\": \"bjaffe80@aol.com\"}", "Phone": "617-670-9799", "Last Name": "Jaffe, M.D.", "Photo": "", "Address": "1 Huntington Ave #203", "Current Status": "Active Member", "First Name": "Burton", "Bio Information": "I am a graduate of Tufts University, Tufts Medical School, and the University of Michigan Dept. of Otolaryngology. I returned to Boston in 1970 to join the Harvard Medical School Faculty and became Chief of The Ear, Nose, and Throat Dept at Beth Israel Hospital and Children's Hospital. In 1977 I went into private practice, and later became Chief of ENT at Newton Wellesley Hospital.\n\nI have been retired since 1999. My wife, Eleanor, and I live in Copley Sq., and have a home in San Miguel de Allende, Mexico where I have been a silversmith, a stained glass maker, and a cloisonee maker. It is there that I have given a classical piano recital for friends over the past 5 years.\n\nI like to keep fit, and play tennis often, and intersperse my walking with running.I devote myself, as Chairman of the Energy Conservation Committee at my 97 unit condominium in Copley Square, to learning how to reduce our energy consumption, giving advice to our Board of Directors, and to other building owners. I have been on a panel sponsored by the City of Boston talking about how to organize energy conservation committees at other large condominium buildings. For these activities, I was awarded the Green Residential Award by Boston's Mayor Menino in April 2008.", "City State Zip": "Boston, MA 02116", "Display name": "Burton Jaffe, M.D.", "Member Since": "2006", "Email": "bjaffe80@aol.com"}
