{"SafeDict": "{\"Phone\": \"978-546-9209\", \"Last Name\": \"Smith\", \"Photo\": \"\", \"Address\": \"10 Rowe Point\", \"Current Status\": \"2001\", \"First Name\": \"Cameron\", \"Bio Information\": \"Cameron lived or worked abroad for much of his career. After graduating from Yale and MIT\\u2019s Sloan School, he and his wife, Seymour, moved to Colombia on their wedding day, where he spent two years as an MIT Fellow in a steel company. Then their growing family lived in Canada, Guatemala, Thailand and the Netherlands \\u2013 where he worked in marketing and general management for Warner-Lambert Co., a consumer products and pharmaceutical company.\\n\\nAfter moving back to the Boston area, Cameron\\u2019s career as a consultant took him to many other countries, mostly developing ones. Most work was in small business development and information technology management in the insurance field. After retirement in 1996, Cameron started volunteering almost full time in Rockport. He started as a teacher\\u2019s assistant in information technology classes and then began fundraising; now he\\u2019s the president of the Educational Foundation for Rockport. One project is to use local contacts to bring undergraduate volunteers into Rockport classrooms.\\n\\nBesides volunteering, Cameron and Seymour enjoy aquatic activities such as sailing, kayaking, and keeping their small grandchildren from eating too much seaweed.\", \"City State Zip\": \"Rockport, MA 01966\", \"Display name\": \"Cameron Smith\", \"Member Since\": \"2001\", \"Email\": \"csthaiduck4@gmail.com\"}", "Phone": "978-546-9209", "Last Name": "Smith", "Photo": "", "Address": "10 Rowe Point", "Current Status": "2001", "First Name": "Cameron", "Bio Information": "Cameron lived or worked abroad for much of his career. After graduating from Yale and MIT\u2019s Sloan School, he and his wife, Seymour, moved to Colombia on their wedding day, where he spent two years as an MIT Fellow in a steel company. Then their growing family lived in Canada, Guatemala, Thailand and the Netherlands \u2013 where he worked in marketing and general management for Warner-Lambert Co., a consumer products and pharmaceutical company.\n\nAfter moving back to the Boston area, Cameron\u2019s career as a consultant took him to many other countries, mostly developing ones. Most work was in small business development and information technology management in the insurance field. After retirement in 1996, Cameron started volunteering almost full time in Rockport. He started as a teacher\u2019s assistant in information technology classes and then began fundraising; now he\u2019s the president of the Educational Foundation for Rockport. One project is to use local contacts to bring undergraduate volunteers into Rockport classrooms.\n\nBesides volunteering, Cameron and Seymour enjoy aquatic activities such as sailing, kayaking, and keeping their small grandchildren from eating too much seaweed.", "City State Zip": "Rockport, MA 01966", "Display name": "Cameron Smith", "Member Since": "2001", "Email": "csthaiduck4@gmail.com"}
