{"SafeDict": "{\"Phone\": \"\", \"Last Name\": \"Coch\", \"Photo\": \"\", \"Address\": \"\", \"Current Status\": \"\", \"First Name\": \"Carla\", \"Bio Information\": \"\", \"City State Zip\": \"\", \"Display name\": \"Carla Coch\", \"Member Since\": \"\", \"Email\": \"ccoch@frontier.com\"}", "Phone": "", "Last Name": "Coch", "Photo": "", "Address": "", "Current Status": "", "First Name": "Carla", "Bio Information": "", "City State Zip": "", "Display name": "Carla Coch", "Member Since": "", "Email": "ccoch@frontier.com"}
