{"SafeDict": "{\"Phone\": \"(617) 354-3533\", \"Last Name\": \"Neu\", \"Photo\": \"\", \"Address\": \"14 Longfellow Road\", \"Current Status\": \"Active\", \"First Name\": \"Carlos\", \"Bio Information\": \"I would like to introduce myself to my new community at HILR. I\\nwas born in Cali, Colombia in 1942 where my parents had been\\nwelcomed after fleeing Austria in 1939. They named me Carlos\\nand not Karl because they hoped that having a Spanish name\\nwould protect me better from being discovered by the Nazi\\nregime if it ever made it to Colombia. When I was only a few\\nmonths old we moved to Bogot\\u00e1 where I lived until returning to\\nCali to study medicine.\\n\\nFast forward to 1968 when I arrived in Miami during the famous\\nNational Democratic Convention in Chicago. Thinking that I had\\narrived in such a civilized country, I found it to be quite disturbing\\nto see how violent the protests and police retaliation were. Had I\\nmade the right decision or should I just have remained in\\nColombia? Obviously I stayed and went from Miami to Boston to\\nbegin my residency in psychiatry. I trained at Boston State Hospital\\nwhich at the time, much like Mass Mental Health, was still a\\npsychoanalytic academic center but rapidly taken over by the\\nnascent psychopharmacology and community psychiatry\\nmetamorphosis. After four years of residency I became a fellow at\\nMassachusetts General Hospital and subsequently became a\\nmember of a multi-national research team studying major mental\\nillness. My most delightful job while at MGH was being the\\nChairman of Grand Rounds. Not only did I get to invite guests of\\nmy choosing but it was a most awesome experience to be running\\nthese rounds from the Ether Dome.\\n\\nBut in 1979 I decided that research psychiatry was not really where\\nI wanted to spend the rest of my career. An HMO, a new concept\\nthen, known back then as Harvard Community Health Plan or\\nHCHP offered me a position at their Cambridge location. At the\\nsame time I became a codirector of the Mount Auburn Hospital\\ninpatient psychiatric service.\\n\\nIn 1999 I decided that I needed to make one more career change,\\nnamely offering my clinical skills to the Hispanic community of\\nBoston as well as to the people without or limited insurance. I\\nwanted to use my cultural and language skills with a population\\nthat was deprived because of limited resources. The Arbour\\nHospital in Jamaica Plain offered me this opportunity. It was a\\nrewarding and rich experience which I brought to an end when I\\ndecided to retire in June of 2016.\\n\\nOn a personal note, I have been married to my wife, Judi, for\\nnearly 48 years. We have two adult children. Both are married. Our\\nson lives in Chicago and our daughter and her husband and our\\ntwo grandchildren live nearby. Being a grandfather has been the\\njoy of my life. I am Jewish and have studied and taken buddhist\\nvows.\\n\\nI have been a photographer since I had my first \\u201cbrownie\\u201d camera\\nwhen my age was still counted in single digits. We love the out doors, gardening, cooking, eating out and love theatre, ballet and\\nmovies.\\n\\nI am very excited to enter this new phase of my life at HILR where I\\nhave already experienced the richness of a community of peers\\neager to learn, explore and share.\", \"City State Zip\": \"Cambridge, MA 02138\", \"Display name\": \"Carlos Neu\", \"Member Since\": \"2017\", \"Email\": \"carlosneu@icloud.com\"}", "Phone": "(617) 354-3533", "Last Name": "Neu", "Photo": "", "Address": "14 Longfellow Road", "Current Status": "Active", "First Name": "Carlos", "Bio Information": "I would like to introduce myself to my new community at HILR. I\nwas born in Cali, Colombia in 1942 where my parents had been\nwelcomed after fleeing Austria in 1939. They named me Carlos\nand not Karl because they hoped that having a Spanish name\nwould protect me better from being discovered by the Nazi\nregime if it ever made it to Colombia. When I was only a few\nmonths old we moved to Bogot\u00e1 where I lived until returning to\nCali to study medicine.\n\nFast forward to 1968 when I arrived in Miami during the famous\nNational Democratic Convention in Chicago. Thinking that I had\narrived in such a civilized country, I found it to be quite disturbing\nto see how violent the protests and police retaliation were. Had I\nmade the right decision or should I just have remained in\nColombia? Obviously I stayed and went from Miami to Boston to\nbegin my residency in psychiatry. I trained at Boston State Hospital\nwhich at the time, much like Mass Mental Health, was still a\npsychoanalytic academic center but rapidly taken over by the\nnascent psychopharmacology and community psychiatry\nmetamorphosis. After four years of residency I became a fellow at\nMassachusetts General Hospital and subsequently became a\nmember of a multi-national research team studying major mental\nillness. My most delightful job while at MGH was being the\nChairman of Grand Rounds. Not only did I get to invite guests of\nmy choosing but it was a most awesome experience to be running\nthese rounds from the Ether Dome.\n\nBut in 1979 I decided that research psychiatry was not really where\nI wanted to spend the rest of my career. An HMO, a new concept\nthen, known back then as Harvard Community Health Plan or\nHCHP offered me a position at their Cambridge location. At the\nsame time I became a codirector of the Mount Auburn Hospital\ninpatient psychiatric service.\n\nIn 1999 I decided that I needed to make one more career change,\nnamely offering my clinical skills to the Hispanic community of\nBoston as well as to the people without or limited insurance. I\nwanted to use my cultural and language skills with a population\nthat was deprived because of limited resources. The Arbour\nHospital in Jamaica Plain offered me this opportunity. It was a\nrewarding and rich experience which I brought to an end when I\ndecided to retire in June of 2016.\n\nOn a personal note, I have been married to my wife, Judi, for\nnearly 48 years. We have two adult children. Both are married. Our\nson lives in Chicago and our daughter and her husband and our\ntwo grandchildren live nearby. Being a grandfather has been the\njoy of my life. I am Jewish and have studied and taken buddhist\nvows.\n\nI have been a photographer since I had my first \u201cbrownie\u201d camera\nwhen my age was still counted in single digits. We love the out doors, gardening, cooking, eating out and love theatre, ballet and\nmovies.\n\nI am very excited to enter this new phase of my life at HILR where I\nhave already experienced the richness of a community of peers\neager to learn, explore and share.", "City State Zip": "Cambridge, MA 02138", "Display name": "Carlos Neu", "Member Since": "2017", "Email": "carlosneu@icloud.com"}
