{"SafeDict": "{\"Phone\": \"6172481879\", \"Last Name\": \"Lee\", \"Photo\": \"\", \"Address\": \"6172481879\", \"Current Status\": \"Active Member\", \"First Name\": \"Carmen\", \"Bio Information\": \"Born in Hong Kong, Carmen trained as a librarian in London, earned a PhD, and managed a library specializing in the history of science in Cambridge University. She came to the US and continued a \\u201cconventional\\u201d professional career in academic libraries and archival projects.\\n\\nFor the past couple of years, in addition to sharing and satisfying her intellectual curiosity at HILR, she also helps small organizations (often pro bono).  Using her expertise in library and online research, she lends them a hand in collecting, evaluating, and organizing useful information so it can be turned into actionable knowledge.\\nCarmen is a long-time vegetarian with a soft spot for animals (especially cats) and loves the ocean.\", \"City State Zip\": \"6172481879\", \"Display name\": \"Carmen Lee\", \"Member Since\": \"2008\", \"Email\": \"carmen.lee@uclmail.net\"}", "Phone": "6172481879", "Last Name": "Lee", "Photo": "", "Address": "6172481879", "Current Status": "Active Member", "First Name": "Carmen", "Bio Information": "Born in Hong Kong, Carmen trained as a librarian in London, earned a PhD, and managed a library specializing in the history of science in Cambridge University. She came to the US and continued a \u201cconventional\u201d professional career in academic libraries and archival projects.\n\nFor the past couple of years, in addition to sharing and satisfying her intellectual curiosity at HILR, she also helps small organizations (often pro bono).  Using her expertise in library and online research, she lends them a hand in collecting, evaluating, and organizing useful information so it can be turned into actionable knowledge.\nCarmen is a long-time vegetarian with a soft spot for animals (especially cats) and loves the ocean.", "City State Zip": "6172481879", "Display name": "Carmen Lee", "Member Since": "2008", "Email": "carmen.lee@uclmail.net"}
