{"SafeDict": "{\"Phone\": \"(781) 237-2471\", \"Last Name\": \"Borek\", \"Photo\": \"\", \"Address\": \"P.O. Box 81311\", \"Current Status\": \"New\", \"First Name\": \"Carmia\", \"Bio Information\": \"New\", \"City State Zip\": \"Wellesley, MA. 02481\", \"Display name\": \"Carmia Borek\", \"Member Since\": \"Fall 2014\", \"Email\": \"carmia.borek@tufts.edu\"}", "Phone": "(781) 237-2471", "Last Name": "Borek", "Photo": "", "Address": "P.O. Box 81311", "Current Status": "New", "First Name": "Carmia", "Bio Information": "New", "City State Zip": "Wellesley, MA. 02481", "Display name": "Carmia Borek", "Member Since": "Fall 2014", "Email": "carmia.borek@tufts.edu"}
