{"SafeDict": "{\"Phone\": \"\", \"Last Name\": \"Schipani\", \"Photo\": \"\", \"Address\": \"\", \"Current Status\": \"1998\", \"First Name\": \"Carmela\", \"Bio Information\": \"Carmela Schipani lives in Cambridge with her family. She was born in Boston, attended the local schools, received her bachelor's degree from Emmanuel College, and her master's from Boston University.\\n\\nShe has just retired from teaching for 32 years in the Belmont school system's World language Department. She is looking forward to practicing her language skills (French and Spanish) at HILR. She remembers attending Harvard University Extension's language courses in the 1940's for the mere sum of five dollars a semester (the cost of two bushels of hay).\\n\\nShe loves traveling, reading, taking care of her grandchildren, and especially retirement.\", \"City State Zip\": \"\", \"Display name\": \"Carmela Schipani\", \"Member Since\": \"1998\", \"Email\": \"shipmate02138@yahoo.com\"}", "Phone": "", "Last Name": "Schipani", "Photo": "", "Address": "", "Current Status": "1998", "First Name": "Carmela", "Bio Information": "Carmela Schipani lives in Cambridge with her family. She was born in Boston, attended the local schools, received her bachelor's degree from Emmanuel College, and her master's from Boston University.\n\nShe has just retired from teaching for 32 years in the Belmont school system's World language Department. She is looking forward to practicing her language skills (French and Spanish) at HILR. She remembers attending Harvard University Extension's language courses in the 1940's for the mere sum of five dollars a semester (the cost of two bushels of hay).\n\nShe loves traveling, reading, taking care of her grandchildren, and especially retirement.", "City State Zip": "", "Display name": "Carmela Schipani", "Member Since": "1998", "Email": "shipmate02138@yahoo.com"}
