{"SafeDict": "{\"Phone\": \"(617) 524-0232\", \"Last Name\": \"Pryor\", \"Photo\": \"\", \"Address\": \"24 Eldridge Rd.\", \"Current Status\": \"2011\", \"First Name\": \"Carol\", \"Bio Information\": \"Carol Pryor grew up in Chicago and attended the University of California at Berkeley. Coincidentally she arrived at the university just in time for the Free Speech Movement and the first massive campus demonstrations, experiences that permanently affected her world view. She received a BA in American history from U.C. and, after a year in Europe and a variety of odd jobs, began a PhD program in European history at Boston University. She completed her qualifying exams before finally facing up to the grim realities of the academic job market, left school, and with almost no computer experience drifted into the world of high tech as a documentation writer. She spent more than 15 years as a writer and documentation manager, mostly at Lotus Development Corporation. During that time, she received Masters degrees in both Education and Public Health from B.U. In 2000, with her daughter safely out of college, she was finally able to return to her interests in promoting social justice. She worked for two years at state health agencies and then joined The Access Project, a small non-profit dedicated to advocating for affordable health care for vulnerable populations, where she remained for ten years. As a policy analyst and policy director at the organization, she researched and wrote about a variety of health-related topics, with a primary emphasis on the causes, scope, and consequences of medical debt for health-care consumers. One of her final reports was an analysis, funded by the Kaiser Family Foundation, of Massachusetts consumers\\u2019 experiences getting health care after the passage of the state\\u2019s health care reform law.\\nIn addition to her career, Carol has remained active in local political organizations, working on issues such as ending U.S. support for the Salvadoran government during the 1980s civil war, supporting progressive state income taxes in Massachusetts, and campaigning for progressive political candidates. She has been trying to learn Spanish, on and off, since high school. In the last several years she has continued to develop her Spanish-language skills through adult education and other informal classes, as well as through study visits to Mexico and Bolivia. Other interests include reading, Tai Chi, and spending time with her grandchildren.\", \"City State Zip\": \"Jamaica Plain, MA 02130\", \"Display name\": \"Carol Pryor\", \"Member Since\": \"2011\", \"Email\": \"carol-pryor@att.net\"}", "Phone": "(617) 524-0232", "Last Name": "Pryor", "Photo": "", "Address": "24 Eldridge Rd.", "Current Status": "2011", "First Name": "Carol", "Bio Information": "Carol Pryor grew up in Chicago and attended the University of California at Berkeley. Coincidentally she arrived at the university just in time for the Free Speech Movement and the first massive campus demonstrations, experiences that permanently affected her world view. She received a BA in American history from U.C. and, after a year in Europe and a variety of odd jobs, began a PhD program in European history at Boston University. She completed her qualifying exams before finally facing up to the grim realities of the academic job market, left school, and with almost no computer experience drifted into the world of high tech as a documentation writer. She spent more than 15 years as a writer and documentation manager, mostly at Lotus Development Corporation. During that time, she received Masters degrees in both Education and Public Health from B.U. In 2000, with her daughter safely out of college, she was finally able to return to her interests in promoting social justice. She worked for two years at state health agencies and then joined The Access Project, a small non-profit dedicated to advocating for affordable health care for vulnerable populations, where she remained for ten years. As a policy analyst and policy director at the organization, she researched and wrote about a variety of health-related topics, with a primary emphasis on the causes, scope, and consequences of medical debt for health-care consumers. One of her final reports was an analysis, funded by the Kaiser Family Foundation, of Massachusetts consumers\u2019 experiences getting health care after the passage of the state\u2019s health care reform law.\nIn addition to her career, Carol has remained active in local political organizations, working on issues such as ending U.S. support for the Salvadoran government during the 1980s civil war, supporting progressive state income taxes in Massachusetts, and campaigning for progressive political candidates. She has been trying to learn Spanish, on and off, since high school. In the last several years she has continued to develop her Spanish-language skills through adult education and other informal classes, as well as through study visits to Mexico and Bolivia. Other interests include reading, Tai Chi, and spending time with her grandchildren.", "City State Zip": "Jamaica Plain, MA 02130", "Display name": "Carol Pryor", "Member Since": "2011", "Email": "carol-pryor@att.net"}
