{"SafeDict": "{\"Phone\": \"(610) 220-5500\", \"Last Name\": \"Kunik\", \"Photo\": \"\", \"Address\": \"10 Rogers Street, #604\", \"Current Status\": \"New\", \"First Name\": \"Carol\", \"Bio Information\": \"I have just relocated to a gorgeous apartment at River Court in Cambridge. I\\u2019m so excited about having a parking sticker which will make my commute to 34 Concord so much easier.\\n I have enjoyed two wonderful careers, two husbands, two daughters, two son-in-laws, and six wonderful grandchildren. My retirement is only recent and after fifty years of working I\\u2019m looking forward to fifty years of playing. My interests in that regard include traveling, writing, reading, biking, and learning new things. I am also very interested in making new friends and developing community.\\nProfessionally, I have worked as a teacher, nurse, airline hostess, personnel generalist, psychologist and coach. My most compelling career involved twenty years as a psychotherapist in Philadelphia and ten years as a CEO coach for Vistage International. I was also was the lead chair of two major conferences for Vistage, which included obtaining David Gergen the journalist and David Whyte the poet, as Keynote speakers.\\nMy current passion for revolutionizing retirement has led to the development of Sage Cohousing Advocates, a nonprofit with the mission of \\u201cChanging the face of Aging in the U.S.\\u201d I sit on the board of that organization with Chuck Durett, who brought the Cohousing Concept to the United States from Denmark. I have recently joined Bay State Commons, a cohousing group looking to create a community in the Boston Metro North. I am VERY excited to join the HILR community \\u2013 learning new stuff, making new friends and contributing my energy and knowledge.\", \"City State Zip\": \"Cambridge, MA 02142\", \"Display name\": \"Carol Kunik\", \"Member Since\": \"Fall 2014\", \"Email\": \"carolkunik@gmail.com\"}", "Phone": "(610) 220-5500", "Last Name": "Kunik", "Photo": "", "Address": "10 Rogers Street, #604", "Current Status": "New", "First Name": "Carol", "Bio Information": "I have just relocated to a gorgeous apartment at River Court in Cambridge. I\u2019m so excited about having a parking sticker which will make my commute to 34 Concord so much easier.\n I have enjoyed two wonderful careers, two husbands, two daughters, two son-in-laws, and six wonderful grandchildren. My retirement is only recent and after fifty years of working I\u2019m looking forward to fifty years of playing. My interests in that regard include traveling, writing, reading, biking, and learning new things. I am also very interested in making new friends and developing community.\nProfessionally, I have worked as a teacher, nurse, airline hostess, personnel generalist, psychologist and coach. My most compelling career involved twenty years as a psychotherapist in Philadelphia and ten years as a CEO coach for Vistage International. I was also was the lead chair of two major conferences for Vistage, which included obtaining David Gergen the journalist and David Whyte the poet, as Keynote speakers.\nMy current passion for revolutionizing retirement has led to the development of Sage Cohousing Advocates, a nonprofit with the mission of \u201cChanging the face of Aging in the U.S.\u201d I sit on the board of that organization with Chuck Durett, who brought the Cohousing Concept to the United States from Denmark. I have recently joined Bay State Commons, a cohousing group looking to create a community in the Boston Metro North. I am VERY excited to join the HILR community \u2013 learning new stuff, making new friends and contributing my energy and knowledge.", "City State Zip": "Cambridge, MA 02142", "Display name": "Carol Kunik", "Member Since": "Fall 2014", "Email": "carolkunik@gmail.com"}
