{"SafeDict": "{\"Phone\": \"617-469-9644\", \"Last Name\": \"Sager\", \"Photo\": \"\", \"Address\": \"21 Wallis Road\", \"Current Status\": \"2005\", \"First Name\": \"Carol\", \"Bio Information\": \"President, Sager Educational Enterprises - www.carolsager.com. Former superintendent of schools -MA & IL. Policy advisor during Reagan, Bush, and Clinton administrations.\\n\\nBarnard College undergraduate, Boston University doctorate\", \"City State Zip\": \"Chestnut Hill MA 02467-3110\", \"Display name\": \"Carol Sager\", \"Member Since\": \"2005\", \"Email\": \"cs@carolsager.com\"}", "Phone": "617-469-9644", "Last Name": "Sager", "Photo": "", "Address": "21 Wallis Road", "Current Status": "2005", "First Name": "Carol", "Bio Information": "President, Sager Educational Enterprises - www.carolsager.com. Former superintendent of schools -MA & IL. Policy advisor during Reagan, Bush, and Clinton administrations.\n\nBarnard College undergraduate, Boston University doctorate", "City State Zip": "Chestnut Hill MA 02467-3110", "Display name": "Carol Sager", "Member Since": "2005", "Email": "cs@carolsager.com"}
