{"SafeDict": "{\"Phone\": \"\", \"Last Name\": \"Berman\", \"Photo\": \"\", \"Address\": \"\", \"Current Status\": \"Active Member\", \"First Name\": \"Carole\", \"Bio Information\": \"Carole Berman lives in Lynnfield with her husband Joel. Together they look forward to participating m the HIlR to enhance their already active and interesting lives. She is a graduate of Brandeis University with a degree in American Civilization and has an MA in non-western history.\\n\\nHer love of travel got her started in the travel industry and for the last 15 years she has worked as a consultant on trip planning for Fresh Pond Travel. She taught geography in public schools and now leads a course in geography for the Brandeis Women's Committee Study Group. She also has been a volunteer teaching English to new Russian emigres. Carole feels privileged to have been able to visit over 60 countries both as a tourist and as a group travel escort. Last August she escorted a group of women on safari to East Africa and has just returned from three weeks in Southeast Asia.\\n\\nShe has three married children and three grandchildren. She hopes to take many courses at HILR in the subjects for which she has never previously had time.\", \"City State Zip\": \"\", \"Display name\": \"Carole Berman\", \"Member Since\": \"1998\", \"Email\": \"cwberman@hotmail.com\"}", "Phone": "", "Last Name": "Berman", "Photo": "", "Address": "", "Current Status": "Active Member", "First Name": "Carole", "Bio Information": "Carole Berman lives in Lynnfield with her husband Joel. Together they look forward to participating m the HIlR to enhance their already active and interesting lives. She is a graduate of Brandeis University with a degree in American Civilization and has an MA in non-western history.\n\nHer love of travel got her started in the travel industry and for the last 15 years she has worked as a consultant on trip planning for Fresh Pond Travel. She taught geography in public schools and now leads a course in geography for the Brandeis Women's Committee Study Group. She also has been a volunteer teaching English to new Russian emigres. Carole feels privileged to have been able to visit over 60 countries both as a tourist and as a group travel escort. Last August she escorted a group of women on safari to East Africa and has just returned from three weeks in Southeast Asia.\n\nShe has three married children and three grandchildren. She hopes to take many courses at HILR in the subjects for which she has never previously had time.", "City State Zip": "", "Display name": "Carole Berman", "Member Since": "1998", "Email": "cwberman@hotmail.com"}
