{"SafeDict": "{\"Phone\": \"(617) 965-2023\", \"Last Name\": \"Walters\", \"Photo\": \"\", \"Address\": \"99-50 Florence St.\", \"Current Status\": \"2012\", \"First Name\": \"Carol\", \"Bio Information\": \"Carol\\u2019s educational background at Mt Holyoke and Goucher College (BA), Simmons School of Social Work and Nova University (MPA) led to a multi-faceted professional career as a pediatric medical social worker, grant writer and program designer, medical school administrator and instructor, director of academic administration and consultant for academic medical institutions and community nonprofits.\\nShe spent most of her adult life in Rhode Island where she was Director of Subcontracts and Program Development for the Rhode Island Cancer Control Program\\u2019s NCI grant and an elected member of the Barrington School Committee for 10 years. In 1982 after the death of her husband from cancer, she was recruited by New York Medical College to be Administrative Director of the Department of Medicine and Instructor in Community Medicine and then to be  Director of Academic Administration at Memorial Sloan-Kettering Cancer Center until 1993 when she moved to Massachusetts to be closer to her first grandchild and as consultant for strategic planning for Neurosurgery at Brigham and Women\\u2019s and Children\\u2019s Hospitals. She continued her career as an independent consultant for academic, medical and community nonprofit organizations. Two highlights of her years as a consultant were designing and implementing The Compassionate Caregiver Award for the Kenneth B. Schwartz Center and developing and teaching a 32 hour course in management consulting for those professionals 55 years or older to enable them to serve nonprofit organizations as pro bono consultants. Recently, Carol taught a course on metaphysical poetry for the BOLLI program at Brandeis.\\nCarol enjoys her family, her dog, world travel, learning about different cultures, hiking, classical music and all of the arts as well as history and politics.\\n \", \"City State Zip\": \"Chestnut Hill, MA 032467\", \"Display name\": \"Carol Walters\", \"Member Since\": \"2012\", \"Email\": \"cfwalt@comcast.net\"}", "Phone": "(617) 965-2023", "Last Name": "Walters", "Photo": "", "Address": "99-50 Florence St.", "Current Status": "2012", "First Name": "Carol", "Bio Information": "Carol\u2019s educational background at Mt Holyoke and Goucher College (BA), Simmons School of Social Work and Nova University (MPA) led to a multi-faceted professional career as a pediatric medical social worker, grant writer and program designer, medical school administrator and instructor, director of academic administration and consultant for academic medical institutions and community nonprofits.\nShe spent most of her adult life in Rhode Island where she was Director of Subcontracts and Program Development for the Rhode Island Cancer Control Program\u2019s NCI grant and an elected member of the Barrington School Committee for 10 years. In 1982 after the death of her husband from cancer, she was recruited by New York Medical College to be Administrative Director of the Department of Medicine and Instructor in Community Medicine and then to be  Director of Academic Administration at Memorial Sloan-Kettering Cancer Center until 1993 when she moved to Massachusetts to be closer to her first grandchild and as consultant for strategic planning for Neurosurgery at Brigham and Women\u2019s and Children\u2019s Hospitals. She continued her career as an independent consultant for academic, medical and community nonprofit organizations. Two highlights of her years as a consultant were designing and implementing The Compassionate Caregiver Award for the Kenneth B. Schwartz Center and developing and teaching a 32 hour course in management consulting for those professionals 55 years or older to enable them to serve nonprofit organizations as pro bono consultants. Recently, Carol taught a course on metaphysical poetry for the BOLLI program at Brandeis.\nCarol enjoys her family, her dog, world travel, learning about different cultures, hiking, classical music and all of the arts as well as history and politics.\n ", "City State Zip": "Chestnut Hill, MA 032467", "Display name": "Carol Walters", "Member Since": "2012", "Email": "cfwalt@comcast.net"}
