{"SafeDict": "{\"Phone\": \"617-945-9475\", \"Last Name\": \"Dietz\", \"Photo\": \"\", \"Address\": \"1010 Memorial Drive\", \"Current Status\": \"Cambridge, MA 02138\", \"First Name\": \"Carol\", \"Bio Information\": \"Carol lives with her husband, Milton, in Cambridge. She received her AB in history and literature from Radcliffe College, and an MA from Harvard's Russian Research Center.  She then continued her studies at Harvard Graduate School, working for a PhD in Slavic languages and literatures.\\n\\nA memorable experience during this period was being among the first non-embassy Americans admitted into post-Stalin Russia, at which time she acted as a guide at the initial American Exhibition in Moscow where Nixon and Krushchev had their famous \\\"kitchen debate.\\\"\\n\\nShe was three times a Ford Foundation fellow and a recipient of several government grants. However, two young daughters and a then stagnant academic job market led to a change in her career. She subsequently received a JD degree from Boston University Law School and became an Assistant Attorney General in the Massachusetts Attorney General's Consumer Protection Division, Public Protection Bureau, serving under three attorneys general.  She prosecuted perpetrators of numerous types of unfair and deceptive acts affecting consumers, especially the elderly. Her particular area of expertise was, however, prosecuting those responsible for abuse, neglect or mistreatment of nursing homes patients  and putting sub-standard long-term care facilities into receivership.\\n\\nFollowing retirement from full-time work, she became a consultant Special Assistant Attorney General. She also acted as an administrative hearing officer for the Commonwealth's Department of Public Health for a number of years. \\n\\nShe is a voracious reader, a music lover, an amateur photographer, an avid traveler, and a perennial student.\", \"City State Zip\": \"Cambridge, MA 02138\", \"Display name\": \"Carol Dietz\", \"Member Since\": \"Cambridge, MA 02138\", \"Email\": \"carolkdietz@gmail.com\"}", "Phone": "617-945-9475", "Last Name": "Dietz", "Photo": "", "Address": "1010 Memorial Drive", "Current Status": "Cambridge, MA 02138", "First Name": "Carol", "Bio Information": "Carol lives with her husband, Milton, in Cambridge. She received her AB in history and literature from Radcliffe College, and an MA from Harvard's Russian Research Center.  She then continued her studies at Harvard Graduate School, working for a PhD in Slavic languages and literatures.\n\nA memorable experience during this period was being among the first non-embassy Americans admitted into post-Stalin Russia, at which time she acted as a guide at the initial American Exhibition in Moscow where Nixon and Krushchev had their famous \"kitchen debate.\"\n\nShe was three times a Ford Foundation fellow and a recipient of several government grants. However, two young daughters and a then stagnant academic job market led to a change in her career. She subsequently received a JD degree from Boston University Law School and became an Assistant Attorney General in the Massachusetts Attorney General's Consumer Protection Division, Public Protection Bureau, serving under three attorneys general.  She prosecuted perpetrators of numerous types of unfair and deceptive acts affecting consumers, especially the elderly. Her particular area of expertise was, however, prosecuting those responsible for abuse, neglect or mistreatment of nursing homes patients  and putting sub-standard long-term care facilities into receivership.\n\nFollowing retirement from full-time work, she became a consultant Special Assistant Attorney General. She also acted as an administrative hearing officer for the Commonwealth's Department of Public Health for a number of years. \n\nShe is a voracious reader, a music lover, an amateur photographer, an avid traveler, and a perennial student.", "City State Zip": "Cambridge, MA 02138", "Display name": "Carol Dietz", "Member Since": "Cambridge, MA 02138", "Email": "carolkdietz@gmail.com"}
