{"SafeDict": "{\"Phone\": \"(207) 883 1944\", \"Last Name\": \"Arnaud\", \"Photo\": \"\", \"Address\": \"15 Piper Road, Apt. K111\", \"Current Status\": \"Active\", \"First Name\": \"Carol\", \"Bio Information\": \"Carol grew up in the quiet suburban town of Ho-Ho-Kus, New Jersey, long before the state acquired its current notoriety. After college she worked as a research editor for one of McGraw-Hill\\u2019s business publications before moving to Wall Street as a research analyst in technology for Donaldson, Lufkin & Jenrette. A most fortunate series of contacts then took her to the Salzburg Global Seminar in Austria for two years as a member of the resident staff. The Seminar sponsors meetings for professionals from all over the world to work on problems of international importance, all taking place in the idyllic setting of Schloss Leopoldskron just outside of Salzburg.\\nFast forward and three children later, Carol began what became a thirty-year career in the business and marketing side of architecture, working for several small firms on the North Shore of Boston, STUDIOS Architecture in San Francisco, and Robert A.M. Stern Architects in New York. She finally graduated from architecture in the summer of 2008 to become department administrator for Economic & Community Development at the Lincoln Institute of Land Policy on Brattle Street in Cambridge. The financial meltdown hit the Lincoln endowment heavily and Carol\\u2019s department was eliminated but she has stayed put in Cambridge doing freelance work, volunteering, taking painting courses, and happily attending every lecture, concert, play, and art exhibit that time permits.\", \"City State Zip\": \"Scarborough ME 04074\", \"Display name\": \"Carol Arnaud\", \"Member Since\": \"2012\", \"Email\": \"carnaud3@hotmail.com\"}", "Phone": "(207) 883 1944", "Last Name": "Arnaud", "Photo": "", "Address": "15 Piper Road, Apt. K111", "Current Status": "Active", "First Name": "Carol", "Bio Information": "Carol grew up in the quiet suburban town of Ho-Ho-Kus, New Jersey, long before the state acquired its current notoriety. After college she worked as a research editor for one of McGraw-Hill\u2019s business publications before moving to Wall Street as a research analyst in technology for Donaldson, Lufkin & Jenrette. A most fortunate series of contacts then took her to the Salzburg Global Seminar in Austria for two years as a member of the resident staff. The Seminar sponsors meetings for professionals from all over the world to work on problems of international importance, all taking place in the idyllic setting of Schloss Leopoldskron just outside of Salzburg.\nFast forward and three children later, Carol began what became a thirty-year career in the business and marketing side of architecture, working for several small firms on the North Shore of Boston, STUDIOS Architecture in San Francisco, and Robert A.M. Stern Architects in New York. She finally graduated from architecture in the summer of 2008 to become department administrator for Economic & Community Development at the Lincoln Institute of Land Policy on Brattle Street in Cambridge. The financial meltdown hit the Lincoln endowment heavily and Carol\u2019s department was eliminated but she has stayed put in Cambridge doing freelance work, volunteering, taking painting courses, and happily attending every lecture, concert, play, and art exhibit that time permits.", "City State Zip": "Scarborough ME 04074", "Display name": "Carol Arnaud", "Member Since": "2012", "Email": "carnaud3@hotmail.com"}
