{"SafeDict": "{\"Phone\": \"\", \"Last Name\": \"Reiling\", \"Photo\": \"\", \"Address\": \"\", \"Current Status\": \"Former\", \"First Name\": \"Carol\", \"Bio Information\": \"Former\", \"City State Zip\": \"\", \"Display name\": \"Carol Reiling\", \"Member Since\": \"\", \"Email\": \"carol.reiling@gmail.com\"}", "Phone": "", "Last Name": "Reiling", "Photo": "", "Address": "", "Current Status": "Former", "First Name": "Carol", "Bio Information": "Former", "City State Zip": "", "Display name": "Carol Reiling", "Member Since": "", "Email": "carol.reiling@gmail.com"}
