{"SafeDict": "{\"Phone\": \"\", \"Last Name\": \"Strasburger\", \"Photo\": \"\", \"Address\": \"20 Deaconess Road\", \"Current Status\": \"2010\", \"First Name\": \"Carol\", \"Bio Information\": \"Born across from the Hudson River Palisades, Carol was reared in an active family, her mother instilling an affinity for woods and quattrocento Italian painters and her father a love of simple rural farm life and Shakespeare.  Her schooling included the Masters School, Smith, and a M.Ed. from BU.  She spent most of her life teaching in public and independent achools  (Melrose, the Katherine Delmar Burke School, Beaver Country Day, and BB&N). With her husband, Larry Strasburger, a psychoanalyst and forensic psychiatrist, she has lived in downtown Boston, San Francisco, Philadelphia,  Belmont, and Concord,  Massachusetts. They have three children and seven grandchildren.  \\nHer interests include dahlias and daylilies, pruning, puttering, prose style, family, friends, art, small kayaks, hiking, books, Mozart, Bach, folk music, elms and oaks, land preservation, bonne femme cooking, Tibet, and other matters, both larger and smaller.\", \"City State Zip\": \"Concord, MA 01742\", \"Display name\": \"Carol Strasburger\", \"Member Since\": \"2010\", \"Email\": \"cdmstrasburger@gmail.com\"}", "Phone": "", "Last Name": "Strasburger", "Photo": "", "Address": "20 Deaconess Road", "Current Status": "2010", "First Name": "Carol", "Bio Information": "Born across from the Hudson River Palisades, Carol was reared in an active family, her mother instilling an affinity for woods and quattrocento Italian painters and her father a love of simple rural farm life and Shakespeare.  Her schooling included the Masters School, Smith, and a M.Ed. from BU.  She spent most of her life teaching in public and independent achools  (Melrose, the Katherine Delmar Burke School, Beaver Country Day, and BB&N). With her husband, Larry Strasburger, a psychoanalyst and forensic psychiatrist, she has lived in downtown Boston, San Francisco, Philadelphia,  Belmont, and Concord,  Massachusetts. They have three children and seven grandchildren.  \nHer interests include dahlias and daylilies, pruning, puttering, prose style, family, friends, art, small kayaks, hiking, books, Mozart, Bach, folk music, elms and oaks, land preservation, bonne femme cooking, Tibet, and other matters, both larger and smaller.", "City State Zip": "Concord, MA 01742", "Display name": "Carol Strasburger", "Member Since": "2010", "Email": "cdmstrasburger@gmail.com"}
