{"SafeDict": "{\"Phone\": \"\", \"Last Name\": \"Becker\", \"Photo\": \"\", \"Address\": \"\", \"Current Status\": \"\", \"First Name\": \"Carolyn\", \"Bio Information\": \"\", \"City State Zip\": \"\", \"Display name\": \"Carolyn Becker\", \"Member Since\": \"\", \"Email\": \"cbbecker@partners.org\"}", "Phone": "", "Last Name": "Becker", "Photo": "", "Address": "", "Current Status": "", "First Name": "Carolyn", "Bio Information": "", "City State Zip": "", "Display name": "Carolyn Becker", "Member Since": "", "Email": "cbbecker@partners.org"}
