{"SafeDict": "{\"Phone\": \"(617) 512-1118\", \"Last Name\": \"Pechet\", \"Photo\": \"\", \"Address\": \"245 Grove Street\", \"Current Status\": \"2015\", \"First Name\": \"Carol\", \"Bio Information\": \"2015\", \"City State Zip\": \"Cambridge, MA 02138\", \"Display name\": \"Carol Pechet\", \"Member Since\": \"2015\", \"Email\": \"kitty@pechet.net\"}", "Phone": "(617) 512-1118", "Last Name": "Pechet", "Photo": "", "Address": "245 Grove Street", "Current Status": "2015", "First Name": "Carol", "Bio Information": "2015", "City State Zip": "Cambridge, MA 02138", "Display name": "Carol Pechet", "Member Since": "2015", "Email": "kitty@pechet.net"}
