{"SafeDict": "{\"Phone\": \"(978) 371-3032\", \"Last Name\": \"Murphree\", \"Photo\": \"\", \"Address\": \"241 River Rd.\", \"Current Status\": \"2011\", \"First Name\": \"Carol\", \"Bio Information\": \"Carol was born in Hatfield, Massachusetts. She received an A.B. in chemistry from Smith College, an M.S. in chemistry from Georgetown, and an M.S.C.E. in civil engineering from Northeastern. She spent 35 years teaching chemistry at Acton-Boxborough Regional High School where she implemented a lab-oriented Advanced Placement Chemistry course, served as the chairperson of the school\\u2019s accreditation by the New England Association of Schools and Colleges, and implemented a science mentoring program for students interested in science careers. She also worked for two years for NUS Corporation as an environmental engineer.\\nCarol is a faculty consultant for the College Board and for the new National Math and Science Initiative (NMSI) in the state of Massachusetts. NMSI supports the Massachusetts Advanced Placement Training and Incentive Program (MAPTIP), which targets math and science education in underperforming schools. The program is in its third year in Massachusetts and currently engages with a cohort of sixty schools. She is also the co-author of McGraw-Hill\\u2019s AP Achiever Advanced Placement Chemistry, an AP Chemistry review companion text to Raymond Chang\\u2019s (Williams College) Chemistry.\\nCarol enjoys classical music, theater, reading (especially history), and travel. She volunteers at Emerson Hospital in Concord and at her church. Her greatest joy is her family.\", \"City State Zip\": \"Carlisle, MA 01741\", \"Display name\": \"Carol Murphree\", \"Member Since\": \"2011\", \"Email\": \"carolmurphree@comcast.net\"}", "Phone": "(978) 371-3032", "Last Name": "Murphree", "Photo": "", "Address": "241 River Rd.", "Current Status": "2011", "First Name": "Carol", "Bio Information": "Carol was born in Hatfield, Massachusetts. She received an A.B. in chemistry from Smith College, an M.S. in chemistry from Georgetown, and an M.S.C.E. in civil engineering from Northeastern. She spent 35 years teaching chemistry at Acton-Boxborough Regional High School where she implemented a lab-oriented Advanced Placement Chemistry course, served as the chairperson of the school\u2019s accreditation by the New England Association of Schools and Colleges, and implemented a science mentoring program for students interested in science careers. She also worked for two years for NUS Corporation as an environmental engineer.\nCarol is a faculty consultant for the College Board and for the new National Math and Science Initiative (NMSI) in the state of Massachusetts. NMSI supports the Massachusetts Advanced Placement Training and Incentive Program (MAPTIP), which targets math and science education in underperforming schools. The program is in its third year in Massachusetts and currently engages with a cohort of sixty schools. She is also the co-author of McGraw-Hill\u2019s AP Achiever Advanced Placement Chemistry, an AP Chemistry review companion text to Raymond Chang\u2019s (Williams College) Chemistry.\nCarol enjoys classical music, theater, reading (especially history), and travel. She volunteers at Emerson Hospital in Concord and at her church. Her greatest joy is her family.", "City State Zip": "Carlisle, MA 01741", "Display name": "Carol Murphree", "Member Since": "2011", "Email": "carolmurphree@comcast.net"}
