{"SafeDict": "{\"Phone\": \"617-332-0140\", \"Last Name\": \"Cole\", \"Photo\": \"\", \"Address\": \"73 Church Street\", \"Current Status\": \"Newton\", \"First Name\": \"Carol\", \"Bio Information\": \"Carol Cole graduated from Emerson College with a BS in Theatre Education. Experiencing the deep emotional expressions of her students while teaching and training actors, she was inspired to study psychology (EdM, Harvard University; EdD, Boston University).\\n\\nIn addition to a private practice as a licensed clinical psychologist for the past 30 years, she has taught and trained graduate students (with Kiyo Morimoto at The Bureau of Study Counsel, Harvard University and at the Danielson Pastoral Counseling Center, Boston University), supervised clinicians and run therapy groups.\\n\\nCarol\\u2019s non-professional interests include movies and gardening. She shares her passion for the ocean and nature with her husband (Irv Bailit, HILR member since 1998) at their vacation retreat in Maine.\", \"City State Zip\": \"Newton\", \"Display name\": \"Carol Cole\", \"Member Since\": \"Newton\", \"Email\": \"twodocs1@verizon.net\"}", "Phone": "617-332-0140", "Last Name": "Cole", "Photo": "", "Address": "73 Church Street", "Current Status": "Newton", "First Name": "Carol", "Bio Information": "Carol Cole graduated from Emerson College with a BS in Theatre Education. Experiencing the deep emotional expressions of her students while teaching and training actors, she was inspired to study psychology (EdM, Harvard University; EdD, Boston University).\n\nIn addition to a private practice as a licensed clinical psychologist for the past 30 years, she has taught and trained graduate students (with Kiyo Morimoto at The Bureau of Study Counsel, Harvard University and at the Danielson Pastoral Counseling Center, Boston University), supervised clinicians and run therapy groups.\n\nCarol\u2019s non-professional interests include movies and gardening. She shares her passion for the ocean and nature with her husband (Irv Bailit, HILR member since 1998) at their vacation retreat in Maine.", "City State Zip": "Newton", "Display name": "Carol Cole", "Member Since": "Newton", "Email": "twodocs1@verizon.net"}
