{"SafeDict": "{\"Phone\": \"(617) 7978707\", \"Last Name\": \"Shapazian\", \"Photo\": \"\", \"Address\": \"13 Ellsworth Village\", \"Current Status\": \"New\", \"First Name\": \"Carole\", \"Bio Information\": \"Carole Shapazian has had a 40 year career in science and business. With two degrees in chemistry from Northeastern University, she started her career as a bench chemist at Polaroid. After positions such as program manager, plant manager, manufacturing director, Vice Presidents of Quality, Manufacturing and Product Development, she became President of Polaroid\\u2019s $1 billion Commercial business and Assistant Chief Operating Officer.\\nAfter Polaroid, Carole joined Maytag Corporation as President of Maytag\\u2019s $4 billion, 18,000 employee consumer business, with responsibility for multiple businesses and brands, including Maytag, Jenn-Air, Hoover and others.\\nCarole is currently on the board of Baxter International, a $14 billion diversified medical products company focused on the treatment of chronic and acute conditions such as hemophilia, kidney disease, immune disorders, infectious diseases and trauma. She serves on the Science and Technology and Compensation Committees of the board and chairs the Public Policy Committee, which has oversight for patient and employee safety, regulatory compliance, government affairs and related topics.\\nCarole is also Vice Chair of the Board of Trustees at Northeastern University, where she has been a board member for over 20 years. She has chaired committees on Academic Affairs, Long Range Planning and Student Affairs.\\nCarole has also served on the Board of Directors of Maytag Corporation and Ceridian Corporation.\", \"City State Zip\": \"Acton, MA, 01720\", \"Display name\": \"Carole Shapazian\", \"Member Since\": \"Spring 2014\", \"Email\": \"shapazian@comcast.net\"}", "Phone": "(617) 7978707", "Last Name": "Shapazian", "Photo": "", "Address": "13 Ellsworth Village", "Current Status": "New", "First Name": "Carole", "Bio Information": "Carole Shapazian has had a 40 year career in science and business. With two degrees in chemistry from Northeastern University, she started her career as a bench chemist at Polaroid. After positions such as program manager, plant manager, manufacturing director, Vice Presidents of Quality, Manufacturing and Product Development, she became President of Polaroid\u2019s $1 billion Commercial business and Assistant Chief Operating Officer.\nAfter Polaroid, Carole joined Maytag Corporation as President of Maytag\u2019s $4 billion, 18,000 employee consumer business, with responsibility for multiple businesses and brands, including Maytag, Jenn-Air, Hoover and others.\nCarole is currently on the board of Baxter International, a $14 billion diversified medical products company focused on the treatment of chronic and acute conditions such as hemophilia, kidney disease, immune disorders, infectious diseases and trauma. She serves on the Science and Technology and Compensation Committees of the board and chairs the Public Policy Committee, which has oversight for patient and employee safety, regulatory compliance, government affairs and related topics.\nCarole is also Vice Chair of the Board of Trustees at Northeastern University, where she has been a board member for over 20 years. She has chaired committees on Academic Affairs, Long Range Planning and Student Affairs.\nCarole has also served on the Board of Directors of Maytag Corporation and Ceridian Corporation.", "City State Zip": "Acton, MA, 01720", "Display name": "Carole Shapazian", "Member Since": "Spring 2014", "Email": "shapazian@comcast.net"}
