{"SafeDict": "{\"Phone\": \"(617) 566-5890\", \"Last Name\": \"Nadelson\", \"Photo\": \"\", \"Address\": \"50 Longwood Ave\", \"Current Status\": \"New\", \"First Name\": \"Carol\", \"Bio Information\": \"Carol Nadelson, MD, is a Professor of Psychiatry at Harvard Medical School and was the Founding Director of the Office for Women\\u2019s Careers at the Brigham and Women\\u2019s Hospital. She was the first woman elected President of the American Psychiatric Association. She also served as Professor of Psychiatry and Vice Chair of the Department of Psychiatry at Tufts Medical School and New England Medical Center.\\nDr. Nadelson has been a national and international leader in psychiatry and medical education. She was CEO, Board Chair and Editor in Chief of American Psychiatric Press, Inc. She has been an Officer and Board member of many medical and psychiatric organizations and she has served as a Trustee of the Menninger Foundation and on the Boards of the Menninger Clinic and the Society for Women\\u2019s Health Research. She is the recipient of many honors and awards for her leadership and contributions in her field, including the Alma Dea Morani Renaissance Woman Award from the Foundation for the History of Women in Medicine.\\nShe has served on the editorial boards of several journals and she is the author of more than 300 scientific publications. She has edited over 40 books and presented over 1,000 talks nationally and internationally on a variety of topics including women\\u2019s health and mental health, medical education, medical ethics, women\\u2019s leadership and career development. She co-edited a landmark series of books in the 1970\\u2019s, \\u2018The Woman Patient\\u2019, the first books on this topic. She co-founded the first day care center and rape crisis center in the Boston area in the late 1960\\u2019s. She has practiced psychiatry and been a teacher, mentor and advisor throughout her career.\\nDr. Nadelson is a graduate of Brooklyn College and the University of Rochester Medical School. She trained in psychiatry at the Massachusetts Mental Health Center and Boston\\u2019s Beth Israel Hospital. She graduated from the Boston Psychoanalytic Institute, was a research fellow at the Radcliffe Institute in Cambridge Massachusetts and a fellow at Stanford\\u2019s Center for Advanced Study in Behavioral Sciences. She has been awarded an Honorary Doctor of Science degree from Brooklyn College and she is a Fellow of the American Academy of Arts and Sciences.\", \"City State Zip\": \"Brookline, MA 02446\", \"Display name\": \"Carol Nadelson\", \"Member Since\": \"Fall 2014\", \"Email\": \"carol_nadelson@hms.harvard.edu\"}", "Phone": "(617) 566-5890", "Last Name": "Nadelson", "Photo": "", "Address": "50 Longwood Ave", "Current Status": "New", "First Name": "Carol", "Bio Information": "Carol Nadelson, MD, is a Professor of Psychiatry at Harvard Medical School and was the Founding Director of the Office for Women\u2019s Careers at the Brigham and Women\u2019s Hospital. She was the first woman elected President of the American Psychiatric Association. She also served as Professor of Psychiatry and Vice Chair of the Department of Psychiatry at Tufts Medical School and New England Medical Center.\nDr. Nadelson has been a national and international leader in psychiatry and medical education. She was CEO, Board Chair and Editor in Chief of American Psychiatric Press, Inc. She has been an Officer and Board member of many medical and psychiatric organizations and she has served as a Trustee of the Menninger Foundation and on the Boards of the Menninger Clinic and the Society for Women\u2019s Health Research. She is the recipient of many honors and awards for her leadership and contributions in her field, including the Alma Dea Morani Renaissance Woman Award from the Foundation for the History of Women in Medicine.\nShe has served on the editorial boards of several journals and she is the author of more than 300 scientific publications. She has edited over 40 books and presented over 1,000 talks nationally and internationally on a variety of topics including women\u2019s health and mental health, medical education, medical ethics, women\u2019s leadership and career development. She co-edited a landmark series of books in the 1970\u2019s, \u2018The Woman Patient\u2019, the first books on this topic. She co-founded the first day care center and rape crisis center in the Boston area in the late 1960\u2019s. She has practiced psychiatry and been a teacher, mentor and advisor throughout her career.\nDr. Nadelson is a graduate of Brooklyn College and the University of Rochester Medical School. She trained in psychiatry at the Massachusetts Mental Health Center and Boston\u2019s Beth Israel Hospital. She graduated from the Boston Psychoanalytic Institute, was a research fellow at the Radcliffe Institute in Cambridge Massachusetts and a fellow at Stanford\u2019s Center for Advanced Study in Behavioral Sciences. She has been awarded an Honorary Doctor of Science degree from Brooklyn College and she is a Fellow of the American Academy of Arts and Sciences.", "City State Zip": "Brookline, MA 02446", "Display name": "Carol Nadelson", "Member Since": "Fall 2014", "Email": "carol_nadelson@hms.harvard.edu"}
