{"SafeDict": "{\"Phone\": \"\", \"Last Name\": \"Hulsizer\", \"Photo\": \"\", \"Address\": \"\", \"Current Status\": \"Active Member\", \"First Name\": \"Carol\", \"Bio Information\": \"Still amazed by her journey from a suburban childhood in Maplewood, NJ, to Cambridge, MA, Carol thinks often of the advice her father\\u2014who escaped the Cossacks and came to America steerage from Odessa\\u2014 to take nothing for granted.\\nCarol graduated from Smith College in !948 with a newly-created major in Slavic Studies.  Armed with Russian language skills and the Speedwriting School degree that qualified her for the actual job market, she was hired as a researcher by Time.  She was fascinated by the world of journalism and the scene at Time, which ultimately led to a free-lance career in nonfiction writing and editing.\\nShe married a New York psychoanalyst, raised a family and became active in local community affairs and politics, serving as a Democratic District Leader in Westchester County.  Divorce in !967, followed by remarriage to Robert Hulsizer, an MIT physicist, brought her to Lexington, MA, and then to Ashdown House, the MIT graduate dormitory, where she and her husband held joint appointments as housemasters.  Carol worked with the MIT Dean\\u2019s Office and Medical Department to develop a guidebook for wives of international students and faculty.  She and her husband created new opportunities for graduate students to interact with each other and to learn about American family life.\\nWhile at MIT, Carol worked parttime for nonprofit organizations around Boston, including the YWCA and the Women\\u2019s Technical Institute, where she produced print and video materials to promote girls\\u2019 and women\\u2019s entry into nontraditional technical job fields.  During the !980s and \\u201990s she served as Publications Director of Action for Children\\u2019s Television (ACT), developing materials to influence legislators, government regulators, broadcasters and parents to improve family television viewing.  In her career, Carol has edited manuscripts for nonfiction books, ranging from religious themes to biographies to managing work after illness.\\nCarol looks back with pleasure on more than 50 years of summers of gardening and tennis on Martha\\u2019s Vineyard, a decade of Caribbean sailing adventures with friends and a wonderful sabbatical year in Paris in !973.  She looks forward to the daily crossword and her monthly book club and finds joy in her full complement of three children, four step-children and seven grandchildren.\", \"City State Zip\": \"\", \"Display name\": \"Carol Hulsizer\", \"Member Since\": \"2010\", \"Email\": \"chulsizer@comcast.net\"}", "Phone": "", "Last Name": "Hulsizer", "Photo": "", "Address": "", "Current Status": "Active Member", "First Name": "Carol", "Bio Information": "Still amazed by her journey from a suburban childhood in Maplewood, NJ, to Cambridge, MA, Carol thinks often of the advice her father\u2014who escaped the Cossacks and came to America steerage from Odessa\u2014 to take nothing for granted.\nCarol graduated from Smith College in !948 with a newly-created major in Slavic Studies.  Armed with Russian language skills and the Speedwriting School degree that qualified her for the actual job market, she was hired as a researcher by Time.  She was fascinated by the world of journalism and the scene at Time, which ultimately led to a free-lance career in nonfiction writing and editing.\nShe married a New York psychoanalyst, raised a family and became active in local community affairs and politics, serving as a Democratic District Leader in Westchester County.  Divorce in !967, followed by remarriage to Robert Hulsizer, an MIT physicist, brought her to Lexington, MA, and then to Ashdown House, the MIT graduate dormitory, where she and her husband held joint appointments as housemasters.  Carol worked with the MIT Dean\u2019s Office and Medical Department to develop a guidebook for wives of international students and faculty.  She and her husband created new opportunities for graduate students to interact with each other and to learn about American family life.\nWhile at MIT, Carol worked parttime for nonprofit organizations around Boston, including the YWCA and the Women\u2019s Technical Institute, where she produced print and video materials to promote girls\u2019 and women\u2019s entry into nontraditional technical job fields.  During the !980s and \u201990s she served as Publications Director of Action for Children\u2019s Television (ACT), developing materials to influence legislators, government regulators, broadcasters and parents to improve family television viewing.  In her career, Carol has edited manuscripts for nonfiction books, ranging from religious themes to biographies to managing work after illness.\nCarol looks back with pleasure on more than 50 years of summers of gardening and tennis on Martha\u2019s Vineyard, a decade of Caribbean sailing adventures with friends and a wonderful sabbatical year in Paris in !973.  She looks forward to the daily crossword and her monthly book club and finds joy in her full complement of three children, four step-children and seven grandchildren.", "City State Zip": "", "Display name": "Carol Hulsizer", "Member Since": "2010", "Email": "chulsizer@comcast.net"}
