{"SafeDict": "{\"Phone\": \"(617) 364-1830\", \"Last Name\": \"Souther\", \"Photo\": \"\", \"Address\": \"1372 Brush Hill Rd., #E-303\", \"Current Status\": \"2012\", \"First Name\": \"Catherine\", \"Bio Information\": \"Nancy Souther was born and grew up in the Jamaica Plain district of Boston, the second of six children to Irish immigrants who arrived in the US in the 1920s. She married young and became proficient in secretarial skills by attending Burdett College (Boston) evenings. From 1960 to 1970, she was employed by the U.S Atomic Energy Commission. She was an executive secretary to the Naval officers overseeing the building and installation of nuclear engines in the submarines under construction at the Electric Boat Shipyard in Quincy, MA. From 1970 to 1980, she was the administrative assistant and clerical supervisor for the Superintendent/Director of the Blue Hill Regional Vocational School and Technical Institute, a post-secondary school that was later absorbed by Massasoit Community College. In her final working years, 1980 to 1987, Nancy served as vice-president in her husband\\u2019s firm, Souther Engineering. Souther Engineering created, manufactured and sold the Souther Linear Tonearm, a high-end product for audiophiles. Eventually they sold the business to a German company.\\nAfter a long and happy marriage, Nancy was widowed in 2003. She sold the home she had shared with her husband, Louis, and moved to a senior community in Milton, MA, where she has resided since 2005. She has remained active over the years, attending senior education programs at Stonehill college in Easton, MA. At Stonehill, she served on the board of the Senior Enrichment Program, eventually as Chair, charged with selecting future courses. She has also taken courses at Curry College and the Cambridge Center for Education. She continues to read widely, remains engaged in the life of her community, and visits family and friends whenever the opportunity presents itself.\\nThis past spring, Nancy completed her memoirs, which she printed and distributed to family and friends. She clams that writing her memoirs was a pivotal experience because she was able to \\u201cexplain herself to herself.\\u201d She looks forward to participating in the stimulating readings and discussions of HILR.\", \"City State Zip\": \"Milton, MA 02186\", \"Display name\": \"Catherine Souther\", \"Member Since\": \"2012\", \"Email\": \"catherine.souther@comcast.net\"}", "Phone": "(617) 364-1830", "Last Name": "Souther", "Photo": "", "Address": "1372 Brush Hill Rd., #E-303", "Current Status": "2012", "First Name": "Catherine", "Bio Information": "Nancy Souther was born and grew up in the Jamaica Plain district of Boston, the second of six children to Irish immigrants who arrived in the US in the 1920s. She married young and became proficient in secretarial skills by attending Burdett College (Boston) evenings. From 1960 to 1970, she was employed by the U.S Atomic Energy Commission. She was an executive secretary to the Naval officers overseeing the building and installation of nuclear engines in the submarines under construction at the Electric Boat Shipyard in Quincy, MA. From 1970 to 1980, she was the administrative assistant and clerical supervisor for the Superintendent/Director of the Blue Hill Regional Vocational School and Technical Institute, a post-secondary school that was later absorbed by Massasoit Community College. In her final working years, 1980 to 1987, Nancy served as vice-president in her husband\u2019s firm, Souther Engineering. Souther Engineering created, manufactured and sold the Souther Linear Tonearm, a high-end product for audiophiles. Eventually they sold the business to a German company.\nAfter a long and happy marriage, Nancy was widowed in 2003. She sold the home she had shared with her husband, Louis, and moved to a senior community in Milton, MA, where she has resided since 2005. She has remained active over the years, attending senior education programs at Stonehill college in Easton, MA. At Stonehill, she served on the board of the Senior Enrichment Program, eventually as Chair, charged with selecting future courses. She has also taken courses at Curry College and the Cambridge Center for Education. She continues to read widely, remains engaged in the life of her community, and visits family and friends whenever the opportunity presents itself.\nThis past spring, Nancy completed her memoirs, which she printed and distributed to family and friends. She clams that writing her memoirs was a pivotal experience because she was able to \u201cexplain herself to herself.\u201d She looks forward to participating in the stimulating readings and discussions of HILR.", "City State Zip": "Milton, MA 02186", "Display name": "Catherine Souther", "Member Since": "2012", "Email": "catherine.souther@comcast.net"}
