{"SafeDict": "{\"Phone\": \"(781) 942-1040\", \"Last Name\": \"Collins\", \"Photo\": \"\", \"Address\": \"8B Carnation Circle\", \"Current Status\": \"Reading, MA 01867-2774\", \"First Name\": \"Charles\", \"Bio Information\": \"Born and raised in Milton,MA. BA from Harvard College in 1953 with a major in history.  Served in Army Counter Intelligence in Japan 1953-56.  Attended Babson College Graduate School of Management.  Worked in trust banking from 1957-1992. \\n  Member of HILR since 1994.  Have led or co-led approximately ten courses.  Lives inReading, MA with wife Eileen.\", \"City State Zip\": \"Reading, MA 01867-2774\", \"Display name\": \"Charles Collins\", \"Member Since\": \"Reading, MA 01867-2774\", \"Email\": \"charles.collins32@comcast.net\"}", "Phone": "(781) 942-1040", "Last Name": "Collins", "Photo": "", "Address": "8B Carnation Circle", "Current Status": "Reading, MA 01867-2774", "First Name": "Charles", "Bio Information": "Born and raised in Milton,MA. BA from Harvard College in 1953 with a major in history.  Served in Army Counter Intelligence in Japan 1953-56.  Attended Babson College Graduate School of Management.  Worked in trust banking from 1957-1992. \n  Member of HILR since 1994.  Have led or co-led approximately ten courses.  Lives inReading, MA with wife Eileen.", "City State Zip": "Reading, MA 01867-2774", "Display name": "Charles Collins", "Member Since": "Reading, MA 01867-2774", "Email": "charles.collins32@comcast.net"}
