{"SafeDict": "{\"Phone\": \"617-608-3456\", \"Last Name\": \"Ruopp\", \"Photo\": \"\", \"Address\": \"2400 Beacon St Unit 201\", \"Current Status\": \"New Member\", \"First Name\": \"Charlie\", \"Bio Information\": \"Charlie Ruopp\\n Charlie has carried on his long family lineage of educators. His most recent position was the Assistant Head of School for Buckingham, Browne and Nichols.  Prior to that he served for a decade as the principal of Wayland High School, four years as the Principal of the Lincoln Middle School and twenty years as a biology teacher at Lincoln-Sudbury High School.  He was particularly interested in pursuing the opportunity to work in both private and public school environments, as he explored their similarities and differences.  This long tenure as a teacher and educator makes him truly look forward to being a student again and be able to delve into those areas of intellectual interests that he now has time for.\\n After growing up in the US Virgin Islands and attending Westtown Friends School, he graduated from Antioch College.  While working full-time as a secondary school teacher, he completed advanced degrees from Harvard University and Boston College.   During his time as an educator he served on various education Boards (NEASC, Headmasters Association etc.) and was involved in multiple forums about the future trends of secondary education in the US.\\nThis past year has been filled with the joy of helping to take care of a beautiful granddaughter.  This welcome responsibility also comes with serving as the backstop for a son and daughter-in-law as they both launch new careers as physicians in the Boston area.  He and his wife (also a former teacher and now a mathematics consultant) have found themselves incredibly busy with family and outside interests despite their \\u201cnewly\\u201d found time. \\n   \", \"City State Zip\": \"Chestnut Hill\", \"Display name\": \"Charles Ruopp\", \"Member Since\": \"Spring 2015\", \"Email\": \"cruopp@bbns.org\"}", "Phone": "617-608-3456", "Last Name": "Ruopp", "Photo": "", "Address": "2400 Beacon St Unit 201", "Current Status": "New Member", "First Name": "Charlie", "Bio Information": "Charlie Ruopp\n Charlie has carried on his long family lineage of educators. His most recent position was the Assistant Head of School for Buckingham, Browne and Nichols.  Prior to that he served for a decade as the principal of Wayland High School, four years as the Principal of the Lincoln Middle School and twenty years as a biology teacher at Lincoln-Sudbury High School.  He was particularly interested in pursuing the opportunity to work in both private and public school environments, as he explored their similarities and differences.  This long tenure as a teacher and educator makes him truly look forward to being a student again and be able to delve into those areas of intellectual interests that he now has time for.\n After growing up in the US Virgin Islands and attending Westtown Friends School, he graduated from Antioch College.  While working full-time as a secondary school teacher, he completed advanced degrees from Harvard University and Boston College.   During his time as an educator he served on various education Boards (NEASC, Headmasters Association etc.) and was involved in multiple forums about the future trends of secondary education in the US.\nThis past year has been filled with the joy of helping to take care of a beautiful granddaughter.  This welcome responsibility also comes with serving as the backstop for a son and daughter-in-law as they both launch new careers as physicians in the Boston area.  He and his wife (also a former teacher and now a mathematics consultant) have found themselves incredibly busy with family and outside interests despite their \u201cnewly\u201d found time. \n   ", "City State Zip": "Chestnut Hill", "Display name": "Charles Ruopp", "Member Since": "Spring 2015", "Email": "cruopp@bbns.org"}
