{"SafeDict": "{\"Phone\": \"\", \"Last Name\": \"Temin\", \"Photo\": \"\", \"Address\": \"\", \"Current Status\": \"2009\", \"First Name\": \"Charlotte\", \"Bio Information\": \"Charlotte grew up in New York City and received both her BA and MS at Hunter College. She started her career teaching both gifted and then emotionally-challenged children in Spanish Harlem. She became the guidance counselor at Hunter College High School for gifted girls and taught psychology at Hunter College. Charlotte then went to Harvard to get a doctorate in psychology.\\nShe married her husband, Peter, an economist at MIT, and settled down in Cambridge. During this time, she was a psychologist at the Cambridge Guidance Center, a psychiatric clinic for children and families. She started a program at the Guidance Center in 1972 called the Companion Tutoring Program, which paired local college students and young adults with the children in treatment as companion therapists. She is very proud that this program is still continuing.\\nMoving from the clinic to private practice as a family psychologist, she also taught family therapy and supervised in the Couples and Family Center of Cambridge Hospital. Her community activities and interests brought her back to the clinic as board member and then president of the board as it began its transition to the Guidance Center Inc.\\nCharlotte is fortunate to have two daughters and three young grandsons living in the Boston area. She is an avid reader and inveterate traveler. She and her husband are interested in archaeological ruins in both the old and new worlds; she has a passion for Mayan civilization, and will go to Central America at the drop of a hat.\", \"City State Zip\": \"\", \"Display name\": \"Charlotte Temin\", \"Member Since\": \"2009\", \"Email\": \"ctemin@comcast.net\"}", "Phone": "", "Last Name": "Temin", "Photo": "", "Address": "", "Current Status": "2009", "First Name": "Charlotte", "Bio Information": "Charlotte grew up in New York City and received both her BA and MS at Hunter College. She started her career teaching both gifted and then emotionally-challenged children in Spanish Harlem. She became the guidance counselor at Hunter College High School for gifted girls and taught psychology at Hunter College. Charlotte then went to Harvard to get a doctorate in psychology.\nShe married her husband, Peter, an economist at MIT, and settled down in Cambridge. During this time, she was a psychologist at the Cambridge Guidance Center, a psychiatric clinic for children and families. She started a program at the Guidance Center in 1972 called the Companion Tutoring Program, which paired local college students and young adults with the children in treatment as companion therapists. She is very proud that this program is still continuing.\nMoving from the clinic to private practice as a family psychologist, she also taught family therapy and supervised in the Couples and Family Center of Cambridge Hospital. Her community activities and interests brought her back to the clinic as board member and then president of the board as it began its transition to the Guidance Center Inc.\nCharlotte is fortunate to have two daughters and three young grandsons living in the Boston area. She is an avid reader and inveterate traveler. She and her husband are interested in archaeological ruins in both the old and new worlds; she has a passion for Mayan civilization, and will go to Central America at the drop of a hat.", "City State Zip": "", "Display name": "Charlotte Temin", "Member Since": "2009", "Email": "ctemin@comcast.net"}
