{"SafeDict": "{\"Phone\": \"(617) 323-2766\", \"Last Name\": \"Kaufman\", \"Photo\": \"\", \"Address\": \"228 Allandale Rd.\", \"Current Status\": \"Active Member\", \"First Name\": \"Charlotte\", \"Bio Information\": \"When Charlotte was six her Aunt and Uncle got a divorce and her family got the piano. They lived in Dorchester in a neighborhood where there was little opportunity for after school play. What does a lonely kid do? Practice the piano a lot and read all the fairy tales in the Codman Square Library, more than once. It was not until she went to Girls\\u2019 Latin School in downtown Boston that she made friends.\\nWithin a year after graduation from Smith she married Sy Kaufman, a Boston radiologist (d.1984), and started a family. After 12 years as a stay-at-home Mom she went back to school and earned a Master of Music degree from Boston University School of Fine Arts. Her first job was on the Preparatory School faculty of the New England Conservatory. She is still affiliated with NEC in the Continuing Education Department and does limited teaching of piano and harpsichord.\\nHer musical life is made up of many chapters. In graduate school she became part of a duo-piano team. The most memorable of their concerts was performing the Piston Concerto for Two Pianos with the Boston Pops while Walter Piston was still here to coach them. But after commencement her duo-piano partner moved to Europe and Charlotte refocused her attention on the harpsichord which became a lifelong passion, though her stated major was in piano performance. Private post-graduate study on the harpsichord led to the founding of The Friends of Dr. Burney, a vocal and instrumental ensemble, which performed 18th--century ballad operas (she calls them the Saturday Night Live of the 18th-century) annually on the Museum of Fine Arts\\u2019 Early Music Series from 1981 to 1987. These were largely unpublished works which Charlotte reconstructed from original sources. FDB also performed at the Library of Congress, The Folger Shakespeare Library and the Mellon Center of British Art. Charlotte\\u2019s current musical chapter began 16 years ago when she renamed the ensemble, Boston Musical Theater. Having become a 501 (c) 3 corporation, BMT is still a vocal and instrumental ensemble performing popular music but has moved up into 20th-century repertoire. BMT offers two performances of American music a year.\\nIn 1994 Charlotte wrote the introductory preface to a Garland Press facsimile edition of a Boston operetta, The Doctor of Alcantara by Julius Eichberg, and in 1998, A-R Editions published her critical performing edition (complete with instrumental parts) of Jean-Jacques Rousseau\\u2019s comic opera, Le Devin du village. Boston Musical Theater has published four CDs of American popular music in the last decade.\\nCharlotte has a wonderful family, three children and seven grandchildren. None live in Boston but they remain close and are an endless source of pride and pleasure. Love of theater, reading, cooking, handcrafts, tennis and music in the summers in the Berkshires, travel (some with Boston Musical Theater), and the companionship of friends all add up to a good life missing but one thing, the stimulation of HILR.\", \"City State Zip\": \"Chestnut Hill, MA 02467\", \"Display name\": \"Charlotte Kaufman\", \"Member Since\": \"2012\", \"Email\": \"crkaufman1@gmail.com\"}", "Phone": "(617) 323-2766", "Last Name": "Kaufman", "Photo": "", "Address": "228 Allandale Rd.", "Current Status": "Active Member", "First Name": "Charlotte", "Bio Information": "When Charlotte was six her Aunt and Uncle got a divorce and her family got the piano. They lived in Dorchester in a neighborhood where there was little opportunity for after school play. What does a lonely kid do? Practice the piano a lot and read all the fairy tales in the Codman Square Library, more than once. It was not until she went to Girls\u2019 Latin School in downtown Boston that she made friends.\nWithin a year after graduation from Smith she married Sy Kaufman, a Boston radiologist (d.1984), and started a family. After 12 years as a stay-at-home Mom she went back to school and earned a Master of Music degree from Boston University School of Fine Arts. Her first job was on the Preparatory School faculty of the New England Conservatory. She is still affiliated with NEC in the Continuing Education Department and does limited teaching of piano and harpsichord.\nHer musical life is made up of many chapters. In graduate school she became part of a duo-piano team. The most memorable of their concerts was performing the Piston Concerto for Two Pianos with the Boston Pops while Walter Piston was still here to coach them. But after commencement her duo-piano partner moved to Europe and Charlotte refocused her attention on the harpsichord which became a lifelong passion, though her stated major was in piano performance. Private post-graduate study on the harpsichord led to the founding of The Friends of Dr. Burney, a vocal and instrumental ensemble, which performed 18th--century ballad operas (she calls them the Saturday Night Live of the 18th-century) annually on the Museum of Fine Arts\u2019 Early Music Series from 1981 to 1987. These were largely unpublished works which Charlotte reconstructed from original sources. FDB also performed at the Library of Congress, The Folger Shakespeare Library and the Mellon Center of British Art. Charlotte\u2019s current musical chapter began 16 years ago when she renamed the ensemble, Boston Musical Theater. Having become a 501 (c) 3 corporation, BMT is still a vocal and instrumental ensemble performing popular music but has moved up into 20th-century repertoire. BMT offers two performances of American music a year.\nIn 1994 Charlotte wrote the introductory preface to a Garland Press facsimile edition of a Boston operetta, The Doctor of Alcantara by Julius Eichberg, and in 1998, A-R Editions published her critical performing edition (complete with instrumental parts) of Jean-Jacques Rousseau\u2019s comic opera, Le Devin du village. Boston Musical Theater has published four CDs of American popular music in the last decade.\nCharlotte has a wonderful family, three children and seven grandchildren. None live in Boston but they remain close and are an endless source of pride and pleasure. Love of theater, reading, cooking, handcrafts, tennis and music in the summers in the Berkshires, travel (some with Boston Musical Theater), and the companionship of friends all add up to a good life missing but one thing, the stimulation of HILR.", "City State Zip": "Chestnut Hill, MA 02467", "Display name": "Charlotte Kaufman", "Member Since": "2012", "Email": "crkaufman1@gmail.com"}
