{"SafeDict": "{\"Phone\": \"\", \"Last Name\": \"Freifeld\", \"Photo\": \"\", \"Address\": \"\", \"Current Status\": \"Active Member\", \"First Name\": \"Charles\", \"Bio Information\": \"Charlie Freifeld grew up in New York City, and began his career as a mathematician, after receiving an AB in mathematics from Columbia College, and a PhD in mathematics from Harvard University. He taught mathematics at Northeastern University for several years, before leaving academia to enter the financial world. There he founded and ran a number of investment management firms, and also worked for The Boston Company in institutional money management, always being responsible for the design and implementation of mathematically-based investment management strategies.\\n\\nHe recently retired from his investment activities as Managing Member of AlphaMetrics Capital Management, LLC, in order to pursue his longstanding interest in how language affects our perceptions and actions. He is currently on the board of the Public Conversations Project, a Watertown, MA nonprofit that provides structured Dialogue sessions for people involved in divisive public issues. Charlie considers PCP\\u2019s work to be a remarkable example of the power of language to transform human relationships from antagonistic to cooperative. Charlie\\u2019s interest in language and its consequences also led to his six-year investigation of the Arab/Israeli conflict.\\n\\nCharlie\\u2019s wife, Marilyn Ray Smith, is in charge of the Child Support collection services for the Commonwealth of Massachusetts. He and Marilyn have three sons.\", \"City State Zip\": \"\", \"Display name\": \"Charles Freifeld\", \"Member Since\": \"2007\", \"Email\": \"cjf@alphametrics.com\"}", "Phone": "", "Last Name": "Freifeld", "Photo": "", "Address": "", "Current Status": "Active Member", "First Name": "Charles", "Bio Information": "Charlie Freifeld grew up in New York City, and began his career as a mathematician, after receiving an AB in mathematics from Columbia College, and a PhD in mathematics from Harvard University. He taught mathematics at Northeastern University for several years, before leaving academia to enter the financial world. There he founded and ran a number of investment management firms, and also worked for The Boston Company in institutional money management, always being responsible for the design and implementation of mathematically-based investment management strategies.\n\nHe recently retired from his investment activities as Managing Member of AlphaMetrics Capital Management, LLC, in order to pursue his longstanding interest in how language affects our perceptions and actions. He is currently on the board of the Public Conversations Project, a Watertown, MA nonprofit that provides structured Dialogue sessions for people involved in divisive public issues. Charlie considers PCP\u2019s work to be a remarkable example of the power of language to transform human relationships from antagonistic to cooperative. Charlie\u2019s interest in language and its consequences also led to his six-year investigation of the Arab/Israeli conflict.\n\nCharlie\u2019s wife, Marilyn Ray Smith, is in charge of the Child Support collection services for the Commonwealth of Massachusetts. He and Marilyn have three sons.", "City State Zip": "", "Display name": "Charles Freifeld", "Member Since": "2007", "Email": "cjf@alphametrics.com"}
