{"SafeDict": "{\"Phone\": \"\", \"Last Name\": \"Melto\", \"Photo\": \"\", \"Address\": \"\", \"Current Status\": \"\", \"First Name\": \"Charla\", \"Bio Information\": \"\", \"City State Zip\": \"\", \"Display name\": \"Charla Melto\", \"Member Since\": \"\", \"Email\": \"shari.melto@gmail.com\"}", "Phone": "", "Last Name": "Melto", "Photo": "", "Address": "", "Current Status": "", "First Name": "Charla", "Bio Information": "", "City State Zip": "", "Display name": "Charla Melto", "Member Since": "", "Email": "shari.melto@gmail.com"}
