{"SafeDict": "{\"Phone\": \"(617) 515-9083\", \"Last Name\": \"Neill\", \"Photo\": \"\", \"Address\": \"50 Summer Hill Glen\", \"Current Status\": \"2017\", \"First Name\": \"Charles\", \"Bio Information\": \"I was born in Washington, D.C. (a 5th generation Washingtonian). Spent years sailing on the Cheapeake Bay. Got my undergraduate degree in economics at the Catholic University of America and my PhD (ABD) in economics at Duke University. After conducting a major natural gas study for the White House, concluded I had an aversion to government work and moved to Boston, joining a small group of international oil and gas experts. \\nFor more than 40 years, I was an advisor to the energy industries, providing counsel on U.S. and international natural gas and electric issues for producers, pipelines, gas and electric utilities, technology vendors, research institutions, large energy consumers, low income housing groups and governments\\u2014both foreign and domestic.  The diversity of these clients required a broad, in-depth knowledge and independent perspective of each of the industry stakeholders. Many of these projects involved developing and managing large scale decision support systems as well as supervising their implementation. Have testified before Congress and by the nature of my work, earned files at the FBI, CIA and KGB.\\nRetired in 2008.Spend my free time doing research; taking online courses in literature, history and philosophy;  carpentry; listening to music; theater; and travelling. \\n \", \"City State Zip\": \"Maynard, MA 01754\", \"Display name\": \"Charles Neill\", \"Member Since\": \"2017\", \"Email\": \"charles.neill@gmail.com\"}", "Phone": "(617) 515-9083", "Last Name": "Neill", "Photo": "", "Address": "50 Summer Hill Glen", "Current Status": "2017", "First Name": "Charles", "Bio Information": "I was born in Washington, D.C. (a 5th generation Washingtonian). Spent years sailing on the Cheapeake Bay. Got my undergraduate degree in economics at the Catholic University of America and my PhD (ABD) in economics at Duke University. After conducting a major natural gas study for the White House, concluded I had an aversion to government work and moved to Boston, joining a small group of international oil and gas experts. \nFor more than 40 years, I was an advisor to the energy industries, providing counsel on U.S. and international natural gas and electric issues for producers, pipelines, gas and electric utilities, technology vendors, research institutions, large energy consumers, low income housing groups and governments\u2014both foreign and domestic.  The diversity of these clients required a broad, in-depth knowledge and independent perspective of each of the industry stakeholders. Many of these projects involved developing and managing large scale decision support systems as well as supervising their implementation. Have testified before Congress and by the nature of my work, earned files at the FBI, CIA and KGB.\nRetired in 2008.Spend my free time doing research; taking online courses in literature, history and philosophy;  carpentry; listening to music; theater; and travelling. \n ", "City State Zip": "Maynard, MA 01754", "Display name": "Charles Neill", "Member Since": "2017", "Email": "charles.neill@gmail.com"}
