{"SafeDict": "{\"Phone\": \"(617) 484-0985\", \"Last Name\": \"Millstein\", \"Photo\": \"\", \"Address\": \"74 Carleton Rd\", \"Current Status\": \"2015\", \"First Name\": \"Charles\", \"Bio Information\": \"Charles Millstein is a recently retired endodontist, having practiced in his private office and Harvard University Health Services for 37 years. He maintains a faculty appointment at Tufts University School of Dental Medicine in the endodontic department.\\nDr. Millstein graduated with a B.A. in biology from Brandeis University and then received his D.M.D. from Tufts. Following his dental training, he served as captain in the United States Air Force, practicing dentistry in Puerto Rico for two years. Upon his return, he completed his graduate dental training in endodontics at the University of Pennsylvania as one of their first graduates in this field. During his years as a practicing dentist,he also completed a Master's degree in Public Health from Harvard and a Master in Liberal Arts from the Harvard University Extension School. A number of years later, he earned a Certificate in Museum Studies.\\nHe has authored over 40 papers on dental history and over 30 video biographies of prominent people in the profession. The Massachusetts Dental Society awarded him both the History and Preservation and the Volunteer Hero Awards. In addition to serving as Historian of the Dental Society and the Tufts Dental Alumni Association, he is a board member of HURA. He currently shares his love of science and learning as a docent at Boston's Museum of Science and the MIT Museum. In his spare time, he enjoys wine tasting, walking, and giving tours of Boston.\", \"City State Zip\": \"Belmont, MA 02478\", \"Display name\": \"Charles Millstein\", \"Member Since\": \"2015\", \"Email\": \"jeanmill74@aol.com\"}", "Phone": "(617) 484-0985", "Last Name": "Millstein", "Photo": "", "Address": "74 Carleton Rd", "Current Status": "2015", "First Name": "Charles", "Bio Information": "Charles Millstein is a recently retired endodontist, having practiced in his private office and Harvard University Health Services for 37 years. He maintains a faculty appointment at Tufts University School of Dental Medicine in the endodontic department.\nDr. Millstein graduated with a B.A. in biology from Brandeis University and then received his D.M.D. from Tufts. Following his dental training, he served as captain in the United States Air Force, practicing dentistry in Puerto Rico for two years. Upon his return, he completed his graduate dental training in endodontics at the University of Pennsylvania as one of their first graduates in this field. During his years as a practicing dentist,he also completed a Master's degree in Public Health from Harvard and a Master in Liberal Arts from the Harvard University Extension School. A number of years later, he earned a Certificate in Museum Studies.\nHe has authored over 40 papers on dental history and over 30 video biographies of prominent people in the profession. The Massachusetts Dental Society awarded him both the History and Preservation and the Volunteer Hero Awards. In addition to serving as Historian of the Dental Society and the Tufts Dental Alumni Association, he is a board member of HURA. He currently shares his love of science and learning as a docent at Boston's Museum of Science and the MIT Museum. In his spare time, he enjoys wine tasting, walking, and giving tours of Boston.", "City State Zip": "Belmont, MA 02478", "Display name": "Charles Millstein", "Member Since": "2015", "Email": "jeanmill74@aol.com"}
