{"SafeDict": "{\"Phone\": \"\", \"Last Name\": \"Swearingen\", \"Photo\": \"\", \"Address\": \"\", \"Current Status\": \"2006\", \"First Name\": \"Charles\", \"Bio Information\": \"Charles Swearingen was raised in the South then took his degrees from Harvard College and Yale Medical School. He completed his medical and psychiatric training in New York, worked at the Harvard University Health Services in the early 70s, living in Mather House at Harvard as the Pre Med advisor. He graduated from the Boston Psychoanalytic Institute, and has practiced psychiatry and psychoanalysis in Harvard Square since 1975.\\n\\nHe became a management consultant in the 80 and 90s, working for the Levinson Institute, specializing in executive coaching and leadership development. He has also developed programs for dysfunctional or troubled physicians for the Massachusetts Medical Society. A long-time practitioner of Zen meditation, he gave a seminar on that practice for members of Kirkland House.\\n\\nCharles reads widely and treasures good conversation. He is active in his Harvard College class, hosting a clambake each summer. He and his wife Pam, a pediatrician, have one child, Christopher, who attended the Fenn School and Brimmer & May School.  He graduated from Quinnipiac University.\\nPam and Charles enjoy cross-country skiing in Vermont and decompressing in a summer place overlooking water in Maine. They love Bernese Mountain Dogs, and currently are owned by their third.\", \"City State Zip\": \"\", \"Display name\": \"Charles Swearingen\", \"Member Since\": \"2006\", \"Email\": \"pierian2@verizon.net\"}", "Phone": "", "Last Name": "Swearingen", "Photo": "", "Address": "", "Current Status": "2006", "First Name": "Charles", "Bio Information": "Charles Swearingen was raised in the South then took his degrees from Harvard College and Yale Medical School. He completed his medical and psychiatric training in New York, worked at the Harvard University Health Services in the early 70s, living in Mather House at Harvard as the Pre Med advisor. He graduated from the Boston Psychoanalytic Institute, and has practiced psychiatry and psychoanalysis in Harvard Square since 1975.\n\nHe became a management consultant in the 80 and 90s, working for the Levinson Institute, specializing in executive coaching and leadership development. He has also developed programs for dysfunctional or troubled physicians for the Massachusetts Medical Society. A long-time practitioner of Zen meditation, he gave a seminar on that practice for members of Kirkland House.\n\nCharles reads widely and treasures good conversation. He is active in his Harvard College class, hosting a clambake each summer. He and his wife Pam, a pediatrician, have one child, Christopher, who attended the Fenn School and Brimmer & May School.  He graduated from Quinnipiac University.\nPam and Charles enjoy cross-country skiing in Vermont and decompressing in a summer place overlooking water in Maine. They love Bernese Mountain Dogs, and currently are owned by their third.", "City State Zip": "", "Display name": "Charles Swearingen", "Member Since": "2006", "Email": "pierian2@verizon.net"}
