{"SafeDict": "{\"Phone\": \"617-633-1433\", \"Last Name\": \"Levin\", \"Photo\": \"\", \"Address\": \"342 Bunker hill Street - #5A\", \"Current Status\": \"current\", \"First Name\": \"Charles\", \"Bio Information\": \"Charles Levin grew up in Newton, MA, and graduated from Harvard College, where he majored in English Literature, and then Harvard Law School. Chuck married Elizabeth Kopp Levin and has two sons, 31 and 29.\\n\\nHe and his wife lived in Boston\\u2019s South End for 37 years, and now live in Charlestown. Chuck is a semi-retired business attorney. His interests include reading, family, law, Boston public elementary schools, classical music, languages, Judaism, pro bono work, current events, travel, and tai chi.\", \"City State Zip\": \"Charlestown, MA 02129\", \"Display name\": \"Charles Levin\", \"Member Since\": \"2007\", \"Email\": \"crlappl@socialaw.com\"}", "Phone": "617-633-1433", "Last Name": "Levin", "Photo": "", "Address": "342 Bunker hill Street - #5A", "Current Status": "current", "First Name": "Charles", "Bio Information": "Charles Levin grew up in Newton, MA, and graduated from Harvard College, where he majored in English Literature, and then Harvard Law School. Chuck married Elizabeth Kopp Levin and has two sons, 31 and 29.\n\nHe and his wife lived in Boston\u2019s South End for 37 years, and now live in Charlestown. Chuck is a semi-retired business attorney. His interests include reading, family, law, Boston public elementary schools, classical music, languages, Judaism, pro bono work, current events, travel, and tai chi.", "City State Zip": "Charlestown, MA 02129", "Display name": "Charles Levin", "Member Since": "2007", "Email": "crlappl@socialaw.com"}
