{"SafeDict": "{\"Phone\": \"781-659-5889\", \"Last Name\": \"Gager\", \"Photo\": \"\", \"Address\": \"7 Assinippi Ave #201\", \"Current Status\": \"Active Member\", \"First Name\": \"Charley\", \"Bio Information\": \"Charles Gaqer lived for much of his life in several different towns on Long island, New York. He and his wife moved to Lexington in 1979 and subsequently to Scituate in 1993 and to Norwell in 2008. After graduation from the Brooklyn Polytechnic Institute in 1950 with a Bachelor of Electrical Engineering degree, he spent his professional career in the design, development and system engineering of government electronics equipment, with a specialization in the field of radar. He retired as an Associate technical Director at the Mitre Corporation in Bedford in 1993 after 14 years of service. Before that, he worked for 28 years at the AiIbome Instruments Laboratory in NewYork.\\n\\nIn addition to his engineering activities, Charley's interests include history, government, and humanities. Charley and his wife, Peggy, have been married for over 50 years. Their four adult children live in various parts of the country.\", \"City State Zip\": \"Norwell, MA 02061\", \"Display name\": \"Charley Gager\", \"Member Since\": \"1993\", \"Email\": \"c.gager@ieee.org\"}", "Phone": "781-659-5889", "Last Name": "Gager", "Photo": "", "Address": "7 Assinippi Ave #201", "Current Status": "Active Member", "First Name": "Charley", "Bio Information": "Charles Gaqer lived for much of his life in several different towns on Long island, New York. He and his wife moved to Lexington in 1979 and subsequently to Scituate in 1993 and to Norwell in 2008. After graduation from the Brooklyn Polytechnic Institute in 1950 with a Bachelor of Electrical Engineering degree, he spent his professional career in the design, development and system engineering of government electronics equipment, with a specialization in the field of radar. He retired as an Associate technical Director at the Mitre Corporation in Bedford in 1993 after 14 years of service. Before that, he worked for 28 years at the AiIbome Instruments Laboratory in NewYork.\n\nIn addition to his engineering activities, Charley's interests include history, government, and humanities. Charley and his wife, Peggy, have been married for over 50 years. Their four adult children live in various parts of the country.", "City State Zip": "Norwell, MA 02061", "Display name": "Charley Gager", "Member Since": "1993", "Email": "c.gager@ieee.org"}
