{"SafeDict": "{\"Phone\": \"617-868-6411\", \"Last Name\": \"Lobron\", \"Photo\": \"\", \"Address\": \"54 COncord Ave #101\", \"Current Status\": \"2003\", \"First Name\": \"Charles\", \"Bio Information\": \"I retired from IBM, having spent most of my working life in the computer industry - system design, programming, installation, etc. I joined HILR in 2003 and led one course entitled \\\"Recent Poets Laureate of the US\\\".\\n\\nI enjoy biking, hiking, boating, poetry, chess, movies, books, building web sites and most currently, birding.\", \"City State Zip\": \"Cambridge, MA 02138\", \"Display name\": \"Charles Lobron\", \"Member Since\": \"2003\", \"Email\": \"cmlobron@gmail.com\"}", "Phone": "617-868-6411", "Last Name": "Lobron", "Photo": "", "Address": "54 COncord Ave #101", "Current Status": "2003", "First Name": "Charles", "Bio Information": "I retired from IBM, having spent most of my working life in the computer industry - system design, programming, installation, etc. I joined HILR in 2003 and led one course entitled \"Recent Poets Laureate of the US\".\n\nI enjoy biking, hiking, boating, poetry, chess, movies, books, building web sites and most currently, birding.", "City State Zip": "Cambridge, MA 02138", "Display name": "Charles Lobron", "Member Since": "2003", "Email": "cmlobron@gmail.com"}
