{"SafeDict": "{\"Phone\": \"\", \"Last Name\": \"Ritz\", \"Photo\": \"\", \"Address\": \"\", \"Current Status\": \"1989\", \"First Name\": \"Charlie\", \"Bio Information\": \"Charlie was born and raised in Worcester, MA. Except for 18 months in the army, he spent the first 40 years of his life in Worcester. While in the army, he spent a year in Germany, in Military Government.\\n\\nCharlie went to Worcester Jr College and then into the work force. He was in sales, first for a Plumbing & Heating and Industrial wholesaler, then for a Chemical manufacturer. In 1966, he and his family moved to Newton. A few years later he decided to try running his own busines, and opened a fitness center for women in Wellesley.  After a scary start, it turned out to be a rather successful venture.\\n\\nWhen his youngest child went off to college, Charlie and his wife Isa, realized they were city people, sold the big old Victorian house where they raised their children, and moved to Harvard Square in 1987.\\n\\nIt was the happiest of times, but ten months after they were there,  Isa was in a tragic automobile accident.\\nAfter a rough period, Charlie sold the business and decided to retire. He bought a piano, and took lessons; he discovered Tai Chi; he started playing bridge again; and then made the best discovery of all: HILR.\\n\\nHis children had been in Russia (Carey) for six years, Israel (Brett) for eight years and Seattle  (Morgan) for nine years. Now they're in Brookline, Watertown and Greenwich, CT.\", \"City State Zip\": \"\", \"Display name\": \"Charlie Ritz\", \"Member Since\": \"1989\", \"Email\": \"critz@comcast.net\"}", "Phone": "", "Last Name": "Ritz", "Photo": "", "Address": "", "Current Status": "1989", "First Name": "Charlie", "Bio Information": "Charlie was born and raised in Worcester, MA. Except for 18 months in the army, he spent the first 40 years of his life in Worcester. While in the army, he spent a year in Germany, in Military Government.\n\nCharlie went to Worcester Jr College and then into the work force. He was in sales, first for a Plumbing & Heating and Industrial wholesaler, then for a Chemical manufacturer. In 1966, he and his family moved to Newton. A few years later he decided to try running his own busines, and opened a fitness center for women in Wellesley.  After a scary start, it turned out to be a rather successful venture.\n\nWhen his youngest child went off to college, Charlie and his wife Isa, realized they were city people, sold the big old Victorian house where they raised their children, and moved to Harvard Square in 1987.\n\nIt was the happiest of times, but ten months after they were there,  Isa was in a tragic automobile accident.\nAfter a rough period, Charlie sold the business and decided to retire. He bought a piano, and took lessons; he discovered Tai Chi; he started playing bridge again; and then made the best discovery of all: HILR.\n\nHis children had been in Russia (Carey) for six years, Israel (Brett) for eight years and Seattle  (Morgan) for nine years. Now they're in Brookline, Watertown and Greenwich, CT.", "City State Zip": "", "Display name": "Charlie Ritz", "Member Since": "1989", "Email": "critz@comcast.net"}
