{"SafeDict": "{\"Phone\": \"\", \"Last Name\": \"Swartz\", \"Photo\": \"\", \"Address\": \"\", \"Current Status\": \"2000\", \"First Name\": \"Charlotte\", \"Bio Information\": \"Charlotte retired in 2000 after a career that included four different fields. She joined HILR to help her make the transition from the work world to retirement, since education enabled her to have such a varied career.\\n\\nWhen she graduated from Barnard in 1955, she took advantage of a Ford Foundation grant to attend the Harvard Graduate School of Education, where she got an EdM, and subsequently taught fifth grade. After getting married and starting a family, she went back to school and earned an MA in social work, later working in the area of mental retardation for the Commonwealth. Then an MA in management enabled her to make the transition to the world of high tech, where she worked on developing training materials.\\n\\nHILR has provided the opportunity of learning and making new friends at HILR. In addition, she is busy tutoring children, making and listening to music, hiking, reading, and visiting grandchildren in Brooklyn and Philadelphia. She is originally from Connecticut, and has lived in Boston since 1960.\", \"City State Zip\": \"\", \"Display name\": \"Charlotte Swartz\", \"Member Since\": \"2000\", \"Email\": \"charlotte7@verizon.net\"}", "Phone": "", "Last Name": "Swartz", "Photo": "", "Address": "", "Current Status": "2000", "First Name": "Charlotte", "Bio Information": "Charlotte retired in 2000 after a career that included four different fields. She joined HILR to help her make the transition from the work world to retirement, since education enabled her to have such a varied career.\n\nWhen she graduated from Barnard in 1955, she took advantage of a Ford Foundation grant to attend the Harvard Graduate School of Education, where she got an EdM, and subsequently taught fifth grade. After getting married and starting a family, she went back to school and earned an MA in social work, later working in the area of mental retardation for the Commonwealth. Then an MA in management enabled her to make the transition to the world of high tech, where she worked on developing training materials.\n\nHILR has provided the opportunity of learning and making new friends at HILR. In addition, she is busy tutoring children, making and listening to music, hiking, reading, and visiting grandchildren in Brooklyn and Philadelphia. She is originally from Connecticut, and has lived in Boston since 1960.", "City State Zip": "", "Display name": "Charlotte Swartz", "Member Since": "2000", "Email": "charlotte7@verizon.net"}
