{"SafeDict": "{\"Phone\": \"(617) 661-3295\", \"Last Name\": \"Chapman\", \"Photo\": \"\", \"Address\": \"15 High St.\", \"Current Status\": \"Cambridge, MA 02138\", \"First Name\": \"Cheryl\", \"Bio Information\": \"Cheryl has enjoyed learning from her earliest years. She has taken a vast range of classes in parallel to her Administrative careers at Boston University, Children's Hospital and a long stint as Director of Student Financial Services at Harvard's Extension School.\\nCheryl received her AA degree at Lasell College in Newton concentrating in Middle Eastern History and taking electives in Art and Music History as well as Eastern and Western Philosophy, Eastern Religion and Creative Writing. She received her BA in American History from The College of the Holy Cross where she was one of seventeen women in its first co-educational class. With hundreds of males as her classmates and a pleasant distraction, it was sometimes difficult to keep her nose to the grindstone!  \\nWhile working at BU she enrolled in the Program in Artisanry and spent her evenings laboring in the exotic woodworking shop learning a reverence for wood and the craftsmanship and art that shaped it. One small table still survives in the downstairs hall of her home. After woodworking came endeavors in Women's Studies and Therapeutic, Abnormal and Interpersonal Psychology. Looking for something more job related, she took several courses in Accounting; a chore to be sure, but more practical.\\nOn to the Medical Area and total immersion in computers and related technology. The small technical crew who worked at the Gait Analysis Lab of Children's Hospital had become very close and eventually moved en masse to what Bob Dylan called the green pastures of Harvard and Cheryl moved with them. Her career in dealing with organizational and student finance began there in the Computer Science Department. Moving on to the Extension School she was promoted to Director of Student Financial Services until leaving to care for her elderly parents. While at the Extension School she earned her Ed.M in Educational Administration from Harvard's Graduate School of Education.\\nTaking care of her parents was hard work but a labor of love.   While doing this, Cheryl decided to move in a new educational direction and continued her studies by enrolling in The Landscape Design program of the Radcliffe Institute. She finished all but her final project designing a Japanese garden in the wilderness of her mother-in-law's property but continues to be an avid gardener in her own yard and as a volunteer at Habitat in Belmont and at the Massachusetts Horticultural Society.\\nFor the last twenty two years Cheryl has traveled extensively with her husband Scott, coming to appreciate especially the Southwest of the United States and the culture and history of the Anasazi Indians. They have made several trips to her beloved Great Britain and Ireland as well as numerous places in Europe and the Caribbean. Currently she devotes her time to writing, meeting weekly with a writing group at the Hi -Rise Bakery on Brattle Street and stoically accepting rejections from short story journals and NPR. She is excited at becoming a member of the HILR and looks forward to participating in many Study Groups and meeting the interesting people who populate them.\", \"City State Zip\": \"Cambridge, MA 02138\", \"Display name\": \"Cheryl Chapman\", \"Member Since\": \"Cambridge, MA 02138\", \"Email\": \"cfc@sobco.com\"}", "Phone": "(617) 661-3295", "Last Name": "Chapman", "Photo": "", "Address": "15 High St.", "Current Status": "Cambridge, MA 02138", "First Name": "Cheryl", "Bio Information": "Cheryl has enjoyed learning from her earliest years. She has taken a vast range of classes in parallel to her Administrative careers at Boston University, Children's Hospital and a long stint as Director of Student Financial Services at Harvard's Extension School.\nCheryl received her AA degree at Lasell College in Newton concentrating in Middle Eastern History and taking electives in Art and Music History as well as Eastern and Western Philosophy, Eastern Religion and Creative Writing. She received her BA in American History from The College of the Holy Cross where she was one of seventeen women in its first co-educational class. With hundreds of males as her classmates and a pleasant distraction, it was sometimes difficult to keep her nose to the grindstone!  \nWhile working at BU she enrolled in the Program in Artisanry and spent her evenings laboring in the exotic woodworking shop learning a reverence for wood and the craftsmanship and art that shaped it. One small table still survives in the downstairs hall of her home. After woodworking came endeavors in Women's Studies and Therapeutic, Abnormal and Interpersonal Psychology. Looking for something more job related, she took several courses in Accounting; a chore to be sure, but more practical.\nOn to the Medical Area and total immersion in computers and related technology. The small technical crew who worked at the Gait Analysis Lab of Children's Hospital had become very close and eventually moved en masse to what Bob Dylan called the green pastures of Harvard and Cheryl moved with them. Her career in dealing with organizational and student finance began there in the Computer Science Department. Moving on to the Extension School she was promoted to Director of Student Financial Services until leaving to care for her elderly parents. While at the Extension School she earned her Ed.M in Educational Administration from Harvard's Graduate School of Education.\nTaking care of her parents was hard work but a labor of love.   While doing this, Cheryl decided to move in a new educational direction and continued her studies by enrolling in The Landscape Design program of the Radcliffe Institute. She finished all but her final project designing a Japanese garden in the wilderness of her mother-in-law's property but continues to be an avid gardener in her own yard and as a volunteer at Habitat in Belmont and at the Massachusetts Horticultural Society.\nFor the last twenty two years Cheryl has traveled extensively with her husband Scott, coming to appreciate especially the Southwest of the United States and the culture and history of the Anasazi Indians. They have made several trips to her beloved Great Britain and Ireland as well as numerous places in Europe and the Caribbean. Currently she devotes her time to writing, meeting weekly with a writing group at the Hi -Rise Bakery on Brattle Street and stoically accepting rejections from short story journals and NPR. She is excited at becoming a member of the HILR and looks forward to participating in many Study Groups and meeting the interesting people who populate them.", "City State Zip": "Cambridge, MA 02138", "Display name": "Cheryl Chapman", "Member Since": "Cambridge, MA 02138", "Email": "cfc@sobco.com"}
