{"SafeDict": "{\"Phone\": \"(202) 421-0840\", \"Last Name\": \"Brown\", \"Photo\": \"\", \"Address\": \"175 Richdale Ave #121\", \"Current Status\": \"New\", \"First Name\": \"Cheryl Worrell\", \"Bio Information\": \"Upon retiring from 25+ years of Administrative Management & Consulting in the private sector, half of which served at The Boeing Company, now continues her pursuit of lifelong learning at Harvard University.  Upon receiving a Masters certificate in Film, Video & Television Broadcast Media has been a freelance producer whose main goal is to promote positive programming in media. Life is simply beautiful with necessary hills & valleys, ebbs & flows that carry us to growth and greatness.  Under graduate of Cleveland State University with graduate studies at University of Phoenix towards M.B.A. with a concentration in International Trade.  In my free time I love to travel to exotic islands and far away lands such as Grand Cayman Island, Cancun, Bermuda, Greece, and Turkey, etc...\", \"City State Zip\": \"Cambridge, MA 02140\", \"Display name\": \"Cheryl Worrell Brown\", \"Member Since\": \"Fall 2014\", \"Email\": \"cbrown301@aol.com\"}", "Phone": "(202) 421-0840", "Last Name": "Brown", "Photo": "", "Address": "175 Richdale Ave #121", "Current Status": "New", "First Name": "Cheryl Worrell", "Bio Information": "Upon retiring from 25+ years of Administrative Management & Consulting in the private sector, half of which served at The Boeing Company, now continues her pursuit of lifelong learning at Harvard University.  Upon receiving a Masters certificate in Film, Video & Television Broadcast Media has been a freelance producer whose main goal is to promote positive programming in media. Life is simply beautiful with necessary hills & valleys, ebbs & flows that carry us to growth and greatness.  Under graduate of Cleveland State University with graduate studies at University of Phoenix towards M.B.A. with a concentration in International Trade.  In my free time I love to travel to exotic islands and far away lands such as Grand Cayman Island, Cancun, Bermuda, Greece, and Turkey, etc...", "City State Zip": "Cambridge, MA 02140", "Display name": "Cheryl Worrell Brown", "Member Since": "Fall 2014", "Email": "cbrown301@aol.com"}
