{"SafeDict": "{\"Phone\": \"(781) 862-6254\", \"Last Name\": \"Yang\", \"Photo\": \"\", \"Address\": \"5 Battle Green Rd.\", \"Current Status\": \"New\", \"First Name\": \"Chien-Hsiung\", \"Bio Information\": \"A ready-companion to two sons and their families of six grandchildren, Ken is an active tennis player, a lover of books and classical music, avolunteer in several community organizations, and a new and eager student ofthe culinary arts.\\nProfessionally, Ken served as a Research Physicist in the Geophysics Laboratory at Hanscom Air Force Base for 40 years before retiring in 2008 (with the last 11 years as Volunteer Emeritus).  His work focused onnumerical modeling of the global atmosphere and the various problems ofanalysis and prediction.  In 2008, Ken's expertise in atmospheric analysisand prediction was called upon for an article that was published in thejournal, \\\"Earth Interaction\\\", Vol. 13, 2009, entitled, \\\"The influence of ElNi\\u00f1o on the spring fallout of Asian bird species at Attu Island.\\\" Kenreceived his training in Meteorology at the University of Michigan (Go Blue!)whereas he received his MS (1959) and PhD (1967).\\nThe youngest of six boys, Ken was born in Kaohsiung, the southern port cityof Taiwan in 1929.  He spent his early boyhood studying in the Japaneseschool system, which then switched to a Chinese administration following thewar.  Ken graduated from The National Taiwan University with a BS in physicsin 1950.  Under a visiting scientists' program run by the US StateDepartment, he first traveled to the US in 1953 and spent eight monthsstudying at the Graduate School of the University of Chicago and sixadditional months touring various sections of the US Weather Bureau.  Kenreturned to his alma mater in Taipei and taught for four years beforeleaving again for the US to complete his MS program at the University ofMichigan. After completing his masters, he sailed back to Taiwan, marriedhis wife, Yulie and taught again at The National Taiwan University.  In1963, he was invited by Prof. E. Wendell Hewson to study and join his lab atthe University of Michigan so Ken moved with his wife and infant son to AnnArbor.  Following the successful defense of his PhD thesis in 1967, Kenmoved his family, now with a second son, to Lexington and the Air ForceGeophysics Laboratory.\\nIn 2011, Ken and the family lost Yulie to cancer.  With her memory, and withthe support and encouragement of his boys and their families, Ken continueswith an active schedule.  In addition to cheering on his grandchildren in asmany sporting events as he can attend, Ken has volunteered in severalcommunity organizations including The Concord Carlisle Public Library, TheConcord-Carlisle Community Chest, Gaining Ground Community Garden, and OpenTable.   \", \"City State Zip\": \"Lexington, MA, 02421\", \"Display name\": \"Chien-Hsiung Yang\", \"Member Since\": \"Spring 2014\", \"Email\": \"chien.yang@verizon.net\"}", "Phone": "(781) 862-6254", "Last Name": "Yang", "Photo": "", "Address": "5 Battle Green Rd.", "Current Status": "New", "First Name": "Chien-Hsiung", "Bio Information": "A ready-companion to two sons and their families of six grandchildren, Ken is an active tennis player, a lover of books and classical music, avolunteer in several community organizations, and a new and eager student ofthe culinary arts.\nProfessionally, Ken served as a Research Physicist in the Geophysics Laboratory at Hanscom Air Force Base for 40 years before retiring in 2008 (with the last 11 years as Volunteer Emeritus).  His work focused onnumerical modeling of the global atmosphere and the various problems ofanalysis and prediction.  In 2008, Ken's expertise in atmospheric analysisand prediction was called upon for an article that was published in thejournal, \"Earth Interaction\", Vol. 13, 2009, entitled, \"The influence of ElNi\u00f1o on the spring fallout of Asian bird species at Attu Island.\" Kenreceived his training in Meteorology at the University of Michigan (Go Blue!)whereas he received his MS (1959) and PhD (1967).\nThe youngest of six boys, Ken was born in Kaohsiung, the southern port cityof Taiwan in 1929.  He spent his early boyhood studying in the Japaneseschool system, which then switched to a Chinese administration following thewar.  Ken graduated from The National Taiwan University with a BS in physicsin 1950.  Under a visiting scientists' program run by the US StateDepartment, he first traveled to the US in 1953 and spent eight monthsstudying at the Graduate School of the University of Chicago and sixadditional months touring various sections of the US Weather Bureau.  Kenreturned to his alma mater in Taipei and taught for four years beforeleaving again for the US to complete his MS program at the University ofMichigan. After completing his masters, he sailed back to Taiwan, marriedhis wife, Yulie and taught again at The National Taiwan University.  In1963, he was invited by Prof. E. Wendell Hewson to study and join his lab atthe University of Michigan so Ken moved with his wife and infant son to AnnArbor.  Following the successful defense of his PhD thesis in 1967, Kenmoved his family, now with a second son, to Lexington and the Air ForceGeophysics Laboratory.\nIn 2011, Ken and the family lost Yulie to cancer.  With her memory, and withthe support and encouragement of his boys and their families, Ken continueswith an active schedule.  In addition to cheering on his grandchildren in asmany sporting events as he can attend, Ken has volunteered in severalcommunity organizations including The Concord Carlisle Public Library, TheConcord-Carlisle Community Chest, Gaining Ground Community Garden, and OpenTable.   ", "City State Zip": "Lexington, MA, 02421", "Display name": "Chien-Hsiung Yang", "Member Since": "Spring 2014", "Email": "chien.yang@verizon.net"}
