{"SafeDict": "{\"Phone\": \"\", \"Last Name\": \"dennis\", \"Photo\": \"\", \"Address\": \"\", \"Current Status\": \"\", \"First Name\": \"christie\", \"Bio Information\": \"\", \"City State Zip\": \"\", \"Display name\": \"christie dennis\", \"Member Since\": \"\", \"Email\": \"christie.p.dennis@gmail.com\"}", "Phone": "", "Last Name": "dennis", "Photo": "", "Address": "", "Current Status": "", "First Name": "christie", "Bio Information": "", "City State Zip": "", "Display name": "christie dennis", "Member Since": "", "Email": "christie.p.dennis@gmail.com"}
