{"SafeDict": "{\"Phone\": \"cgibson@mit.edu\", \"Last Name\": \"Gibson\", \"Photo\": \"\", \"Address\": \"88 Walden St.\", \"Current Status\": \"Active Member\", \"First Name\": \"Cyrus (Chuck)\", \"Bio Information\": \"Chuck grew up in South Carolina, Georgia, and Florida: hot summer visits to relatives\\u2019 farms, Boy Scout camping in the Everglades, public school teachers who inspired him.  He first crossed the Mason-Dixon Line when he went to Yale.  He majored in Mechanical Engineering, but stayed an extra year to indulge courses in history of art and French literature, long and late discussions, and sherry with Sloan Coffin, the liberal Yale chaplain.  His career as an engineer, for Standard Oil of California, lasted only a year. His idealism and restlessness led him to teach secondary school in Ghana for two years.\\nChuck thought a career in international development would benefit from training in business management. He went to Harvard Business School. While there he met Joanne Fay, a native of Wellesley. They were married after he took a job with the Ford Foundation in Mexico City.  His mentors suggested he go back and study more. (Perhaps he was a slow learner after all.)  The couple returned to Cambridge where they began their family and he got a PhD in organizational behavior at the MIT Sloan School.\\nWhen Chuck had to go to work again, the Gibsons decided against further trying to save the world.  They settled in Concord.  He joined the faculty at HBS, where he taught MBA\\u2019s and middle-level managers and helped develop the new field of information systems management. He co-authored \\u201cManaging the Four Stages of EDP Growth\\u201d, Harvard Business Review, wrote Managing Organizational Behavior, text and cases, and researched the impact of new information systems on organizations and people.  Most of all, in teaching by the case method Chuck found his calling.\\nAfter nine years at HBS Chuck moved to Index Systems, an IT and management consulting firm in Cambridge.  He continued case teaching, in customized programs for client companies.  He learned more about introducing change to an established management culture.  He had to practice what he preached. He came to value the pragmatic, as opposed to the ideological.\\nAfter seventeen years at Index Chuck made his first attempt at retirement.  It was a failure. He returned to academia. For twelve years at MIT he worked at the Center for Information Systems Research in the Sloan School.  In 2011 Chuck is making a second try at retirement.  He is consulting to MIT and does some work in Latin America, where he dredges up very rusty Spanish. He is on two company advisory boards. He is a member of a Boston men\\u2019s social and book-oriented club.  He is always up for birding, including revisiting some of his haunts in the Everglades. He resolves to resume tennis and to add more sculling to his weekly trail walking.  He looks for conversation on topics and ideas, such as through HILR, as one means toward an enriched retirement.\\nAs they approach their 45th anniversary and their 42nd  year in Concord, Joanne and Chuck have their family near. Two of their three children and their families live in Concord, the third in Dedham. The nine grandchildren range from eleven years to one month. Joanne and Chuck see a lot of them at home and in the summer on Squam Lake in New Hampshire. With the grandchildren there is so much to be taught, so many birds to know, so much lake exploring and hills to climb, so many places to visit. Those can be the other means to enrich retirement.\", \"City State Zip\": \"Concord, MA 01742\", \"Display name\": \"Chuck Gibson\", \"Member Since\": \"2011\", \"Email\": \"cgibson@mit.edu\"}", "Phone": "cgibson@mit.edu", "Last Name": "Gibson", "Photo": "", "Address": "88 Walden St.", "Current Status": "Active Member", "First Name": "Cyrus (Chuck)", "Bio Information": "Chuck grew up in South Carolina, Georgia, and Florida: hot summer visits to relatives\u2019 farms, Boy Scout camping in the Everglades, public school teachers who inspired him.  He first crossed the Mason-Dixon Line when he went to Yale.  He majored in Mechanical Engineering, but stayed an extra year to indulge courses in history of art and French literature, long and late discussions, and sherry with Sloan Coffin, the liberal Yale chaplain.  His career as an engineer, for Standard Oil of California, lasted only a year. His idealism and restlessness led him to teach secondary school in Ghana for two years.\nChuck thought a career in international development would benefit from training in business management. He went to Harvard Business School. While there he met Joanne Fay, a native of Wellesley. They were married after he took a job with the Ford Foundation in Mexico City.  His mentors suggested he go back and study more. (Perhaps he was a slow learner after all.)  The couple returned to Cambridge where they began their family and he got a PhD in organizational behavior at the MIT Sloan School.\nWhen Chuck had to go to work again, the Gibsons decided against further trying to save the world.  They settled in Concord.  He joined the faculty at HBS, where he taught MBA\u2019s and middle-level managers and helped develop the new field of information systems management. He co-authored \u201cManaging the Four Stages of EDP Growth\u201d, Harvard Business Review, wrote Managing Organizational Behavior, text and cases, and researched the impact of new information systems on organizations and people.  Most of all, in teaching by the case method Chuck found his calling.\nAfter nine years at HBS Chuck moved to Index Systems, an IT and management consulting firm in Cambridge.  He continued case teaching, in customized programs for client companies.  He learned more about introducing change to an established management culture.  He had to practice what he preached. He came to value the pragmatic, as opposed to the ideological.\nAfter seventeen years at Index Chuck made his first attempt at retirement.  It was a failure. He returned to academia. For twelve years at MIT he worked at the Center for Information Systems Research in the Sloan School.  In 2011 Chuck is making a second try at retirement.  He is consulting to MIT and does some work in Latin America, where he dredges up very rusty Spanish. He is on two company advisory boards. He is a member of a Boston men\u2019s social and book-oriented club.  He is always up for birding, including revisiting some of his haunts in the Everglades. He resolves to resume tennis and to add more sculling to his weekly trail walking.  He looks for conversation on topics and ideas, such as through HILR, as one means toward an enriched retirement.\nAs they approach their 45th anniversary and their 42nd  year in Concord, Joanne and Chuck have their family near. Two of their three children and their families live in Concord, the third in Dedham. The nine grandchildren range from eleven years to one month. Joanne and Chuck see a lot of them at home and in the summer on Squam Lake in New Hampshire. With the grandchildren there is so much to be taught, so many birds to know, so much lake exploring and hills to climb, so many places to visit. Those can be the other means to enrich retirement.", "City State Zip": "Concord, MA 01742", "Display name": "Chuck Gibson", "Member Since": "2011", "Email": "cgibson@mit.edu"}
