{"SafeDict": "{\"Phone\": \"(617) 787-7778\", \"Last Name\": \"Wainwright\", \"Photo\": \"\", \"Address\": \"11 Blackstone St\", \"Current Status\": \"New\", \"First Name\": \"Clara\", \"Bio Information\": \"Clara Wainwright grew up in Boston in the staid forties and fifties. A poor student, she was told by her college advisor that she wouldn\\u2019t get into any of her choices. This remark sank deep into her psyche and emerged as a fighting spirit, determined to succeed. (She was accepted at Connecticut College and graduated from the University of North Carolina !).\\n Clara found her real teachers after college \\u2013 Hanns Swarzenski, the Curator of Decorative Arts and Sculpture at the Museum of Fine Arts, where she worked ashis secretary. He taught her how to find delight in scholarship and encouraged her to study to become a curator. Ben Thompson, Chairman of the Department of Architecture at Harvard, taught her how to deeply enjoy the simple life through comfortable elegant design, to bring friends and their ideas together with good cooking and a round table. Drew Hyde, the Director of the Institute of Contemporary Art, taught her to trust her intuition and how to do big, ambitious things on a shoestring. And Bill Wainwright, her collaborator for almost fifty years, always encouraged her wildest ideas and collaborated with her to bring them to life.\\n Clara discovered her artist life in 1971when a friend gave her newborn son, Dedalus, an extraordinary Victorian crazy quilt. She found a woman willilng to give a two hour workshop, found a studio not far from home and has spent the past 43 years delighted in every day.\\n She had her first one woman show in 1975 at the Addison Gallery at Phillips Academy in Andover. A number of other shows and retrospectives at the DeCordova Museum and the Cape Ann Museum followed. Her work is in the Museum of Fine Arts, the Peaody Essex Museum, the Cape Ann Museum and Central European University, a well as a number of corporate and private collections.\\nIn addition to her own work, Clara has worked with more than fifty community groups on collaborative quilts which explore their ambitions, histories and achievements. These quilts hang in libraries, community and health centers, public housing projects and schools in Boston, Cambridge, Somerville, Lynn,and Gloucester.\\nThis spring she is working with a group of women with Syrian, Iraqi and Egyptian backgrounds on a quilt focusing on Syrian children which will hang in the Center for Arabic Culture in Somerville. With her husband Bill, Clara started the Great Boston Kite Festival in 1969. Held on the golf course in Franklin Park, Dorchester, it was run for 13 years by the Committee for the Better Use of Air until the City of Boston took it over. In 1976 she started First Night, Boston\\u2019s artists\\u2019 ideas or how to usher in the new year. She still marches in the Grand Procession, in full costume, giving out silver stickers as a member of the Geometric Progression Band.\\nLast spring, in response to the Marathon tragedy, Clara and a collaborator created a 15\\u2019 x 5\\u2019 collage \\u2013 Mending Boston \\u2013 which they took to seventeen sites, including Martin Richard\\u2019s school, Tufts Medical Center, Trinity and Old South Churches, and Spaulding Rehab Center, where more than 250 people were invited to add buildings, parks, life, \\u2018mend\\u2019 and talk. Mending Boston is permanently installed at Spaulding Rehab Center.\\nThis project has led to a series of quilts focusing on animal teachers which are all hand sewn. Clara looks forward to slowing down and finding some wonderful new teachers at the Institute for Learning in Retirement!\", \"City State Zip\": \"Cambridge, MA 02139\", \"Display name\": \"Clara Wainwright\", \"Member Since\": \"Fall 2014\", \"Email\": \"clarawainwright@comcast.net\"}", "Phone": "(617) 787-7778", "Last Name": "Wainwright", "Photo": "", "Address": "11 Blackstone St", "Current Status": "New", "First Name": "Clara", "Bio Information": "Clara Wainwright grew up in Boston in the staid forties and fifties. A poor student, she was told by her college advisor that she wouldn\u2019t get into any of her choices. This remark sank deep into her psyche and emerged as a fighting spirit, determined to succeed. (She was accepted at Connecticut College and graduated from the University of North Carolina !).\n Clara found her real teachers after college \u2013 Hanns Swarzenski, the Curator of Decorative Arts and Sculpture at the Museum of Fine Arts, where she worked ashis secretary. He taught her how to find delight in scholarship and encouraged her to study to become a curator. Ben Thompson, Chairman of the Department of Architecture at Harvard, taught her how to deeply enjoy the simple life through comfortable elegant design, to bring friends and their ideas together with good cooking and a round table. Drew Hyde, the Director of the Institute of Contemporary Art, taught her to trust her intuition and how to do big, ambitious things on a shoestring. And Bill Wainwright, her collaborator for almost fifty years, always encouraged her wildest ideas and collaborated with her to bring them to life.\n Clara discovered her artist life in 1971when a friend gave her newborn son, Dedalus, an extraordinary Victorian crazy quilt. She found a woman willilng to give a two hour workshop, found a studio not far from home and has spent the past 43 years delighted in every day.\n She had her first one woman show in 1975 at the Addison Gallery at Phillips Academy in Andover. A number of other shows and retrospectives at the DeCordova Museum and the Cape Ann Museum followed. Her work is in the Museum of Fine Arts, the Peaody Essex Museum, the Cape Ann Museum and Central European University, a well as a number of corporate and private collections.\nIn addition to her own work, Clara has worked with more than fifty community groups on collaborative quilts which explore their ambitions, histories and achievements. These quilts hang in libraries, community and health centers, public housing projects and schools in Boston, Cambridge, Somerville, Lynn,and Gloucester.\nThis spring she is working with a group of women with Syrian, Iraqi and Egyptian backgrounds on a quilt focusing on Syrian children which will hang in the Center for Arabic Culture in Somerville. With her husband Bill, Clara started the Great Boston Kite Festival in 1969. Held on the golf course in Franklin Park, Dorchester, it was run for 13 years by the Committee for the Better Use of Air until the City of Boston took it over. In 1976 she started First Night, Boston\u2019s artists\u2019 ideas or how to usher in the new year. She still marches in the Grand Procession, in full costume, giving out silver stickers as a member of the Geometric Progression Band.\nLast spring, in response to the Marathon tragedy, Clara and a collaborator created a 15\u2019 x 5\u2019 collage \u2013 Mending Boston \u2013 which they took to seventeen sites, including Martin Richard\u2019s school, Tufts Medical Center, Trinity and Old South Churches, and Spaulding Rehab Center, where more than 250 people were invited to add buildings, parks, life, \u2018mend\u2019 and talk. Mending Boston is permanently installed at Spaulding Rehab Center.\nThis project has led to a series of quilts focusing on animal teachers which are all hand sewn. Clara looks forward to slowing down and finding some wonderful new teachers at the Institute for Learning in Retirement!", "City State Zip": "Cambridge, MA 02139", "Display name": "Clara Wainwright", "Member Since": "Fall 2014", "Email": "clarawainwright@comcast.net"}
