{"SafeDict": "{\"Phone\": \"(978) 921-1636\", \"Last Name\": \"Baxter\", \"Photo\": \"\", \"Address\": \"7 Hillcrest Rd.\", \"Current Status\": \"New\", \"First Name\": \"Clark\", \"Bio Information\": \"Clark Baxter made his career publishing college textbooks, primarily in history, political science, music, and art, with occasional restless forays into religion, geography, psychology, philosophy, anthropology, policing and criminal investigation, the physiology of drugs, reading and study skills, and the humanities.\\nA native of Minneapolis, Clark studied history at the University of Minnesota. Years later, responding to stimuli unnoted by others, Clark resumed his formal education at Harvard's Extension School, from which in time he received a Master of Liberal Arts degree. His thesis answered, to his satisfaction at least and that of Emily Vermeule, his faculty advisor, why baseball, of all things, was for many years America's unquestioned \\\"National Pastime\\\" and why it isn't now. Clark has since served as a \\\"section leader\\\" in Extension classes on baseball as a mirror of American society and WW II as seen through literature and film.\\nRecruiting and meeting with authors at colleges across the US allowed Clark to explore all 50 states, and fueled a wanderlust that he indulges when he is not reading, hiking, and watching others tend his yard. He has traveled, often with his wife and daughter, through much of Europe and North America, and alone to Singapore (where he spent a week at Raffles living like Farouk in exile) and most recently to Panama.\\nClark's met his wife Abigail in New York City, where they both began their editorial careers. Their daughter Caroline lives in Washington, DC, where she works as a security analyst for the Rand Corporation.\\n \", \"City State Zip\": \"Beverly Farms\", \"Display name\": \"Clark Baxter\", \"Member Since\": \"Spring 2014\", \"Email\": \"cbaxter150@gmail.com\"}", "Phone": "(978) 921-1636", "Last Name": "Baxter", "Photo": "", "Address": "7 Hillcrest Rd.", "Current Status": "New", "First Name": "Clark", "Bio Information": "Clark Baxter made his career publishing college textbooks, primarily in history, political science, music, and art, with occasional restless forays into religion, geography, psychology, philosophy, anthropology, policing and criminal investigation, the physiology of drugs, reading and study skills, and the humanities.\nA native of Minneapolis, Clark studied history at the University of Minnesota. Years later, responding to stimuli unnoted by others, Clark resumed his formal education at Harvard's Extension School, from which in time he received a Master of Liberal Arts degree. His thesis answered, to his satisfaction at least and that of Emily Vermeule, his faculty advisor, why baseball, of all things, was for many years America's unquestioned \"National Pastime\" and why it isn't now. Clark has since served as a \"section leader\" in Extension classes on baseball as a mirror of American society and WW II as seen through literature and film.\nRecruiting and meeting with authors at colleges across the US allowed Clark to explore all 50 states, and fueled a wanderlust that he indulges when he is not reading, hiking, and watching others tend his yard. He has traveled, often with his wife and daughter, through much of Europe and North America, and alone to Singapore (where he spent a week at Raffles living like Farouk in exile) and most recently to Panama.\nClark's met his wife Abigail in New York City, where they both began their editorial careers. Their daughter Caroline lives in Washington, DC, where she works as a security analyst for the Rand Corporation.\n ", "City State Zip": "Beverly Farms", "Display name": "Clark Baxter", "Member Since": "Spring 2014", "Email": "cbaxter150@gmail.com"}
