{"SafeDict": "{\"Phone\": \"(617) 876-2835\", \"Last Name\": \"Abt\", \"Photo\": \"\", \"Address\": \"19 Follen St.\", \"Current Status\": \"Active\", \"First Name\": \"Clark\", \"Bio Information\": \"Dr. Clark Abt is an engineer, educator, environmentalist, entrepreneur, and social scientist. Trained as an industrial engineer at MIT, after serving as a navigator/electronic countermeasures officer in the US Air Force for 5 years, he completed seven years at Raytheon Missile and Space Systems Division as Manager of its Strategic Studies Department. Awarded a Ph.D. in Political Science by MIT in 1965, he founded an interdisciplinary socioeconomic policy research company, Abt Associates Inc., which he grew into one of the leading international applied socio-economic research firms. After retiring as CEO of Abt Associates Inc. in 1986, he became publisher of some 100 social science and policy research books and CD-ROM's under the Abt Books imprint until 1990. From 1991 to 1995 he was a professor of international relations at Boston University, and Director of the BU Center for  the Study of Small States, Director of the BU Defense Technology Conversion Center, and of the Russian-American Entrepreneurial Workshop in Defense Technology Conversion for Russian and American nuclear weapons scientists in Boston, Moscow, Livermore, and Los Alamos.  \\nAfter 9/11/2001 Dr. Abt directed studies on nuclear and biological terrorism defenses for the US government and the Ford Foundation. Following retirement from the Abt Associates Board as Chairman Emeritus in 2006, he was appointed Distinguished Professor of Management at Cambridge College, where he taught courses in research methods, health care policy and ethics, and terrorism and disaster management. In 2007-8 he taught Energy Engineering to automotive engineering students at Benjamin Franklin Institute of Technology. In 2009 he was appointed Adjunct Professor of Energy and Sustainable International Development at Brandeis University's Heller School of Social Policy and Management, where he teaches courses on renewable energy and its cost-effectiveness, and seminars on social experiments and disaster management. He is the author of ten books, including Serious Games (Viking, 1970), The Evaluation of Social Programs (Sage, 1976), The Social Audit for Management (Amazon, 1977),Perspectives on the Costs and Benefits of Applied Social Research(CASR, 1979), The Termination of A Nuclear War (Westview, 1986), AIDS and the Courts (Abt Books,1990), and Solar-Powered Economic Growth (1999).\\nHe enjoys painting, reading, Shakespeare, writing, teaching, memoirs, playing tennis singles and doubles, sailing and swimming, and learning to play his harpsichord. \\nMassachusetts Institute of Technology, Ph.D. in Political Science, 1965\\nThe Johns Hopkins University, M.A. in Writing , Speech, and Drama, 1952\\nMassachusetts Institute of Technology, B.S. Industrial Engineering, 1951\", \"City State Zip\": \"Cambridge, MA 02138\", \"Display name\": \"Clark Abt\", \"Member Since\": \"2011\", \"Email\": \"abt.clark@gmail.com\"}", "Phone": "(617) 876-2835", "Last Name": "Abt", "Photo": "", "Address": "19 Follen St.", "Current Status": "Active", "First Name": "Clark", "Bio Information": "Dr. Clark Abt is an engineer, educator, environmentalist, entrepreneur, and social scientist. Trained as an industrial engineer at MIT, after serving as a navigator/electronic countermeasures officer in the US Air Force for 5 years, he completed seven years at Raytheon Missile and Space Systems Division as Manager of its Strategic Studies Department. Awarded a Ph.D. in Political Science by MIT in 1965, he founded an interdisciplinary socioeconomic policy research company, Abt Associates Inc., which he grew into one of the leading international applied socio-economic research firms. After retiring as CEO of Abt Associates Inc. in 1986, he became publisher of some 100 social science and policy research books and CD-ROM's under the Abt Books imprint until 1990. From 1991 to 1995 he was a professor of international relations at Boston University, and Director of the BU Center for  the Study of Small States, Director of the BU Defense Technology Conversion Center, and of the Russian-American Entrepreneurial Workshop in Defense Technology Conversion for Russian and American nuclear weapons scientists in Boston, Moscow, Livermore, and Los Alamos.  \nAfter 9/11/2001 Dr. Abt directed studies on nuclear and biological terrorism defenses for the US government and the Ford Foundation. Following retirement from the Abt Associates Board as Chairman Emeritus in 2006, he was appointed Distinguished Professor of Management at Cambridge College, where he taught courses in research methods, health care policy and ethics, and terrorism and disaster management. In 2007-8 he taught Energy Engineering to automotive engineering students at Benjamin Franklin Institute of Technology. In 2009 he was appointed Adjunct Professor of Energy and Sustainable International Development at Brandeis University's Heller School of Social Policy and Management, where he teaches courses on renewable energy and its cost-effectiveness, and seminars on social experiments and disaster management. He is the author of ten books, including Serious Games (Viking, 1970), The Evaluation of Social Programs (Sage, 1976), The Social Audit for Management (Amazon, 1977),Perspectives on the Costs and Benefits of Applied Social Research(CASR, 1979), The Termination of A Nuclear War (Westview, 1986), AIDS and the Courts (Abt Books,1990), and Solar-Powered Economic Growth (1999).\nHe enjoys painting, reading, Shakespeare, writing, teaching, memoirs, playing tennis singles and doubles, sailing and swimming, and learning to play his harpsichord. \nMassachusetts Institute of Technology, Ph.D. in Political Science, 1965\nThe Johns Hopkins University, M.A. in Writing , Speech, and Drama, 1952\nMassachusetts Institute of Technology, B.S. Industrial Engineering, 1951", "City State Zip": "Cambridge, MA 02138", "Display name": "Clark Abt", "Member Since": "2011", "Email": "abt.clark@gmail.com", "RawHTML": "<html xmlns=\"http://www.w3.org/1999/xhtml\" class=\"  ext-strict\"><head>\n\n\t<title>Members \u00a7 HILR Member Website </title>\n<!--autoHeader-->\n\n<!--/autoHeader-->\n\n\t<meta name=\"MSSmartTagsPreventParsing\" content=\"true\">\n\t<meta http-equiv=\"Content-Type\" content=\"text/html; charset=utf-8\">\n\n\t<link rel=\"shortcut icon\" type=\"x-icon\" href=\"/fs/docs/icb.skin4103.files/va/_share/favicon.ico\">\n\n\t<link rel=\"stylesheet\" type=\"text/css\" href=\"calendar/themes/fancyblue-isites-min.css\">\n\t<link rel=\"stylesheet\" type=\"text/css\" href=\"/js/ext/resources/css/ext-all-notheme.css\">\n\t<link rel=\"stylesheet\" type=\"text/css\" href=\"/js/ext/resources/css/xtheme-gray.css\">\n    <link rel=\"stylesheet\" type=\"text/css\" href=\"/js/jquery-ui/css/smoothness/jquery-ui-1.8.20.custom.css\">\n    <link rel=\"stylesheet\" type=\"text/css\" href=\"/js/datatables/media/css/jquery.dataTables_themeroller.css\">\n\t<link rel=\"stylesheet\" type=\"text/css\" href=\"/js/isites.css\">\n\t<link rel=\"stylesheet\" type=\"text/css\" href=\"/js/isitesws/isitesws.css\">\n\t<link rel=\"stylesheet\" type=\"text/css\" href=\"/js/search/styles/search.css\">\n\t\n\t<script type=\"text/javascript\" src=\"calendar/src/calendar-isites-min.js\"></script>\n\t<script type=\"text/javascript\" src=\"/js/isites.js\"></script>\n\t<script type=\"text/javascript\" src=\"/js/tinymce/jscripts/tiny_mce/tiny_mce.js\"></script>\n\t<script type=\"text/javascript\" src=\"/js/isitesws/isitesws.js\"></script>\n\t<script type=\"text/javascript\" src=\"/js/icAuthzMPX/icAuthzMPX.js\"></script>\n\t<script type=\"text/javascript\" src=\"/js/search/js/search.js\"></script>\n<!-- Served by icb1a -->\n<!-- Skin Name: Left Navigation; ID: icb.skin4103 -->\n<script>\nIsites.coreParameters='keyword=hilrmembers';\nIsites.myAccountSettingsUrl='/icb/icb.do?keyword=isites';\nIsites.siteEnabled='A';\nIsites.siteType='12';\nIsites.keyword='hilrmembers';\nIsites.adminMode='1';\nIsites.adminURL='/icb/icb.do?keyword=hilrmembers&tabgroupid=icb.tabgroup.stad';\nIsites.adminLabel='Site Admin';\nIsites.isStudentViewEnabled='false';\nIsites.siteId='icb.site38104';\nIsites.pageId='icb.page175173';\nIsites.trayToggleUrl='/icb/icb.do?keyword=hilrmembers&tabgroupid=icb.tabgroup.inline.icb.page175173.icb.page175173';\nIsites.trayToggleLabel='Enter Design View';\nIsites.toolbar='0';\nIsites.externalTray='0';\nIsites.universalAdmin='1';\nIsites.uniqueId='XR4HMEf_9h1ZaGxMavhNdFg7FIl0Jbc37nH-Gn1n462PIbT-Qq_C!393342233!1503359158271';\n</script>\n\n\n\t<link rel=\"stylesheet\" href=\"/fs/docs/icb.skin4103.files/va/_share/css/screen.css\" type=\"text/css\" media=\"screen, projection\">\n\n\t<!--[if lt IE 7]>\n\t\t<link rel=\"stylesheet\"  href=\"/fs/docs/icb.skin4103.files/va/_share/css/ie-old.css\"  type=\"text/css\" media=\"screen, projection\" />\n\t<![endif]-->\n\t<!--[if IE 7]>\n\t\t<link rel=\"stylesheet\"  href=\"/fs/docs/icb.skin4103.files/va/_share/css/win-ie7.css\"  type=\"text/css\" media=\"screen, projection\" />\n\t<![endif]-->\n\n\t<script type=\"text/javascript\" src=\"/fs/docs/icb.skin4103.files/va/_share/js/scale-scripts.js\">\n</script>\n\n\t<script language=\"javascript\">\n\t\tfunction webeditor_custom_decode(content) {\n\t\t\tcontent = HardCoreWebEditorCleanContentString(content,false,false,true,false,false,false,false,false,false,false,false,false);\n\t\t\treturn content;\n\t\t}\n\t\n</script>\n\n\t\n\t<!--Generated by iSites for ICB tld detected in preceding stylesheets.-->\n\t<style type=\"text/css\">\nbody {\n\t\n\t\tfont-family: Verdana, Arial, Helvetica, sans-serif;\n\t\n}\n#isites-scale-portal-content a {\n\t\n\t\tcolor: #992440;\n\t\n}\n#isites-scale-portal-content a:hover {\n\t\n\t\tcolor: #9C8940;\n\t\n}\n#isites-scale-portal-navigation li#isites-scale-admin a{\n\t\n\t\tbackground-color: #600000;\n\t\n\t\n\t\tborder-color: #660000;\n\t\n\t\tborder-width: 1px;\n\t\tborder-style:solid;\n\t\n\t\tcolor: #FFFFFF;\n\t\n}\n#isites-scale-portal-navigation li#isites-scale-admin a:hover{\n\t\n\t\tbackground-color: #990000;\n\t\n\t\n\t\tborder-color: #990000;\n\t\n\t\tborder-style: solid;\n\t\tborder-width: 1px;\n\t\n\t\tcolor: #FFFFFF;\n\t\n}\n.admin #isites-scale-portal-navigation li#isites-scale-admin a {\n\t\n\t\tbackground-color: #FFFFFF;\n\t\n\tborder-width:1px;\n\tborder-style:solid;\n\t\n\t\tborder-color: #FFFFFF;\n\t\n}\n.admin #isites-scale-portal-navigation li#isites-scale-admin a:hover {\n\t\n\t\tbackground-color: #FFFFFF;\n\t\n\tborder-width:1px;\n\tborder-style:solid;\n\t\n\t\tborder-color: #FFFFFF;\n\t\n}\n.admin #isites-scale-admin a cite {\n\t/*background-image: url(\"../imgs/ico-back-arrow.png\");*/\n\t\n\t\tcolor: #CC0000;\n\t\n\tfont-weight: bold;\n\tpadding-right: 18px;\n}\n.admin #isites-scale-admin a:hover cite {\n\t\n\t\tcolor: #DD8822;\n\t\n}\n#global-wrap {\n\t\n\t\tbackground-color: #660000;\n\t\n\t\n\t\tborder-bottom: 0;\n\t\n\tborder-bottom-style:solid;\n\t\n\t\tborder-bottom-color: #660000;\n\t\n}\n#global {\n\t\n\t\tcolor: #FCFCFC;\n\t\n}\n#global h1 {\n\t\n\t\tpadding: 0;\n\t\n\t\n\t\n\t\tfont-family: Georgia, \"Times New Roman\", Times, serif;\n\t\n\t\n\t\tfont-size: 1.6em;\n\t\n}\n#misc-info a {\n\t\n\t\tbackground-color: #660000;\n\t\n\t\n\t\tcolor: #FFFFFF;\n\t\n\t\n\t\tborder-color: #9D6B37;\n\t\n}\n#misc-info a:hover {\n\t\n\t\tbackground-color: #990000;\n\t\n\t\n\t\tcolor: #000000;\n\t\n    \n\t\tborder-color: #FF0000;\n\t\n}\n#isites-scale-portal-head h1 {\n\t\n\t\tcolor: #660000;\n\t\n\t\n\t\tfont-family: Georgia, \"Times New Roman\", Times, serif;\n\t\n\t\n\t\tfont-size: 2em;\n\t\n}\t\n#isites-scale-portal-content-wrap {\n\t\n\t\tbackground-color: #EBE5D5;\n\t\n}\n#isites-scale-portal {\n\t\n}\n#isites-scale-portal-content {\n\t\n}\n#isites-scale-portal-content .topic {\n\t\n}\n#isites-scale-portal-content .topic .content .wrap {\n\t\n}\n#isites-scale-portal-navigation {\n\t\n\t\tfont-family: Verdana, \"Trebuchet MS\", Helvetica, Arial, sans-serif;\n\t\n}\n#isites-scale-portal-navigation li {\n\t\n}\n#isites-scale-portal-navigation li a, .admin #isites-scale-portal-navigation li a {\n\t\n\t\tcolor: #660000;\n\t\n\t\n\t\tbackground: #EBDFAC;\n\t\n}\n#isites-scale-portal-navigation a.current, .admin #isites-scale-portal-navigation a.current {\n\t\n\t\tbackground: #FFFFFF;\n\t\n\t\n\t\tcolor: #000000;\n\t\n}\n#isites-scale-portal-navigation a:hover, .admin #isites-scale-portal-navigation a:hover {\n\t\n\t\tbackground: #FFFF00;\n\t\n\t\n\t\tcolor: #660000;\n\t\n}\n#isites-scale-portal-navigation li li, #isites-scale-portal-navigation li li li {\n\t\n\t\tfont-family: Verdana, \"Trebuchet MS\", Helvetica, Arial, sans-serif;\n\t\n\t\n\t\tfont-size: 1.05em;\n\t\n}\n#isites-scale-portal-navigation li li a, #isites-scale-portal-navigation li li li a, .admin #isites-scale-portal-navigation li li a, .admin #isites-scale-portal-navigation li li li a {\n\t\n\t\tcolor: #660000;\n\t\n\t\n\t\tbackground: #EBE5D5;\n\t\n}\n#isites-scale-portal-navigation li li a.current, #isites-scale-portal-navigation li li li a.current, .admin #isites-scale-portal-navigation li li a.current, .admin #isites-scale-portal-navigation li li li a.current {\n\t\n\t\tbackground: #FFFFFF;\n\t\n\t\n\t\tcolor: #660000;\n\t\n}\n#isites-scale-portal-navigation li li a:hover, #isites-scale-portal-navigation li li li a:hover, .admin #isites-scale-portal-navigation li li a:hover, .admin #isites-scale-portal-navigation li li li a:hover {\n\t\n\t\tbackground: #FFFF00;\n\t\n\t\n\t\tcolor: #660000;\n\t\n}\n#isites-scale-portal-content .topic .head h3 {\n\t\n\t\tcolor: #660000;\n\t\n\t\n\t\tfont-family: Georgia, \"Times New Roman\", Times, serif;\n\t\n\t\n\t\tfont-size: 1.4em;\n\t\n}\n#isites-scale-portal-content .topic .head .wrap {\n\t\n\t\tborder-color: #CC2222;\n\t\n\t\n\t\tborder-bottom-width: 2px;\n\t\n\t\n}\t\n#isites-scale-portal-content .topic .content {\n\t\n\t\tcolor: #000000;\n\t\n\t\n\t\tfont-size: 1.4em;\n\t\n}\n#footer p {\n\t\n\t\tcolor: #646464;\n\t\n}\n\t</style>\n\n\n\n\n</head>\n\n\n\n<body class=\"standalone   ext-gecko ext-gecko3\" id=\"ext-gen3\">\n\n\n\n\t<!-- globalToolbar -->\n\t\n\n\n\n\n<!-- page.html -->\n\n<div id=\"global-wrap\">\n\t<div id=\"global\">\n\t\t<div id=\"misc-info\">\n\t\t\t<ul>\n\t\t\t\t<li>Hi, <cite>Richard Landau</cite></li>\n\t\t\t\t<li><a href=\"logout.do\">logout</a> | <a href=\"/icb/icb.do?keyword=isites\" onclick=\"Isites.openAccountPopup('/icb/icb.do?keyword=isites',800,600); return false;\">my account</a> | <span class=\"isites-favorite-star\" id=\"isites-favorite-site\" title=\"Add this site to your Favorite Sites and set site notifications\"><img src=\"/js/ext/resources/images/default/s.gif\" width=\"20\" height=\"20\"></span><script type=\"text/javascript\"> Ext.onReady(function(){ new Isites.component.FavoriteThis({entityId:'icb.site38104',entityType:'site',isFavorite:false,containerId:'isites-favorite-site',readOnly:false}) }); </script><span id=\"isites-request-id\" class=\"isites-hidden\">ilKKQOgSFsAg1an6hj4QoDsyrFv7fPvIfT+nkQzpgHKVrrzlDdEMNCZ9gREIahSu\nQIVQKpwgbYtD3/uk\n</span></li>\n\t\t\t</ul>\n\t\t</div>\n\t\t<h1>\n\t\t\t<a href=\"http://isites.harvard.edu/icb/icb.do?keyword=hilrmembers\"><img src=\"http://isites.harvard.edu/fs/docs/icb.site38104.files//34-Concord-Pano4.jpg\"></a>\n\t\t</h1>\n\t</div>\n</div>\n\n<p class=\"ineffable\"><a href=\"/fs/docs/icb.skin4103.files/va/#isites-scale-portal-content\">Skip to main content.</a></p>\n\n<!-- pointless markup for IE5/Mac -->\n<div class=\"clear\"></div>\n<!-- END pointless markup for IE5/Mac -->\n\n\n<!-- begin SCALE PORTAL -->\n<div id=\"isites-scale-portal\" class=\"navigation\">\n\n\n\t<!-- primary layout -->\n\t<div id=\"isites-scale-portal-content-wrap\">\n\t\t<div id=\"isites-scale-portal-content\">\n\n\t\t\t\n\n\t\t\t<!-- course name -->\n\t\t\t<div id=\"isites-scale-portal-head\">\n\t\t\t\t<h1><cite class=\"site-title\">HILR Member Website </cite><span>: </span><cite class=\"page-title\">Members</cite></h1>\n\t\t\t</div>\n\t\t\t<!-- END course portal header -->\n\t\t\t\n\t\t\t\n\n\n\n\n\n\n\n\n<!-- Begin Page Layout -->\n<div id=\"isites-page-layout\">\n\n<div class=\"row col-2-65-35\">\n\n\n\n<!-- Left Column -->\n<div id=\"layout-col-left\" class=\"col\"> \n\t<!-- Iterate over components for left column -->\n\t\t\n\t\t\t\n\t      \t  <!-- Process a component -->\n\t      \t  <div id=\"a_icb_pagecontent351604\" class=\"topicMargin type-bio\">\n        \t  \t\t  \n\t      \t  <!-- topic -->\n<div class=\"topic\">\n\t<div class=\"topic-top\">\n\t\t\n\t\t\n\t\t\t\n\t\t\n\t</div>\n\t<div class=\"topic-wrap\">\n\t\t<div class=\"head\">\n\n            <div class=\"wrap\">\n\n                <h3>About Faces (Pictures &amp; Bios)</h3>\n\n\n\n\n\n                    \n\n                        \n\n                            <ul class=\"topic-header-menu\">\n                                \n                                <li><a title=\"Maximize this Topic Box\" href=\"http://isites.harvard.edu/icb/icb.do?keyword=hilrmembers&amp;panel=icb.pagecontent351604%3ArviewBio%248%3FbioUserId%3DBgV%252Ff05PiZePiQQD%250D%250A%26templateId%3D21372&amp;pageid=icb.page175173&amp;pageContentId=icb.pagecontent351604&amp;state=maximize\" class=\"icon-replace act-maximize\">Maximize</a></li>\n                                <li><a title=\"Open a window that contains a print-friendly view of this Topic Box\" href=\"http://isites.harvard.edu/icb/icb.do?keyword=hilrmembers&amp;state=popup&amp;topicid=icb.topic208895&amp;view=viewBio.do&amp;viewParam_bioUserId=BgV$!2Ff05PiZePiQQD$!0D$!0A&amp;viewParam_templateId=21372&amp;viewParam_popupFromPageContentId=icb.pagecontent351604\" class=\"icon-replace act-print isites-external-link\" target=\"_new\">Print</a></li>\n                                \n                            </ul>\n\n                        \n\n                    \n\n\n               </div>\n\n\n\n\n\t\t</div>\n\n\t\t\n\t\t<div class=\"content\">\n\t\t\t<div class=\"wrap\">\n\t\t\t\n\t\t\t<div class=\"topic-menu\">\n\t\t\t\t<ul>\n\t\t\t\t\n\t\t\t\t\t<li><a href=\"http://isites.harvard.edu/icb/icb.do?keyword=hilrmembers&amp;panel=icb.pagecontent351604%3ArviewBio%248%3FbioUserId%3DBgV%252Ff05PiZePiQQD%250D%250A%26templateId%3D21372&amp;pageid=icb.page175173&amp;pageContentId=icb.pagecontent351604&amp;view=search.do#a_icb_pagecontent351604\">Search</a></li>\n\t\t\t\t\n\t\t\t\t\t<li><a href=\"http://isites.harvard.edu/icb/icb.do?keyword=hilrmembers&amp;panel=icb.pagecontent351604%3ArviewBio%248%3FbioUserId%3DBgV%252Ff05PiZePiQQD%250D%250A%26templateId%3D21372&amp;pageid=icb.page175173&amp;pageContentId=icb.pagecontent351604&amp;view=listAll.do&amp;viewParam_templateId=21372#a_icb_pagecontent351604\">List All</a></li>\n\t\t\t\t\n\t\t\t\t\t<li><a href=\"http://isites.harvard.edu/icb/icb.do?keyword=hilrmembers&amp;panel=icb.pagecontent351604%3ArviewBio%248%3FbioUserId%3DBgV%252Ff05PiZePiQQD%250D%250A%26templateId%3D21372&amp;pageid=icb.page175173&amp;pageContentId=icb.pagecontent351604&amp;view=listAlpha.do&amp;viewParam_templateId=21372&amp;viewParam_alpha=A#a_icb_pagecontent351604\">List A-Z</a></li>\n\t\t\t\t\n\t\t\t\t</ul>\n\t\t\t</div>\n\t\t\t\n\n\t\t\t\n\t\n\t\n\t<form accept-charset=\"utf-8\" id=\"formicb_pagecontent351604_BioForm\" method=\"POST\" action=\"http://isites.harvard.edu/icb/icb.do?keyword=hilrmembers&amp;panel=icb.pagecontent351604%3ArviewBio%248%3FbioUserId%3DBgV%252Ff05PiZePiQQD%250D%250A%26templateId%3D21372&amp;pageid=icb.page175173&amp;pageContentId=icb.pagecontent351604&amp;action=viewBio\" onsubmit=\"if (!doDefault(document.getElementById('formicb_pagecontent351604_BioForm'))) return false;return validate(document.getElementById('formicb_pagecontent351604_BioForm'));\" class=\"isites-form\">\n\t\t\n\t\t\n<h4> Homepage</h4><table class=\"tool-teaching-staff\">\n\t\t\t\n<tbody>\n\t\t\t\t\n\n\t\t\t\t\n\t\t\t\t\n\t               \n\t               \n\t\t  \t\t\t \n\t\t\t\t\t\n\t\t\t\t\t\t\n<tr>\n\t\t\t\t\t\t\t\n<th>\n\t\t\t\t\t\t\t\tDisplay name :\n\t\t\t\t\t\t\t</th>\n\t\t\t\t\t\t\t<td>\n\t\t\t\t\t\t\t\t\n\t\t\t\t\t\t        \t\n\t\t\t\t\t\t\t        \t\n\t\t\t\t\t\t\t        \t\t\n\t\t\t\t\t\t\t\t\t\t\t\t\n\t\t\t\t\t\t\t         \t \t\t\tClark Abt\n\t\t\t\t\t\t         \t \t\t\t\n\t\t\t\t\t\t        \t\t\t\t\n\t\t\t\t\t\t         \t \t\t\n\t\t\t\t\t\t        \t\t\t\n\t\t\t\t\t\t\t         \t\n\t\t\t\t\t\t\t         \t\n\t\t\t\t\t\t\t        \n\t\t\t\t\t\t\t        \n\t\t\t\t\t\t        \n\t\t\t\t       \t\t\t\n\t\t\t\t\t\t\t</td>\n\t\t\t\t\t\t\n</tr>\n\t\t\t\t\t\n\t\t\t\t\n\t               \n\t               \n\t\t  \t\t\t \n\t\t\t\t\t\n\t\t\t\t\t\t\n<tr>\n\t\t\t\t\t\t\t\n<th>\n\t\t\t\t\t\t\t\tPhoto :\n\t\t\t\t\t\t\t</th>\n\t\t\t\t\t\t\t<td>\n\t\t\t\t\t\t\t\t\n\t\t\t\t\t\t        \t\n\t\t\t\t\t\t\t        \n\t\t\t\t\t\t\t        \t\n\t\t\t\t\t\t\t        \t\t\t<img src=\"http://isites.harvard.edu/fs/docs/icb.template21372.files/21372_106655.jpg\" alt=\"\" width=\"172\" border=\"0\">\n\t\t\t\t\t        \t\t\t\n\t\t\t\t\t\t\t        \n\t\t\t\t\t\t        \n\t\t\t\t       \t\t\t\n\t\t\t\t\t\t\t</td>\n\t\t\t\t\t\t\n</tr>\n\t\t\t\t\t\n\t\t\t\t\n\t               \n\t               \n\t\t  \t\t\t \n\t\t\t\t\t\n\t\t\t\t\t\t\n<tr>\n\t\t\t\t\t\t\t\n<th>\n\t\t\t\t\t\t\t\tEmail :\n\t\t\t\t\t\t\t</th>\n\t\t\t\t\t\t\t<td>\n\t\t\t\t\t\t\t\t\n\t\t\t\t\t\t        \t\n\t\t\t\t\t\t\t        \t\n\t\t\t\t\t\t\t        \t\t\n\t\t\t\t\t\t        \t\t\t\n\t\t\t\t\t\t\t         \t \t\t<a href=\"mailto:abt.clark@gmail.com\">\n\t\t\t\t\t\t\t         \t \t\t\tabt.clark@gmail.com\n\t\t\t\t\t\t\t         \t \t\t</a>\n\t\t\t\t\t\t\t\t         \t\n\t\t\t\t\t\t\t         \t\n\t\t\t\t\t\t\t         \t\n\t\t\t\t\t\t\t        \n\t\t\t\t\t\t\t        \n\t\t\t\t\t\t        \n\t\t\t\t       \t\t\t\n\t\t\t\t\t\t\t</td>\n\t\t\t\t\t\t\n</tr>\n\t\t\t\t\t\n\t\t\t\t\n\t               \n\t               \n\t\t  \t\t\t \n\t\t\t\t\t\n\t\t\t\t\t\t\n<tr>\n\t\t\t\t\t\t\t\n<th>\n\t\t\t\t\t\t\t\tFirst Name :\n\t\t\t\t\t\t\t</th>\n\t\t\t\t\t\t\t<td>\n\t\t\t\t\t\t\t\t\n\t\t\t\t\t\t        \t\n\t\t\t\t\t\t\t        \t\n\t\t\t\t\t\t\t        \t\t\n\t\t\t\t\t\t\t\t\t\t\t\t\n\t\t\t\t\t\t\t         \t \t\t\tClark\n\t\t\t\t\t\t         \t \t\t\t\n\t\t\t\t\t\t        \t\t\t\t\n\t\t\t\t\t\t         \t \t\t\n\t\t\t\t\t\t        \t\t\t\n\t\t\t\t\t\t\t         \t\n\t\t\t\t\t\t\t         \t\n\t\t\t\t\t\t\t        \n\t\t\t\t\t\t\t        \n\t\t\t\t\t\t        \n\t\t\t\t       \t\t\t\n\t\t\t\t\t\t\t</td>\n\t\t\t\t\t\t\n</tr>\n\t\t\t\t\t\n\t\t\t\t\n\t               \n\t               \n\t\t  \t\t\t \n\t\t\t\t\t\n\t\t\t\t\t\t\n<tr>\n\t\t\t\t\t\t\t\n<th>\n\t\t\t\t\t\t\t\tLast Name :\n\t\t\t\t\t\t\t</th>\n\t\t\t\t\t\t\t<td>\n\t\t\t\t\t\t\t\t\n\t\t\t\t\t\t        \t\n\t\t\t\t\t\t\t        \t\n\t\t\t\t\t\t\t        \t\t\n\t\t\t\t\t\t\t\t\t\t\t\t\n\t\t\t\t\t\t\t         \t \t\t\tAbt\n\t\t\t\t\t\t         \t \t\t\t\n\t\t\t\t\t\t        \t\t\t\t\n\t\t\t\t\t\t         \t \t\t\n\t\t\t\t\t\t        \t\t\t\n\t\t\t\t\t\t\t         \t\n\t\t\t\t\t\t\t         \t\n\t\t\t\t\t\t\t        \n\t\t\t\t\t\t\t        \n\t\t\t\t\t\t        \n\t\t\t\t       \t\t\t\n\t\t\t\t\t\t\t</td>\n\t\t\t\t\t\t\n</tr>\n\t\t\t\t\t\n\t\t\t\t\n\t               \n\t               \n\t\t  \t\t\t \n\t\t\t\t\t\n\t\t\t\t\t\t\n<tr>\n\t\t\t\t\t\t\t\n<th>\n\t\t\t\t\t\t\t\tPhone :\n\t\t\t\t\t\t\t</th>\n\t\t\t\t\t\t\t<td>\n\t\t\t\t\t\t\t\t\n\t\t\t\t\t\t        \t\n\t\t\t\t\t\t\t        \t\n\t\t\t\t\t\t\t        \t\t\n\t\t\t\t\t\t\t\t\t\t\t\t\n\t\t\t\t\t\t\t         \t \t\t\t(617) 876-2835\n\t\t\t\t\t\t         \t \t\t\t\n\t\t\t\t\t\t        \t\t\t\t\n\t\t\t\t\t\t         \t \t\t\n\t\t\t\t\t\t        \t\t\t\n\t\t\t\t\t\t\t         \t\n\t\t\t\t\t\t\t         \t\n\t\t\t\t\t\t\t        \n\t\t\t\t\t\t\t        \n\t\t\t\t\t\t        \n\t\t\t\t       \t\t\t\n\t\t\t\t\t\t\t</td>\n\t\t\t\t\t\t\n</tr>\n\t\t\t\t\t\n\t\t\t\t\n\t               \n\t               \n\t\t  \t\t\t \n\t\t\t\t\t\n\t\t\t\t\t\t\n<tr>\n\t\t\t\t\t\t\t\n<th>\n\t\t\t\t\t\t\t\tAddress :\n\t\t\t\t\t\t\t</th>\n\t\t\t\t\t\t\t<td>\n\t\t\t\t\t\t\t\t\n\t\t\t\t\t\t        \t\n\t\t\t\t\t\t\t        \t\n\t\t\t\t\t\t\t        \t\t\n\t\t\t\t\t\t\t\t\t\t\t\t\n\t\t\t\t\t\t\t         \t \t\t\t19 Follen St.\n\t\t\t\t\t\t         \t \t\t\t\n\t\t\t\t\t\t        \t\t\t\t\n\t\t\t\t\t\t         \t \t\t\n\t\t\t\t\t\t        \t\t\t\n\t\t\t\t\t\t\t         \t\n\t\t\t\t\t\t\t         \t\n\t\t\t\t\t\t\t        \n\t\t\t\t\t\t\t        \n\t\t\t\t\t\t        \n\t\t\t\t       \t\t\t\n\t\t\t\t\t\t\t</td>\n\t\t\t\t\t\t\n</tr>\n\t\t\t\t\t\n\t\t\t\t\n\t               \n\t               \n\t\t  \t\t\t \n\t\t\t\t\t\n\t\t\t\t\t\t\n<tr>\n\t\t\t\t\t\t\t\n<th>\n\t\t\t\t\t\t\t\tCity State Zip :\n\t\t\t\t\t\t\t</th>\n\t\t\t\t\t\t\t<td>\n\t\t\t\t\t\t\t\t\n\t\t\t\t\t\t        \t\n\t\t\t\t\t\t\t        \t\n\t\t\t\t\t\t\t        \t\t\n\t\t\t\t\t\t\t\t\t\t\t\t\n\t\t\t\t\t\t\t         \t \t\t\tCambridge, MA 02138\n\t\t\t\t\t\t         \t \t\t\t\n\t\t\t\t\t\t        \t\t\t\t\n\t\t\t\t\t\t         \t \t\t\n\t\t\t\t\t\t        \t\t\t\n\t\t\t\t\t\t\t         \t\n\t\t\t\t\t\t\t         \t\n\t\t\t\t\t\t\t        \n\t\t\t\t\t\t\t        \n\t\t\t\t\t\t        \n\t\t\t\t       \t\t\t\n\t\t\t\t\t\t\t</td>\n\t\t\t\t\t\t\n</tr>\n\t\t\t\t\t\n\t\t\t\t\n\t               \n\t               \n\t\t  \t\t\t \n\t\t\t\t\t\n\t\t\t\t\t\t\n<tr>\n\t\t\t\t\t\t\t\n<th>\n\t\t\t\t\t\t\t\tMember Since :\n\t\t\t\t\t\t\t</th>\n\t\t\t\t\t\t\t<td>\n\t\t\t\t\t\t\t\t\n\t\t\t\t\t\t        \t\n\t\t\t\t\t\t\t        \t\n\t\t\t\t\t\t\t        \t\t\n\t\t\t\t\t\t\t\t\t\t\t\t\n\t\t\t\t\t\t\t         \t \t\t\t2011\n\t\t\t\t\t\t         \t \t\t\t\n\t\t\t\t\t\t        \t\t\t\t\n\t\t\t\t\t\t         \t \t\t\n\t\t\t\t\t\t        \t\t\t\n\t\t\t\t\t\t\t         \t\n\t\t\t\t\t\t\t         \t\n\t\t\t\t\t\t\t        \n\t\t\t\t\t\t\t        \n\t\t\t\t\t\t        \n\t\t\t\t       \t\t\t\n\t\t\t\t\t\t\t</td>\n\t\t\t\t\t\t\n</tr>\n\t\t\t\t\t\n\t\t\t\t\n\t               \n\t               \n\t\t  \t\t\t \n\t\t\t\t\t\n\t\t\t\t\t\t\n<tr>\n\t\t\t\t\t\t\t\n<th>\n\t\t\t\t\t\t\t\tCurrent Status :\n\t\t\t\t\t\t\t</th>\n\t\t\t\t\t\t\t<td>\n\t\t\t\t\t\t\t\t\n\t\t\t\t\t\t        \t\n\t\t\t\t\t\t\t        \t\n\t\t\t\t\t\t\t        \t\t\n\t\t\t\t\t\t\t\t\t\t\t\t\n\t\t\t\t\t\t\t         \t \t\t\tActive\n\t\t\t\t\t\t         \t \t\t\t\n\t\t\t\t\t\t        \t\t\t\t\n\t\t\t\t\t\t         \t \t\t\n\t\t\t\t\t\t        \t\t\t\n\t\t\t\t\t\t\t         \t\n\t\t\t\t\t\t\t         \t\n\t\t\t\t\t\t\t        \n\t\t\t\t\t\t\t        \n\t\t\t\t\t\t        \n\t\t\t\t       \t\t\t\n\t\t\t\t\t\t\t</td>\n\t\t\t\t\t\t\n</tr>\n\t\t\t\t\t\n\t\t\t\t\n\t               \n\t               \n\t\t  \t\t\t \n\t\t\t\t\t\n\t\t\t\t\t\t\n<tr>\n\t\t\t\t\t\t\t\n<th>\n\t\t\t\t\t\t\t\tBio Information :\n\t\t\t\t\t\t\t</th>\n\t\t\t\t\t\t\t<td>\n\t\t\t\t\t\t\t\t\n\t\t\t\t\t\t        \t\n\t\t\t\t\t\t\t        \t\n\t\t\t\t\t\t\t        \t\t\n\t\t\t\t\t\t\t\t\t\t\t\t\n\t\t\t\t\t\t\t         \t \t\t\t\n<p>\n<span style=\"color: black; font-family: 'Times New Roman','serif';\">Dr.\nClark Abt is an engineer, educator, environmentalist, entrepreneur,\nand social scientist. Trained as an industrial engineer at MIT,\nafter serving as a navigator/electronic countermeasures officer in\nthe US Air Force for 5 years, he completed seven years at Raytheon\nMissile and Space Systems Division as Manager of its Strategic\nStudies Department. Awarded a Ph.D. in Political Science by MIT in\n1965, he founded an interdisciplinary socioeconomic policy research\ncompany, Abt Associates Inc., which he grew into one of the leading\ninternational applied socio-economic research firms. After retiring\nas CEO of Abt Associates Inc. in 1986, he became publisher of some\n100 social science and policy research books and CD-ROM's under the\nAbt Books imprint until 1990. From 1991 to 1995 he was a professor\nof international relations at Boston University, and Director of\nthe BU Center for &nbsp;the Study of Small States, Director of the\nBU Defense Technology Conversion Center, and of the\nRussian-American Entrepreneurial Workshop in Defense Technology\nConversion for Russian and American nuclear weapons scientists in\nBoston, Moscow, Livermore, and Los Alamos.&nbsp;&nbsp;<br>\n</span>\n</p>\n<p>\n<span style=\"color: black; font-family: 'Times New Roman','serif';\">After\n9/11/2001 Dr. Abt directed studies on nuclear and biological\nterrorism defenses for the US government and the Ford Foundation.\nFollowing retirement from the Abt Associates Board as Chairman\nEmeritus in 2006, he was appointed Distinguished Professor of\nManagement at Cambridge College, where he taught courses in\nresearch methods, health care policy and ethics, and terrorism and\ndisaster management. In 2007-8 he taught Energy Engineering to\nautomotive engineering students at Benjamin Franklin Institute of\nTechnology. In 2009 he was appointed Adjunct Professor of Energy\nand Sustainable International Development at Brandeis University's\nHeller School of Social Policy and Management, where he teaches\ncourses on renewable energy and its cost-effectiveness, and\nseminars on social experiments and disaster management. He is the\nauthor of ten books, including <em>Serious Games</em> (Viking,\n1970), <em>The Evaluation of Social Programs</em> (Sage, 1976),\n<em>The Social Audit for Management</em> (Amazon, 1977),</span><em><span style=\"color: black; font-family: 'Times New Roman','serif';\">Perspectives\non the Costs and Benefits of Applied Social\nResearch</span></em><span style=\"color: black; font-family: 'Times New Roman','serif';\">(CASR,\n1979), <em>The Termination of A Nuclear War</em> (Westview, 1986),\n<em>AIDS and the Courts</em> (Abt Books,1990), and\n<em>Solar-Powered Economic Growth</em> (1999).</span>\n</p>\n<p>\n<span style=\"color: black; font-family: 'Times New Roman','serif';\">He\nenjoys painting, reading, Shakespeare, writing,&nbsp;teaching,\nmemoirs, playing tennis singles and doubles, sailing and swimming,\nand learning to play his harpsichord.&nbsp;<br>\n</span>\n</p>\n<p>\n<span style=\"color: black; font-family: 'Times New Roman','serif';\">Massachusetts\nInstitute of Technology, Ph.D. in Political Science, 1965<br>\n The Johns Hopkins University, M.A. in Writing , Speech, and Drama,\n1952<br>\n Massachusetts Institute of Technology, B.S. Industrial\nEngineering, 1951</span>\n</p>\n\t\t\t\t\t\t         \t \t\t\t\n\t\t\t\t\t\t        \t\t\t\t\n\t\t\t\t\t\t         \t \t\t\n\t\t\t\t\t\t        \t\t\t\n\t\t\t\t\t\t\t         \t\n\t\t\t\t\t\t\t         \t\n\t\t\t\t\t\t\t        \n\t\t\t\t\t\t\t        \n\t\t\t\t\t\t        \n\t\t\t\t       \t\t\t\n\t\t\t\t\t\t\t\n</td>\n\t\t\t\t\t\t\n</tr>\n\t\t\t\t\t\n\t\t\t\t\n\t\t\t\t\n<tr>\n\t\t\t    \t\n<td class=\"form-submit\" colspan=\"2\">\n\t\t\t\t\t\t or \n\t\t\t\t   \t\t\n\t\t\t\t\t\t\n\t\t\t\t\t\t\t<a target=\"_self\" href=\"javascript:history.go(-1)\">Back</a>\n\t\t\t\t\t\t\n\t\t\t\t\t</td>\n\t\t\t  \n</tr>  \n\t\t\t\n</tbody>\n\t\t\n</table>\n\t\n\t\n<input name=\"subaction\" value=\"nonedef\" type=\"HIDDEN\"><input name=\"submission_type\" value=\"action\" type=\"HIDDEN\"><input name=\"form_view\" value=\"nonedef\" type=\"HIDDEN\"><input name=\"confirm\" value=\"\" type=\"HIDDEN\"><input name=\"decline_request\" value=\"\" type=\"HIDDEN\"><input name=\"action_url\" value=\"viewBio\" type=\"HIDDEN\"><input name=\"default_action\" value=\"none\" type=\"HIDDEN\">\n</form>\n\n\n<p class=\"topicAttribution\"></p><hr><p><strong>Note on Searching</strong>: To search the About Faces\nDirectory, put only&nbsp;<strong>one</strong>&nbsp;word in the\nsearch box. Search for anything you like: a name, a school, a\nhobby, a zip code, or even a phone number. Try any word or part of\na word. See&nbsp; <a href=\"http://isites.harvard.edu/fs/docs/icb.topic427203.files/Bio-related%20HOW%20TO%20sheets.pdf\">\nIllustrated instructions</a>, p. 2.</p><p>Note on <strong>Editing your Entry</strong>: <a href=\"http://isites.harvard.edu/fs/docs/icb.topic427203.files/Bio-related%20HOW%20TO%20sheets.pdf\">\nIllustrated instructions</a>, pp. 3-4.</p><p></p>\n\n\t\t\t</div>\n\t\t</div>\n\t\t\n\t</div>\n</div>\n<!-- END topic -->\n\n\t      \t  </div>\n\t        \n   \t\n\t\t\t\n\t      \t  <!-- Process a component -->\n\t      \t  <div id=\"a_icb_pagecontent954860\" class=\"topicMargin type-textarea-multi\">\n        \t  \t\t  \n\t      \t  <!-- topic -->\n<div class=\"topic\">\n\t<div class=\"topic-top\">\n\t\t\n\t\t\n\t\t\t\n\t\t\n\t</div>\n\t<div class=\"topic-wrap\">\n\t\t<div class=\"head\">\n\n            <div class=\"wrap\">\n\n                <h3>Member Directories</h3>\n\n\n\n\n\n                    \n\n                        \n\n                            <ul class=\"topic-header-menu\">\n                                \n                                <li><a title=\"Maximize this Topic Box\" href=\"http://isites.harvard.edu/icb/icb.do?keyword=hilrmembers&amp;panel=icb.pagecontent351604%3ArviewBio%248%3FbioUserId%3DBgV%252Ff05PiZePiQQD%250D%250A%26templateId%3D21372&amp;pageid=icb.page175173&amp;pageContentId=icb.pagecontent954860&amp;state=maximize\" class=\"icon-replace act-maximize\">Maximize</a></li>\n                                <li><a title=\"Open a window that contains a print-friendly view of this Topic Box\" href=\"http://isites.harvard.edu/icb/icb.do?keyword=hilrmembers&amp;state=popup&amp;topicid=icb.topic976253&amp;view=view.do&amp;viewParam_popupFromPageContentId=icb.pagecontent954860\" class=\"icon-replace act-print isites-external-link\" target=\"_new\">Print</a></li>\n                                \n                            </ul>\n\n                        \n\n                    \n\n\n               </div>\n\n\n\n\n\t\t</div>\n\n\t\t\n\t\t<div class=\"content\">\n\t\t\t<div class=\"wrap\">\n\t\t\t\n\n\t\t\t\n\t\n\t\n\t\n\t\n\t\n\n<div>\n\n<p>\n<span style=\"font-family: arial,helvetica,sans-serif; font-size: 10pt;\">If\nyou're looking for contact or other information about members, you\ncan search any of the four directories listed below, as convenient.\nThey offer overlapping but not identical info, either printed,\nonline, or both. Only info that members provide about themselves is\nposted, and all directories are for use by HILR members only. If\nyour own contact info changes, email your updates to Steven Leon,\n<a href=\"mailto:Steven_Leon@harvard.edu\">steven_leon@harvard.edu</a>.<br>\n\n</span>\n</p>\n\n\n<table cellpadding=\"2\" border=\"1\" align=\"left\">\n\n<tbody>\n\n<tr>\n\n<td><span style=\"color: #000000; font-size: 10pt;\"><strong><span style=\"font-family: arial,helvetica,sans-serif;\">Directory</span></strong></span></td>\n<td><span style=\"color: #000000; font-size: 10pt;\"><strong><span style=\"font-family: arial,helvetica,sans-serif;\">Member\ninformation</span></strong></span></td>\n<td><span style=\"color: #000000; font-size: 10pt;\"><strong><span style=\"font-family: arial,helvetica,sans-serif;\">Printed?</span></strong></span></td>\n<td><span style=\"color: #000000; font-size: 10pt;\"><strong><span style=\"font-family: arial,helvetica,sans-serif;\">Online?</span></strong></span></td>\n\n</tr>\n\n\n<tr>\n\n<td><span style=\"color: #000000; font-size: 10pt;\"><span style=\"font-family: arial,helvetica,sans-serif;\"><span style=\"font-family: Arial;\">About Faces<br>\n&nbsp;(<em>Note 1</em>)</span></span></span></td>\n<td><span style=\"color: #000000; font-size: 10pt;\"><span style=\"font-family: arial,helvetica,sans-serif;\">Member-provided\nbio.<br>\nPhoto if available.</span></span></td>\n<td><span style=\"color: #000000; font-size: 10pt;\"><span style=\"font-family: arial,helvetica,sans-serif;\"><span style=\"font-family: Arial;\">No</span></span></span></td>\n<td><span style=\"color: #000000; font-size: 10pt;\"><span style=\"font-family: arial,helvetica,sans-serif;\"><span style=\"font-family: Arial;\">Yes. Use</span></span> <strong><span style=\"font-family: arial,helvetica,sans-serif;\"><span style=\"font-family: Arial;\"><strong>Search</strong></span></span></strong>\n<span style=\"font-family: arial,helvetica,sans-serif;\"><span style=\"font-family: Arial;\">box above. Contact <a target=\"_blank\" href=\"http://isites.harvard.edu/icb/icb.do?keyword=hilrmembers&amp;pageid=icb.page175426\">\nBob Lurie</a> to add or edit content and add your\nphoto.</span></span></span></td>\n\n</tr>\n\n\n<tr>\n\n<td><span style=\"font-size: 10pt;\">Member Directory<br>\nFall 2016-17</span></td>\n<td><span style=\"font-family: arial,helvetica,sans-serif; font-size: 10pt;\">Year\nof joining HILR.</span> \n<br>\n\n<span style=\"font-family: arial,helvetica,sans-serif; font-size: 10pt;\">Home\naddress.</span>\n<br>\n\n<span style=\"font-family: arial,helvetica,sans-serif; font-size: 10pt;\">Phone\nand email.</span>\n<br>\n\n<span style=\"font-family: arial,helvetica,sans-serif; font-size: 10pt;\">Capsule\nCV.<br>\n Includes current members, alumni/ae, and committee lists.<br>\n\n</span></td>\n<td>\n\n<p>\n<span style=\"font-size: 10pt;\"><span style=\"font-family: Arial;\">Yes. Available in</span> <span style=\"font-family: Arial;\">HILR office and\nlibrary.</span></span>\n</p>\n\n\n<p>\n<span style=\"font-size: 10pt; font-family: Arial;\"><span style=\"font-family: Arial;\">(60 pages)</span></span>\n</p>\n\n</td>\n<td><span style=\"font-family: Arial;\"><span style=\"font-family: Arial; font-size: 10pt;\">Click <a target=\"_blank\" href=\"http://isites.harvard.edu/fs/docs/icb.topic976253.files//2016-17%20HILR%20Directory_Final_Web.pdf\">\nhere</a> to view or download a PDF copy of the printed\nDirectory.</span>\n<br>\n\n</span> </td>\n\n</tr>\n\n\n<tr>\n\n<td><span style=\"font-size: 10pt; font-family: Arial;\">Official&nbsp;<a target=\"_blank\" href=\"http://isites.harvard.edu/icb/icb.do?keyword=hilrmembers&amp;pageid=icb.page175426\">\nHarvard Directory</a>&nbsp;of HILR Members</span></td>\n<td><span style=\"font-size: 10pt;\">Home address.</span>\n<br>\n\n<span style=\"font-size: 10pt; font-family: Arial;\">Phone and\nemail.<br>\n\n</span><span style=\"font-size: 10pt; font-family: Arial;\">Year of\njoining HILR.</span>\n<br>\n\n<span style=\"font-size: 10pt; font-family: Arial;\">Current members\nonly.</span></td>\n<td><span style=\"font-size: 10pt; font-family: Arial;\">&nbsp;No</span></td>\n<td><span style=\"font-size: 10pt; font-family: Arial;\">Yes. Click\n<a target=\"_blank\" href=\"http://isites.harvard.edu/icb/icb.do?keyword=hilrmembers&amp;pageid=icb.page175426\">\nhere</a> to look up any current member. <em>Use this directory for\nthe most up-to-date address, email, and phone\ninformation</em>.</span></td>\n\n</tr>\n\n\n<tr>\n\n<td>\n\n<p>\n<span style=\"font-size: 10pt;\"><a target=\"_blank\" href=\"http://isites.harvard.edu/fs/docs/icb.topic976253.files//2016%20Associates%20Directory%20Final.pdf\">\n<span style=\"font-family: Arial;\">HILR Associates List\n2016-17</span></a></span>\n</p>\n\n</td>\n<td><span style=\"font-size: 10pt;\">Home address.</span>\n<br>\n\n<span style=\"font-size: 10pt;\">Phone and email.<br>\nYear of joining HILR.<br>\nCurrent members only.</span> </td>\n<td><span style=\"font-size: 10pt;\">Yes. Available in HILR\noffice.</span></td>\n<td><span style=\"font-size: 10pt;\">Yes. Click&nbsp;<a target=\"_blank\" href=\"http://isites.harvard.edu/fs/docs/icb.topic976253.files//2016%20Associates%20Directory%20Final.pdf\">\nhere</a>&nbsp;to&nbsp;scroll&nbsp;through printed list on your\nscreen.</span></td>\n\n</tr>\n\n</tbody>\n\n</table>\n\n\n<p>&nbsp;</p>\n\n\n<p style=\"font-size: 14pt; font-family: Arial;\">\n<span style=\"font-size: 10pt;\"><em><span style=\"font-family: Arial;\"><em><span style=\"font-family: Arial;\">Note 1</span></em></span></em> <span style=\"font-family: Arial;\"><span style=\"font-family: Arial;\">This\nonline directory is where members</span></span> <span style=\"font-family: Arial;\"><span style=\"font-family: Arial;\">share</span></span><span style=\"font-family: Arial;\"><span style=\"font-family: Arial;\">&nbsp;any info about themselves that\nthey wish, such as career highlights, hobbies, family, and contact\ninfo.<br>\n\n</span></span></span>\n</p>\n\n\n<p style=\"font-size: 14pt; font-family: Arial;\">\n<span style=\"font-size: 10pt;\"><span style=\"font-family: Arial;\">Problems\nwith any directory? &nbsp;Contact any <a target=\"_blank\" href=\"http://isites.harvard.edu/icb/icb.do?keyword=hilrmembers&amp;pageid=icb.page175192\">Tech Committee member</a></span>.</span>\n</p>\n\n\n<p>\n<span style=\"font-size: 12pt;\"><strong>\n<br>\n\n</strong></span>\n</p>\n\n</div>\n\n\n\n\n\n\t\t\t</div>\n\t\t</div>\n\t\t\n\t</div>\n</div>\n<!-- END topic -->\n\n\t      \t  </div>\n\t        \n   \t  \n</div>\n\n\n\n\n\n\n\n<!-- Right Column -->\n<div id=\"layout-col-right\" class=\"col\"> \n\t<!-- Iterate over components for left column -->\n\t\t\n\t\t\t\n\t      \t  <!-- Process a component -->\n\t      \t  <div id=\"a_icb_pagecontent424094\" class=\"topicMargin type-textarea-multi\">\n        \t  \t\t  \n\t      \t  <!-- topic -->\n<div class=\"topic\">\n\t<div class=\"topic-top\">\n\t\t\n\t\t\n\t\t\t\n\t\t\n\t</div>\n\t<div class=\"topic-wrap\">\n\t\t<div class=\"head\">\n\n            <div class=\"wrap\">\n\n                <h3>How to Keep Your Information Current</h3>\n\n\n\n\n\n                    \n\n                        \n\n                            <ul class=\"topic-header-menu\">\n                                \n                                <li><a title=\"Maximize this Topic Box\" href=\"http://isites.harvard.edu/icb/icb.do?keyword=hilrmembers&amp;panel=icb.pagecontent351604%3ArviewBio%248%3FbioUserId%3DBgV%252Ff05PiZePiQQD%250D%250A%26templateId%3D21372&amp;pageid=icb.page175173&amp;pageContentId=icb.pagecontent424094&amp;state=maximize\" class=\"icon-replace act-maximize\">Maximize</a></li>\n                                <li><a title=\"Open a window that contains a print-friendly view of this Topic Box\" href=\"http://isites.harvard.edu/icb/icb.do?keyword=hilrmembers&amp;state=popup&amp;topicid=icb.topic501182&amp;view=view.do&amp;viewParam_popupFromPageContentId=icb.pagecontent424094\" class=\"icon-replace act-print isites-external-link\" target=\"_new\">Print</a></li>\n                                \n                            </ul>\n\n                        \n\n                    \n\n\n               </div>\n\n\n\n\n\t\t</div>\n\n\t\t\n\t\t<div class=\"content\">\n\t\t\t<div class=\"wrap\">\n\t\t\t\n\n\t\t\t\n\t\n\t\n\t\n\t\n\t\n\n<div>\n\n<p>\n<img src=\"http://isites.harvard.edu/fs/docs/icb.topic501182.files/HILR-Gate-small.jpg\" alt=\"\" style=\"width: 83px; height: 44px; float: left; margin-top: 5px; margin-bottom: 5px; margin-left: 7px; margin-right: 7px;\" border=\"0\">Send Steven Leon, <a href=\"mailto:Steven_Leon@harvard.edu\">Steven_Leon@harvard.edu</a>,\nchanges to your contact info. Steven updates the official Member\nDirectory. <strong>HILR members are responsible for updating their\nAbout Faces Directory entries.</strong> Please check your bio,\nphoto, and other information in About Faces. If your entry needs\nupdating and you can't figure out how to edit and save your\nrevisions, contact Bob Lurie, <a href=\"mailto:rmlurie@alum.mit.edu\">rmlurie@alum.mit.edu</a> or\nanother <a target=\"_blank\" href=\"http://isites.harvard.edu/icb/icb.do?keyword=hilrmembers&amp;pageid=icb.page175192&amp;pageContentId=icb.pagecontent412492&amp;state=maximize\">\nTech Committee member</a> for help. Or follow the <a target=\"_blank\" href=\"http://isites.harvard.edu/fs/docs/icb.topic427203.files/Bio-related%20HOW%20TO%20sheets.pdf\">\nillustrated instructions</a> pp 3-4.</p>\n\n\n<p>For additional information on connecting with others through\nAbout Faces, <a target=\"_blank\" href=\"http://isites.harvard.edu/fs/docs/icb.topic501182.files//Connecting%20with%20Others%20at%20HILR%20through%20About%20Faces.pdf\">\nclick here</a>.</p>\n\n</div>\n\n\n\n\n\n\t\t\t</div>\n\t\t</div>\n\t\t\n\t</div>\n</div>\n<!-- END topic -->\n\n\t      \t  </div>\n\t        \n   \t\n\t\t\t\n\t      \t  <!-- Process a component -->\n\t      \t  <div id=\"a_icb_pagecontent1644442\" class=\"topicMargin type-textarea-multi\">\n        \t  \t\t  \n\t      \t  <!-- topic -->\n<div class=\"topic\">\n\t<div class=\"topic-top\">\n\t\t\n\t\t\n\t\t\t\n\t\t\n\t</div>\n\t<div class=\"topic-wrap\">\n\t\t<div class=\"head\">\n\n            <div class=\"wrap\">\n\n                <h3>New Members, Spring 2017</h3>\n\n\n\n\n\n                    \n\n                        \n\n                            <ul class=\"topic-header-menu\">\n                                \n                                <li><a title=\"Maximize this Topic Box\" href=\"http://isites.harvard.edu/icb/icb.do?keyword=hilrmembers&amp;panel=icb.pagecontent351604%3ArviewBio%248%3FbioUserId%3DBgV%252Ff05PiZePiQQD%250D%250A%26templateId%3D21372&amp;pageid=icb.page175173&amp;pageContentId=icb.pagecontent1644442&amp;state=maximize\" class=\"icon-replace act-maximize\">Maximize</a></li>\n                                <li><a title=\"Open a window that contains a print-friendly view of this Topic Box\" href=\"http://isites.harvard.edu/icb/icb.do?keyword=hilrmembers&amp;state=popup&amp;topicid=icb.topic1567350&amp;view=view.do&amp;viewParam_popupFromPageContentId=icb.pagecontent1644442\" class=\"icon-replace act-print isites-external-link\" target=\"_new\">Print</a></li>\n                                \n                            </ul>\n\n                        \n\n                    \n\n\n               </div>\n\n\n\n\n\t\t</div>\n\n\t\t\n\t\t<div class=\"content\">\n\t\t\t<div class=\"wrap\">\n\t\t\t\n\n\t\t\t\n\t\n\t\n\t\n\t\n\t\n\n<div>\n\n<p style=\"margin-bottom: 0.0001pt;\">\n<span style=\"font-size: 12pt; font-family: 'BentonSans-Medium','sans-serif';\">\n<span style=\"font-size: 14pt;\"><strong>Welcome to our new\nmembers:</strong>\n<br>\n \n<a target=\"_blank\" href=\"http://isites.harvard.edu/icb/icb.do?keyword=hilrmembers&amp;panel=icb.pagecontent351604%3Arsearch%248%3FsearchText%3DCarp&amp;pageid=icb.page175173&amp;pageContentId=icb.pagecontent351604&amp;view=viewBio.do&amp;viewParam_bioUserId=BwF%2Ff05RVZKDjgAJ%0D%0A&amp;viewParam_templateId=21372#a_icb_pagecontent351604\">\nRobert Carp</a>, <a target=\"_blank\" href=\"http://isites.harvard.edu/icb/icb.do?keyword=hilrmembers&amp;panel=icb.pagecontent351604%3Arsearch%248%3FsearchText%3DCavanaugh&amp;pageid=icb.page175173&amp;pageContentId=icb.pagecontent351604&amp;view=viewBio.do&amp;viewParam_bioUserId=CQF%2Ff05OVVOHmAIH%0D%0A&amp;viewParam_templateId=21372#a_icb_pagecontent351604\">\nJean Cavanaugh</a>, <a target=\"_blank\" href=\"http://isites.harvard.edu/icb/icb.do?keyword=hilrmembers&amp;panel=icb.pagecontent351604%3Arsearch%248%3FsearchText%3Dcooper&amp;pageid=icb.page175173&amp;pageContentId=icb.pagecontent351604&amp;view=viewBio.do&amp;viewParam_bioUserId=AgN%2Ff05RVZKHkgEH%0D%0A&amp;viewParam_templateId=21372#a_icb_pagecontent351604\">\nJohn Cooper</a>, <a target=\"_blank\" href=\"http://isites.harvard.edu/icb/icb.do?keyword=hilrmembers&amp;panel=icb.pagecontent351604%3Arsearch%248%3FsearchText%3Ddavis&amp;pageid=icb.page175173&amp;pageContentId=icb.pagecontent351604&amp;view=viewBio.do&amp;viewParam_bioUserId=BAR%2Ff05RVZKIkwgA%0D%0A&amp;viewParam_templateId=21372#a_icb_pagecontent351604\">\nFred Davis</a>, <a target=\"_blank\" href=\"http://isites.harvard.edu/icb/icb.do?keyword=hilrmembers&amp;panel=icb.pagecontent351604%3Arsearch%248%3FsearchText%3DFrankfel&amp;pageid=icb.page175173&amp;pageContentId=icb.pagecontent351604&amp;view=viewBio.do&amp;viewParam_bioUserId=CQN%2Ff05RVZKJlAgI%0D%0A&amp;viewParam_templateId=21372#a_icb_pagecontent351604\">\nGwen Frankfeldt</a>, <a target=\"_blank\" href=\"http://isites.harvard.edu/icb/icb.do?keyword=hilrmembers&amp;panel=icb.pagecontent351604%3Arsearch%248%3FsearchText%3DHawl&amp;pageid=icb.page175173&amp;pageContentId=icb.pagecontent351604&amp;view=viewBio.do&amp;viewParam_bioUserId=BQN%2Ff05RVZKKlQMH%0D%0A&amp;viewParam_templateId=21372#a_icb_pagecontent351604\">\nElaine Hawley</a>, <a target=\"_blank\" href=\"http://isites.harvard.edu/icb/icb.do?keyword=hilrmembers&amp;panel=icb.pagecontent351604%3Arsearch%248%3FsearchText%3DKline&amp;pageid=icb.page175173&amp;pageContentId=icb.pagecontent351604&amp;view=viewBio.do&amp;viewParam_bioUserId=BAV%2Ff05RVZKNmAcB%0D%0A&amp;viewParam_templateId=21372#a_icb_pagecontent351604\">\nNaomi Kline</a>, <a target=\"_blank\" href=\"http://isites.harvard.edu/icb/icb.do?keyword=hilrmembers&amp;panel=icb.pagecontent351604%3Arsearch%248%3FsearchText%3Dokonate%2540hotmail.com&amp;pageid=icb.page175173&amp;pageContentId=icb.pagecontent351604&amp;view=viewBio.do&amp;viewParam_bioUserId=BAJ%2Ff05RT5CQkwgA%0D%0A&amp;viewParam_templateId=21372#a_icb_pagecontent351604\">\nOumarou Konate</a>,&nbsp;<a target=\"_blank\" href=\"http://isites.harvard.edu/icb/icb.do?keyword=hilrmembers&amp;panel=icb.pagecontent351604%3Arsearch%248%3FsearchText%3DMacIn&amp;pageid=icb.page175173&amp;pageContentId=icb.pagecontent351604&amp;view=viewBio.do&amp;viewParam_bioUserId=BQV%2Ff05RVZKOTggD%0D%0A&amp;viewParam_templateId=21372#a_icb_pagecontent351604\">\nRichard MacIntosh</a>, <a target=\"_blank\" href=\"http://isites.harvard.edu/icb/icb.do?keyword=hilrmembers&amp;panel=icb.pagecontent351604%3Arsearch%248%3FsearchText%3DMacQ&amp;pageid=icb.page175173&amp;pageContentId=icb.pagecontent351604&amp;view=viewBio.do&amp;viewParam_bioUserId=AAd%2Ff05RVZKQUAME%0D%0A&amp;viewParam_templateId=21372#a_icb_pagecontent351604\">\nStephen MacQuarrie</a>, <a target=\"_blank\" href=\"http://isites.harvard.edu/icb/icb.do?keyword=hilrmembers&amp;panel=icb.pagecontent351604%3Arsearch%248%3FsearchText%3DMcClenn&amp;pageid=icb.page175173&amp;pageContentId=icb.pagecontent351604&amp;view=viewBio.do&amp;viewParam_bioUserId=BAl%2Ff05RVZNPfwMA%0D%0A&amp;viewParam_templateId=21372#a_icb_pagecontent351604\">\nPersis McClennen</a>, <a target=\"_blank\" href=\"http://isites.harvard.edu/icb/icb.do?keyword=hilrmembers&amp;panel=icb.pagecontent351604%3Arsearch%248%3FsearchText%3DMcGh&amp;pageid=icb.page175173&amp;pageContentId=icb.pagecontent351604&amp;view=viewBio.do&amp;viewParam_bioUserId=AAh%2Ff05RVZNQgAYJ%0D%0A&amp;viewParam_templateId=21372#a_icb_pagecontent351604\">\nPeter McGhee</a>, <a target=\"_blank\" href=\"http://isites.harvard.edu/icb/icb.do?keyword=hilrmembers&amp;panel=icb.pagecontent351604%3Arsearch%248%3FsearchText%3DNeill&amp;pageid=icb.page175173&amp;pageContentId=icb.pagecontent351604&amp;view=viewBio.do&amp;viewParam_bioUserId=AAJ%2Ff05RVZNRgQAC%0D%0A&amp;viewParam_templateId=21372#a_icb_pagecontent351604\">\nCharles Neill</a>, <a target=\"_blank\" href=\"http://isites.harvard.edu/icb/icb.do?keyword=hilrmembers&amp;panel=icb.pagecontent351604%3Arsearch%248%3FsearchText%3DNeu&amp;pageid=icb.page175173&amp;pageContentId=icb.pagecontent351604&amp;view=viewBio.do&amp;viewParam_bioUserId=BQJ%2Ff05RVZNSggYD%0D%0A&amp;viewParam_templateId=21372#a_icb_pagecontent351604\">\nCarlos Neu</a>, <a target=\"_blank\" href=\"http://isites.harvard.edu/icb/icb.do?keyword=hilrmembers&amp;panel=icb.pagecontent351604%3Arsearch%248%3FsearchText%3DO%2527Neil&amp;pageid=icb.page175173&amp;pageContentId=icb.pagecontent351604&amp;view=viewBio.do&amp;viewParam_bioUserId=BwJ%2Ff05RVZNTgwYB%0D%0A&amp;viewParam_templateId=21372#a_icb_pagecontent351604\">\nJane O'Neil</a>, <a target=\"_blank\" href=\"http://isites.harvard.edu/icb/icb.do?keyword=hilrmembers&amp;panel=icb.pagecontent351604%3Arsearch%248%3FsearchText%3DRorty&amp;pageid=icb.page175173&amp;pageContentId=icb.pagecontent351604&amp;view=viewBio.do&amp;viewParam_bioUserId=BAh%2Ff05OkU6BgQYG%0D%0A&amp;viewParam_templateId=21372#a_icb_pagecontent351604\">\nAmelie Rorty</a>, <a target=\"_blank\" href=\"http://isites.harvard.edu/icb/icb.do?keyword=hilrmembers&amp;panel=icb.pagecontent351604%3Arsearch%248%3FsearchText%3DTraf&amp;pageid=icb.page175173&amp;pageContentId=icb.pagecontent351604&amp;view=viewBio.do&amp;viewParam_bioUserId=AAV%2Ff05RVZNVhQcC%0D%0A&amp;viewParam_templateId=21372#a_icb_pagecontent351604\">\nJohn Traficonte</a>, <a target=\"_blank\" href=\"http://isites.harvard.edu/icb/icb.do?keyword=hilrmembers&amp;panel=icb.pagecontent351604%3Arsearch%248%3FsearchText%3DWhite&amp;pageid=icb.page175173&amp;pageContentId=icb.pagecontent351604&amp;view=viewBio.do&amp;viewParam_bioUserId=CAl%2Ff05RVZNWhgMI%0D%0A&amp;viewParam_templateId=21372#a_icb_pagecontent351604\">\nBrian White</a>, <a target=\"_blank\" href=\"http://isites.harvard.edu/icb/icb.do?keyword=hilrmembers&amp;panel=icb.pagecontent351604%3Arsearch%248%3FsearchText%3DWynn&amp;pageid=icb.page175173&amp;pageContentId=icb.pagecontent351604&amp;view=viewBio.do&amp;viewParam_bioUserId=BgZ%2Ff05RVZNXhwYI%0D%0A&amp;viewParam_templateId=21372#a_icb_pagecontent351604\">\nMary Ellen Wynn</a>, and <a target=\"_blank\" href=\"http://isites.harvard.edu/icb/icb.do?keyword=hilrmembers&amp;panel=icb.pagecontent351604%3Arsearch%248%3FsearchText%3DZimmer&amp;pageid=icb.page175173&amp;pageContentId=icb.pagecontent351604&amp;view=viewBio.do&amp;viewParam_bioUserId=AwJ%2Ff05RVZN%2FiwgJ%0D%0A&amp;viewParam_templateId=21372#a_icb_pagecontent351604\">\nAdrian Zimmer</a></span>\n<br>\n\n</span>\n</p>\n\n</div>\n\n\n\n\n\n\t\t\t</div>\n\t\t</div>\n\t\t\n\t</div>\n</div>\n<!-- END topic -->\n\n\t      \t  </div>\n\t        \n   \t\n\t\t\t\n\t      \t  <!-- Process a component -->\n\t      \t  <div id=\"a_icb_pagecontent1634631\" class=\"topicMargin type-textarea-multi\">\n        \t  \t\t  \n\t      \t  <!-- topic -->\n<div class=\"topic\">\n\t<div class=\"topic-top\">\n\t\t\n\t\t\n\t\t\t\n\t\t\n\t</div>\n\t<div class=\"topic-wrap\">\n\t\t<div class=\"head\">\n\n            <div class=\"wrap\">\n\n                <h3>In Memoriam 2017-2018</h3>\n\n\n\n\n\n                    \n\n                        \n\n                            <ul class=\"topic-header-menu\">\n                                \n                                <li><a title=\"Maximize this Topic Box\" href=\"http://isites.harvard.edu/icb/icb.do?keyword=hilrmembers&amp;panel=icb.pagecontent351604%3ArviewBio%248%3FbioUserId%3DBgV%252Ff05PiZePiQQD%250D%250A%26templateId%3D21372&amp;pageid=icb.page175173&amp;pageContentId=icb.pagecontent1634631&amp;state=maximize\" class=\"icon-replace act-maximize\">Maximize</a></li>\n                                <li><a title=\"Open a window that contains a print-friendly view of this Topic Box\" href=\"http://isites.harvard.edu/icb/icb.do?keyword=hilrmembers&amp;state=popup&amp;topicid=icb.topic1559048&amp;view=view.do&amp;viewParam_popupFromPageContentId=icb.pagecontent1634631\" class=\"icon-replace act-print isites-external-link\" target=\"_new\">Print</a></li>\n                                \n                            </ul>\n\n                        \n\n                    \n\n\n               </div>\n\n\n\n\n\t\t</div>\n\n\t\t\n\t\t<div class=\"content\">\n\t\t\t<div class=\"wrap\">\n\t\t\t\n\n\t\t\t\n\t\n\t\n\t\n\t\n\t\n\n<div>\n\n<p>If a current or former member passes away and you'd like to let\nothers know, please send the information to Tess O'Toole, <span style=\"font-size: 10pt; font-family: arial,helvetica,sans-serif;\"><a href=\"mailto:totoole@fas.harvard.edu\">totoole@fas.harvard.edu</a></span>.\nThe information will be posted in <a target=\"_blank\" href=\"http://isites.harvard.edu/icb/icb.do?keyword=hilrmembers&amp;tabgroupid=icb.tabgroup198872\">Member News</a> for about a week, and below for\nthe rest of the academic year. Click underlined items for\ninformation from HILR archives and for obituaries.</p>\n\n\n<p>\n<strong>Recently received:</strong>\n</p>\n\n\n<p>\n<strong>Harry Eigner</strong>, HILR 1989-2007, <a target=\"_blank\" href=\"http://isites.harvard.edu/fs/docs/icb.topic1568679.files//2017-08-09%20Study%20Groups%20led%20by%20Harry%20Eigner.pdf\">SGL 1991-2001</a>, Curriculum Committee 1998,\nCouncil 1999. <a target=\"_blank\" href=\"http://www.legacy.com/obituaries/wickedlocal-lexington/obituary.aspx?n=harry-eigner&amp;pid=186325581&amp;fhid=8784\">Obituary</a>.<strong>\n<br>\n\n</strong>\n</p>\n\n\n<p>\n<strong>Joseph Sabbath,</strong> HILR 1998-2014, <a target=\"_blank\" href=\"http://isites.harvard.edu/fs/docs/icb.topic1568679.files/Study%20Groups%20led%20by%20Joseph%20C%20Sabbath.pdf\">SGL 2001-2008</a>. <a target=\"_blank\" href=\"http://www.legacy.com/obituaries/bostonglobe/obituary.aspx?n=joseph-c-sabbath&amp;pid=186156626&amp;fhid=8784\">Obituary</a>.</p>\n\n\n<p>\n<strong>Ismail Emen,</strong> HILR 2002.<strong>\n<br>\n\n</strong>\n</p>\n\n</div>\n\n\n\n\n\n\t\t\t</div>\n\t\t</div>\n\t\t\n\t</div>\n</div>\n<!-- END topic -->\n\n\t      \t  </div>\n\t        \n   \t  \n</div>\n\n\n\n\n\n\n</div>\n</div><!-- End Page Layout -->\n\t\t</div>\n\n\t\t\n\t\t<!-- navigation -->\n\t\t<div id=\"isites-scale-portal-navigation\">\n\t\t\t<div class=\"head\">\n\t\t\t\t<h3 class=\"hotitude\">Course Navigation</h3>\n\t\t\t</div>\n\n\t\t\t<div class=\"block\">\n\t\t\t\t<div>\n\t\t\t\t\t<div>\n\t\t\t\t\t\t<ul>\n\t\t\t\t\t\t\t\n\n\t\t\t\t\t\t\t\n\t\t\t\t\t\t\t\t\n\n\t\t\t\t\t\t\t\t\n\t\t\t\t\t\t\t<li><a href=\"http://isites.harvard.edu/icb/icb.do?keyword=hilrmembers&amp;tabgroupid=icb.tabgroup198872\">HILR Home </a></li>\n\t\t\t\t\t\t\t\t\n\t\t\t\t\t\t\t\n\t\t\t\t\t\t\t\t\n\t\t\t\t\t\t\t<li><a href=\"http://isites.harvard.edu/icb/icb.do?keyword=hilrmembers&amp;tabgroupid=icb.tabgroup49712\" class=\"current\">Members </a>\n\t\t\t\t\t\t\t\t\t\n\n\t\t\t\t\t\t\t\t<ul>\n\t\t\t\t\t\t\t\t\t\t\n\t\t\t\t\t\t\t\t\t\t\t\n\n\t\t\t\t\t\t\t\t\t\t\t\n\t\t\t\t\t\t\t\t\t\t\n\t\t\t\t\t\t\t\t\t\t\t\n\n\t\t\t\t\t\t\t\t\t\t\t\n\t\t\t\t\t\t\t\t\t<li><a href=\"http://isites.harvard.edu/icb/icb.do?keyword=hilrmembers&amp;pageid=icb.page175426\">Harvard HILR Member Directory </a></li>\n\t\t\t\t\t\t\t\t\t\t\t\n\t\t\t\t\t\t\t\t\t\t\n\t\t\t\t\t\t\t\t\t\t\t\n\n\t\t\t\t\t\t\t\t\t\t\t\n\t\t\t\t\t\t\t\t\t<li><a href=\"http://isites.harvard.edu/icb/icb.do?keyword=hilrmembers&amp;pageid=icb.page175184\">Member Recognition </a></li>\n\t\t\t\t\t\t\t\t\t\t\t\n\t\t\t\t\t\t\t\t\t\t\n\t\t\t\t\t\t\t\t</ul>\n\t\t\t\t\t\t\t\t\t\n\t\t\t\t\t\t\t</li>\n\t\t\t\t\t\t\t\t\n\n\t\t\t\t\t\t\t\t\n\t\t\t\t\t\t\t\n\t\t\t\t\t\t\t\t\n\n\t\t\t\t\t\t\t\t\n\t\t\t\t\t\t\t<li><a href=\"http://isites.harvard.edu/icb/icb.do?keyword=hilrmembers&amp;tabgroupid=icb.tabgroup147225\">Courses </a></li>\n\t\t\t\t\t\t\t\t\n\t\t\t\t\t\t\t\n\t\t\t\t\t\t\t\t\n\n\t\t\t\t\t\t\t\t\n\t\t\t\t\t\t\t<li><a href=\"http://isites.harvard.edu/icb/icb.do?keyword=hilrmembers&amp;tabgroupid=icb.tabgroup49713\">Committees </a></li>\n\t\t\t\t\t\t\t\t\n\t\t\t\t\t\t\t\n\t\t\t\t\t\t\t\t\n\n\t\t\t\t\t\t\t\t\n\t\t\t\t\t\t\t<li><a href=\"http://isites.harvard.edu/icb/icb.do?keyword=hilrmembers&amp;tabgroupid=icb.tabgroup168915\">Groups </a></li>\n\t\t\t\t\t\t\t\t\n\t\t\t\t\t\t\t\n\t\t\t\t\t\t\t\t\n\n\t\t\t\t\t\t\t\t\n\t\t\t\t\t\t\t<li><a href=\"http://isites.harvard.edu/icb/icb.do?keyword=hilrmembers&amp;tabgroupid=icb.tabgroup168916\">Events </a></li>\n\t\t\t\t\t\t\t\t\n\t\t\t\t\t\t\t\n\t\t\t\t\t\t\t\t\n\n\t\t\t\t\t\t\t\t\n\t\t\t\t\t\t\t<li><a href=\"http://isites.harvard.edu/icb/icb.do?keyword=hilrmembers&amp;tabgroupid=icb.tabgroup109937\">The Arts @ HILR </a></li>\n\t\t\t\t\t\t\t\t\n\t\t\t\t\t\t\t\n\t\t\t\t\t\t\t\t\n\n\t\t\t\t\t\t\t\t\n\t\t\t\t\t\t\t<li><a href=\"http://isites.harvard.edu/icb/icb.do?keyword=hilrmembers&amp;tabgroupid=icb.tabgroup55205\">Resources </a></li>\n\t\t\t\t\t\t\t\t\n\t\t\t\t\t\t\t\n\t\t\t\t\t\t\t\t\n\n\t\t\t\t\t\t\t\t\n\t\t\t\t\t\t\t<li><a href=\"http://isites.harvard.edu/icb/icb.do?keyword=hilrmembers&amp;pageid=icb.page175448\">Help </a></li>\n\t\t\t\t\t\t\t\t\n\t\t\t\t\t\t\t\n\t\t\t\t\t\t\t\t\n\n\t\t\t\t\t\t\t\t\n\t\t\t\t\t\t\t<li><a href=\"http://isites.harvard.edu/icb/icb.do?keyword=k79587&amp;pageid;=icb.page428809\" target=\"_new\" class=\"isites-external-link\">Archives </a></li>\n\t\t\t\t\t\t\t\t\n\t\t\t\t\t\t\t\n\t\t\t\t\t\t\t\t\n\n\t\t\t\t\t\t\t\t\n\t\t\t\t\t\t\t<li><a href=\"http://isites.harvard.edu/icb/icb.do?keyword=hilrmembers&amp;tabgroupid=icb.tabgroup202850\">Videos </a></li>\n\t\t\t\t\t\t\t\t\n\t\t\t\t\t\t\t\n\t\t\t\t\t\t</ul>\n\t\t\t\t\t</div>\n\t\t\t\t</div>\n\t\t\t</div>\n\t\t</div>\n\t\t<!-- END navigation -->\n\t\t\n\n\t\t\n\t</div>\n\n\t<!-- END primary layout -->\n\n\t<div id=\"footer\">\n\t<p>\u00a9 2010,11 President &amp; Fellows Harvard University. All Rights Reserved.</p>\n\t</div>\n</div>\n<!-- end SCALE PORTAL -->\n\n\n<!--external tray here-->\n<!-- htmlFooter -->\n\n\n<!--/htmlFooter-->\n\n\n\n<div id=\"cboxOverlay\" style=\"display: none;\"></div><div id=\"colorbox\" class=\"\" style=\"display: none;\"><div id=\"cboxWrapper\"><div><div id=\"cboxTopLeft\" style=\"float: left;\"></div><div id=\"cboxTopCenter\" style=\"float: left;\"></div><div id=\"cboxTopRight\" style=\"float: left;\"></div></div><div style=\"clear: left;\"><div id=\"cboxMiddleLeft\" style=\"float: left;\"></div><div id=\"cboxContent\" style=\"float: left;\"><div id=\"cboxLoadedContent\" style=\"width: 0px; height: 0px; overflow: hidden; float: left;\"></div><div id=\"cboxLoadingOverlay\" style=\"float: left;\"></div><div id=\"cboxLoadingGraphic\" style=\"float: left;\"></div><div id=\"cboxTitle\" style=\"float: left;\"></div><div id=\"cboxCurrent\" style=\"float: left;\"></div><div id=\"cboxNext\" style=\"float: left;\"></div><div id=\"cboxPrevious\" style=\"float: left;\"></div><div id=\"cboxSlideshow\" style=\"float: left;\"></div><div id=\"cboxClose\" style=\"float: left;\"></div></div><div id=\"cboxMiddleRight\" style=\"float: left;\"></div></div><div style=\"clear: left;\"><div id=\"cboxBottomLeft\" style=\"float: left;\"></div><div id=\"cboxBottomCenter\" style=\"float: left;\"></div><div id=\"cboxBottomRight\" style=\"float: left;\"></div></div></div><div style=\"position: absolute; width: 9999px; visibility: hidden; display: none;\"></div></div><div id=\"ext-comp-1001\" class=\" x-tip\" style=\"position: absolute; z-index: 20002; visibility: hidden; display: none;\"><div class=\"x-tip-tl\"><div class=\"x-tip-tr\"><div class=\"x-tip-tc\"><div class=\"x-tip-header x-unselectable\" id=\"ext-gen4\" style=\"-moz-user-select: none;\"><span class=\"x-tip-header-text\"></span></div></div></div></div><div class=\"x-tip-bwrap\" id=\"ext-gen5\"><div class=\"x-tip-ml\"><div class=\"x-tip-mr\"><div class=\"x-tip-mc\" id=\"ext-gen8\"><div class=\"x-tip-body\" id=\"ext-gen6\" style=\"height: auto;\"></div></div></div></div><div class=\"x-tip-bl x-panel-nofooter\" id=\"ext-gen7\"><div class=\"x-tip-br\"><div class=\"x-tip-bc\"></div></div></div></div><div class=\"x-tip-anchor x-tip-anchor-top\" id=\"ext-gen9\" style=\"z-index: 20003;\"></div></div></body></html>"}
