{"SafeDict": "{\"Phone\": \"(978) 626-1269\", \"Last Name\": \"Woods Estin\", \"Photo\": \"\", \"Address\": \"344 Cutler Rd\", \"Current Status\": \"2015\", \"First Name\": \"Claudia\", \"Bio Information\": \"Claudia Woods-Estin has a diverse career path that includes development advisor for nonprofit organizations and private family foundations to support fundraising goals and staff and board development. Most recently, she worked in the States and Haiti for a nonprofit dedicated to providing economic opportunities for women in\\nrural Haiti.\\n\\nHer fundraising background includes Major Gifts and Planning Giving for regional nonprofit organizations such as the New England Historic Genealogical Society, the Vermont Folklife Center as well as a Community Land Trust in Vermont.  She started a media consulting LLC to produce marketing multimedia products.  Clients included Hearst Corporation and the New York Daily News.  She was a broadcast\\ntelevision producer for multiple stations in the Boston market.\\n\\nShe graduated from Boston University with a BA in Economics and attended Graduate Degree Program in Broadcast Journalism at Emerson College.  She has four sons, three horses, four dogs, one cat and sixteen chickens.\", \"City State Zip\": \"S Hamilton, MA 01982\", \"Display name\": \"Claudia Woods Estin\", \"Member Since\": \"2015\", \"Email\": \"cbcassoc2000@yahoo.com\"}", "Phone": "(978) 626-1269", "Last Name": "Woods Estin", "Photo": "", "Address": "344 Cutler Rd", "Current Status": "2015", "First Name": "Claudia", "Bio Information": "Claudia Woods-Estin has a diverse career path that includes development advisor for nonprofit organizations and private family foundations to support fundraising goals and staff and board development. Most recently, she worked in the States and Haiti for a nonprofit dedicated to providing economic opportunities for women in\nrural Haiti.\n\nHer fundraising background includes Major Gifts and Planning Giving for regional nonprofit organizations such as the New England Historic Genealogical Society, the Vermont Folklife Center as well as a Community Land Trust in Vermont.  She started a media consulting LLC to produce marketing multimedia products.  Clients included Hearst Corporation and the New York Daily News.  She was a broadcast\ntelevision producer for multiple stations in the Boston market.\n\nShe graduated from Boston University with a BA in Economics and attended Graduate Degree Program in Broadcast Journalism at Emerson College.  She has four sons, three horses, four dogs, one cat and sixteen chickens.", "City State Zip": "S Hamilton, MA 01982", "Display name": "Claudia Woods Estin", "Member Since": "2015", "Email": "cbcassoc2000@yahoo.com"}
