{"SafeDict": "{\"Phone\": \"(617) 244-2383\", \"Last Name\": \"Coggins\", \"Photo\": \"\", \"Address\": \"48 Islington Road\", \"Current Status\": \"New Member\", \"First Name\": \"Clemency\", \"Bio Information\": \"Throughout her career, art historian and Maya scholar Clemency Chase Coggins worked to raise awareness of the relationship between the destructive  antiquities market and long-term archaeological goals. Her article, \\u201cIllicit Traffic of Pre-Columbian Antiquities\\u201d, 1969, came at a time when many art historians and archaeologists turned a blind eye to the  illicit trade in antiquities. Coggins worked with the Archaeological Institute of America and congressional committees to pass  legislation, that mitigated this problem in the US and internationally..\\nWhile best known for cultural property work, Coggins is a Mayanist, with MA, 1968, and PhD degrees in Fine Arts (now History of Art and Arcxhitecture) from Harvard, 1975. Her thesis, \\u201cPainting and Drawing Styles at Tikal: An Historical and Iconographic Reconstruction,\\u201d involved the analysis of Maya royal tombs at Tikal, Guatemala. This brought together diverse archaeological information about burial contexts that included jade, ceramics, and inscriptions for an iconographic and historical reconstruction of the site\\u2019s history and genealogy. She has published extensively on Maya history and iconography, including archaeological reports on Chich\\u00e9n Itz\\u00e1 and Dzibilchalt\\u00fan, Yucat\\u00e1n, Mexico.\\nCoggins earned a bachelor\\u2019s degree from Wellesley College, and a decade later a master\\u2019s degree in Library Science from San Jose State University. She  taught at the Universidad Aut\\u00f3noma de M\\u00e9xico, at the University of Texas, Austin, and in a variety of roles at Harvard: in the Department of Fine Arts, the Extension Program, Radcliffe Seminars, Freshman Seminars, and the Anthropology Department and has been a Research Associate of the Peabody Museum for decades. She is now Professor Emerita of Archaeology and of the History of Art and Architecture at Boston University, having taught there for 25 years.  She taught many different courses: on museum collections, and on ancient Mesoamerica and the Andes.\", \"City State Zip\": \"Auburndale, MA 02466\", \"Display name\": \"Clemency Coggins\", \"Member Since\": \"Spring 2015\", \"Email\": \"coggins@bu.edu\"}", "Phone": "(617) 244-2383", "Last Name": "Coggins", "Photo": "", "Address": "48 Islington Road", "Current Status": "New Member", "First Name": "Clemency", "Bio Information": "Throughout her career, art historian and Maya scholar Clemency Chase Coggins worked to raise awareness of the relationship between the destructive  antiquities market and long-term archaeological goals. Her article, \u201cIllicit Traffic of Pre-Columbian Antiquities\u201d, 1969, came at a time when many art historians and archaeologists turned a blind eye to the  illicit trade in antiquities. Coggins worked with the Archaeological Institute of America and congressional committees to pass  legislation, that mitigated this problem in the US and internationally..\nWhile best known for cultural property work, Coggins is a Mayanist, with MA, 1968, and PhD degrees in Fine Arts (now History of Art and Arcxhitecture) from Harvard, 1975. Her thesis, \u201cPainting and Drawing Styles at Tikal: An Historical and Iconographic Reconstruction,\u201d involved the analysis of Maya royal tombs at Tikal, Guatemala. This brought together diverse archaeological information about burial contexts that included jade, ceramics, and inscriptions for an iconographic and historical reconstruction of the site\u2019s history and genealogy. She has published extensively on Maya history and iconography, including archaeological reports on Chich\u00e9n Itz\u00e1 and Dzibilchalt\u00fan, Yucat\u00e1n, Mexico.\nCoggins earned a bachelor\u2019s degree from Wellesley College, and a decade later a master\u2019s degree in Library Science from San Jose State University. She  taught at the Universidad Aut\u00f3noma de M\u00e9xico, at the University of Texas, Austin, and in a variety of roles at Harvard: in the Department of Fine Arts, the Extension Program, Radcliffe Seminars, Freshman Seminars, and the Anthropology Department and has been a Research Associate of the Peabody Museum for decades. She is now Professor Emerita of Archaeology and of the History of Art and Architecture at Boston University, having taught there for 25 years.  She taught many different courses: on museum collections, and on ancient Mesoamerica and the Andes.", "City State Zip": "Auburndale, MA 02466", "Display name": "Clemency Coggins", "Member Since": "Spring 2015", "Email": "coggins@bu.edu"}
