{"SafeDict": "{\"Phone\": \"\", \"Last Name\": \"Reed\", \"Photo\": \"\", \"Address\": \"\", \"Current Status\": \"Former\", \"First Name\": \"Clifton\", \"Bio Information\": \"Former\", \"City State Zip\": \"\", \"Display name\": \"Clifton Reed\", \"Member Since\": \"Former\", \"Email\": \"cdarr1@aol.com\"}", "Phone": "", "Last Name": "Reed", "Photo": "", "Address": "", "Current Status": "Former", "First Name": "Clifton", "Bio Information": "Former", "City State Zip": "", "Display name": "Clifton Reed", "Member Since": "Former", "Email": "cdarr1@aol.com"}
