{"SafeDict": "{\"Phone\": \"617-332-7076\", \"Last Name\": \"Giesser\", \"Photo\": \"\", \"Address\": \"250 Hammond Pond Parkway-apt. 1508-S\", \"Current Status\": \"Active Member\", \"First Name\": \"Connie\", \"Bio Information\": \"Connie Giesser was born in Boston, and raised and educated in the western suburbs where she resides. At Connecticut College, she majored in government. After a series of volunteer jobs, she attended Boston University School of Social Work and received an MSW in 1973. As a social worker she was employed first by the Brookline School System and then by Brookline Community Mental Health Center for 12 years. She received advanced training in family therapy and concentrated in that area in her position at Brookline Community Mental Health Center.\\n\\nConnie has been active in politics over the years. Since her retirement she has enjoyed taking courses in the arts and history.Tennis, gardening, traveling, and marveling at her grandchildren are also favored activities.\", \"City State Zip\": \"Chestnut Hill, Ma 02468\", \"Display name\": \"Connie Giesser\", \"Member Since\": \"2005\", \"Email\": \"rconnie@rcn.com\"}", "Phone": "617-332-7076", "Last Name": "Giesser", "Photo": "", "Address": "250 Hammond Pond Parkway-apt. 1508-S", "Current Status": "Active Member", "First Name": "Connie", "Bio Information": "Connie Giesser was born in Boston, and raised and educated in the western suburbs where she resides. At Connecticut College, she majored in government. After a series of volunteer jobs, she attended Boston University School of Social Work and received an MSW in 1973. As a social worker she was employed first by the Brookline School System and then by Brookline Community Mental Health Center for 12 years. She received advanced training in family therapy and concentrated in that area in her position at Brookline Community Mental Health Center.\n\nConnie has been active in politics over the years. Since her retirement she has enjoyed taking courses in the arts and history.Tennis, gardening, traveling, and marveling at her grandchildren are also favored activities.", "City State Zip": "Chestnut Hill, Ma 02468", "Display name": "Connie Giesser", "Member Since": "2005", "Email": "rconnie@rcn.com"}
