{"SafeDict": "{\"Phone\": \"617-227-4438\", \"Last Name\": \"Salten\", \"Photo\": \"\", \"Address\": \"131 Mount Vernon Street\", \"Current Status\": \"New Member\", \"First Name\": \"Cynthia\", \"Bio Information\": \"New Member\", \"City State Zip\": \"Boston, MA. 02108\", \"Display name\": \"Cynthia Salten\", \"Member Since\": \"Spring 2015\", \"Email\": \"saltencynthia@gmail.com\"}", "Phone": "617-227-4438", "Last Name": "Salten", "Photo": "", "Address": "131 Mount Vernon Street", "Current Status": "New Member", "First Name": "Cynthia", "Bio Information": "New Member", "City State Zip": "Boston, MA. 02108", "Display name": "Cynthia Salten", "Member Since": "Spring 2015", "Email": "saltencynthia@gmail.com"}
