{"SafeDict": "{\"Phone\": \"(617) 566-7065\", \"Last Name\": \"Holman\", \"Photo\": \"\", \"Address\": \"25 Nancy Road\", \"Current Status\": \"New\", \"First Name\": \"Dale\", \"Bio Information\": \"Dale had been interior designer for 35 years. Her projects had taken her across the United States, Europe, Australia and Singapore. In addition to designing residential and commercial spaces, she had lectured to both the public and design professionals. She was spotlighted in many interior design segments for the NECN TV Design Show. Her favorite project continues to be the design of The John F. Kennedy Suite, located in Winthrop House, reserved for dignitaries visiting the Kennedy School of Government.\\nShe received her BFA from Washington University. While working in Boston, she met and married Dr. B. Leonard Holman, (now deceased), and raised their two lovely daughters. While a legislative aid in the State House, she initiated and executed the first nationwide solid waste recycling study in 1971-2. More recently, as a legislative intern in the Massachusetts State House, she conceived and formulated the necessary legislative research to write a bill eliminating pay secrecy in the work place. This bill will be proposed for the 2014-2015 legislative session.\\nPast volunteer activities include election as the first woman president of The Chestnut Hill Association, and appointed member on the Mayor\\u2019s committee to redesign traffic patterns in Newton. She was a board member of the American Institute of Cancer Research, and the Women\\u2019s Board for the Brigham and Women\\u2019s Hospital. In addition, she was elected president of the New England chapter of the International Furnishing and Design Association.\\nOne of her passions is her involvement at the Kennedy School of Government where she is often an invited guest for discussions, dinners and lectures. She also enjoys international travel, and playing pool and chess.\", \"City State Zip\": \"Chesnut Hill, MA 02467\", \"Display name\": \"Dale Holman\", \"Member Since\": \"Fall 2014\", \"Email\": \"dehdesignsinc@gmail.com\"}", "Phone": "(617) 566-7065", "Last Name": "Holman", "Photo": "", "Address": "25 Nancy Road", "Current Status": "New", "First Name": "Dale", "Bio Information": "Dale had been interior designer for 35 years. Her projects had taken her across the United States, Europe, Australia and Singapore. In addition to designing residential and commercial spaces, she had lectured to both the public and design professionals. She was spotlighted in many interior design segments for the NECN TV Design Show. Her favorite project continues to be the design of The John F. Kennedy Suite, located in Winthrop House, reserved for dignitaries visiting the Kennedy School of Government.\nShe received her BFA from Washington University. While working in Boston, she met and married Dr. B. Leonard Holman, (now deceased), and raised their two lovely daughters. While a legislative aid in the State House, she initiated and executed the first nationwide solid waste recycling study in 1971-2. More recently, as a legislative intern in the Massachusetts State House, she conceived and formulated the necessary legislative research to write a bill eliminating pay secrecy in the work place. This bill will be proposed for the 2014-2015 legislative session.\nPast volunteer activities include election as the first woman president of The Chestnut Hill Association, and appointed member on the Mayor\u2019s committee to redesign traffic patterns in Newton. She was a board member of the American Institute of Cancer Research, and the Women\u2019s Board for the Brigham and Women\u2019s Hospital. In addition, she was elected president of the New England chapter of the International Furnishing and Design Association.\nOne of her passions is her involvement at the Kennedy School of Government where she is often an invited guest for discussions, dinners and lectures. She also enjoys international travel, and playing pool and chess.", "City State Zip": "Chesnut Hill, MA 02467", "Display name": "Dale Holman", "Member Since": "Fall 2014", "Email": "dehdesignsinc@gmail.com"}
