{"SafeDict": "{\"Phone\": \"617-734-3403\", \"Last Name\": \"White\", \"Photo\": \"\", \"Address\": \"1514 Beacon St. Apt. 26\", \"Current Status\": \"Active\", \"First Name\": \"Dan\", \"Bio Information\": \"Active\", \"City State Zip\": \"Brookline, MA 02446-2635\", \"Display name\": \"Dan White\", \"Member Since\": \"2016\", \"Email\": \"danswhite@comcast.net\"}", "Phone": "617-734-3403", "Last Name": "White", "Photo": "", "Address": "1514 Beacon St. Apt. 26", "Current Status": "Active", "First Name": "Dan", "Bio Information": "Active", "City State Zip": "Brookline, MA 02446-2635", "Display name": "Dan White", "Member Since": "2016", "Email": "danswhite@comcast.net"}
