{"SafeDict": "{\"Phone\": \"617-337-0103\", \"Last Name\": \"Keohane\", \"Photo\": \"\", \"Address\": \"42 8th Street, Unit 2503\", \"Current Status\": \"Active Member\", \"First Name\": \"Dan\", \"Bio Information\": \"With our move to the Charlestown Navy Yard in 2005, I decided to become more interested in our community. I, thereupon, joined with my wife Anne, The Boston Harbor Association, The Friends of the Navy Yard, The Charlestown Historical Society and the Charlestown Waterfront Coalition (CWC), of which I am also the Treasurer. The CWC recently co-sponsored, with the Massachusetts Environmental Trust and the EPA, a summit on the Mystic River Watershed, from which developed a 15 year plan to clean up the Mystic River, consistent with the Charles and Neponset Rivers.\\n\\nAnne and I are also grandparents of a special needs granddaughter. She is precious and hopefully will become more typical as she becomes older. We have five additional grandchildren, three of whom have been born in the past two years. \\nHaving led three courses on China, I will be leading a fourth course regarding the future of China for the fall 2010 time period. I previously developed, with Anne, a course in the fall of 2008 on India entitled: INDIA: From Midnight to the Present.\\nFinally, Anne and I will be spending the month of January and part of February in Orlando, Florida.\", \"City State Zip\": \"Charlestown, MA 02129\", \"Display name\": \"Dan Keohane\", \"Member Since\": \"2001\", \"Email\": \"dfkeohane@comcast.net\"}", "Phone": "617-337-0103", "Last Name": "Keohane", "Photo": "", "Address": "42 8th Street, Unit 2503", "Current Status": "Active Member", "First Name": "Dan", "Bio Information": "With our move to the Charlestown Navy Yard in 2005, I decided to become more interested in our community. I, thereupon, joined with my wife Anne, The Boston Harbor Association, The Friends of the Navy Yard, The Charlestown Historical Society and the Charlestown Waterfront Coalition (CWC), of which I am also the Treasurer. The CWC recently co-sponsored, with the Massachusetts Environmental Trust and the EPA, a summit on the Mystic River Watershed, from which developed a 15 year plan to clean up the Mystic River, consistent with the Charles and Neponset Rivers.\n\nAnne and I are also grandparents of a special needs granddaughter. She is precious and hopefully will become more typical as she becomes older. We have five additional grandchildren, three of whom have been born in the past two years. \nHaving led three courses on China, I will be leading a fourth course regarding the future of China for the fall 2010 time period. I previously developed, with Anne, a course in the fall of 2008 on India entitled: INDIA: From Midnight to the Present.\nFinally, Anne and I will be spending the month of January and part of February in Orlando, Florida.", "City State Zip": "Charlestown, MA 02129", "Display name": "Dan Keohane", "Member Since": "2001", "Email": "dfkeohane@comcast.net"}
