{"SafeDict": "{\"Phone\": \"617-484-1977\", \"Last Name\": \"Roos\", \"Photo\": \"\", \"Address\": \"44 Summit Road\", \"Current Status\": \"New Member\", \"First Name\": \"Daniel\", \"Bio Information\": \"Dan has spent his entire career at MIT. He attended as a student eventually earning a PhD in Civil Engineering. Dan had planned to work in the private sector, but was asked to stay on as a faculty member to lead a large-scale computer system project. During his career as a faculty member, spanning more than 50 years, Dan served as Director of the Center for Transportation Studies, Director of the Center For Technology, Policy and Industrial Development and Head of the Engineering System Division. All of these initiatives involved working with interdisciplinary teams from engineering, management and the social sciences on large-scale complex system problems. Most recently, Dan was Director of the MIT Portugal Program, an educational and research program to foster economic and societal development in Portugal.\\nDan\\u2019s continuing field of study has been transportation systems. He directed the International Motor Vehicle Program organizing research teams in the auto producing countries in the world. The project focused on understanding international competition in the automotive industry, and lead to the publication of \\u201cThe Machine That Changed the World\\u201d which was named the best business book of the year by the Financial Times and sold over 600,00 copies.\\nDan has started two consulting firms to extend his research interests. Most recently Dan\\u2019s consulting has explored national strategies using innovation and entrepreneurship to foster economic development in Russia and Alberta, Canada. These projects have emphasized the roles and partnerships between, industry, government and academia.\\nDan has been fortunate to have Eva as his loving wife for 45 years. Eva also worked at MIT, but they met playing bridge. Dan\\u2019s research projects have provided an opportunity for them to travel together all over the world. A particular highlight was attending the World Economic Forum meetings in Davos for over a decade.\\nTogether with their son, daughter and two grandkids they have spent wonderful times together for the past 35 years at their vacation home in Vermont. Dan loves to hike, play golf and cross country ski.\", \"City State Zip\": \"Belmont, MA. 02478\", \"Display name\": \"Daniel Roos\", \"Member Since\": \"Spring 2015\", \"Email\": \"roos@mit.edu\"}", "Phone": "617-484-1977", "Last Name": "Roos", "Photo": "", "Address": "44 Summit Road", "Current Status": "New Member", "First Name": "Daniel", "Bio Information": "Dan has spent his entire career at MIT. He attended as a student eventually earning a PhD in Civil Engineering. Dan had planned to work in the private sector, but was asked to stay on as a faculty member to lead a large-scale computer system project. During his career as a faculty member, spanning more than 50 years, Dan served as Director of the Center for Transportation Studies, Director of the Center For Technology, Policy and Industrial Development and Head of the Engineering System Division. All of these initiatives involved working with interdisciplinary teams from engineering, management and the social sciences on large-scale complex system problems. Most recently, Dan was Director of the MIT Portugal Program, an educational and research program to foster economic and societal development in Portugal.\nDan\u2019s continuing field of study has been transportation systems. He directed the International Motor Vehicle Program organizing research teams in the auto producing countries in the world. The project focused on understanding international competition in the automotive industry, and lead to the publication of \u201cThe Machine That Changed the World\u201d which was named the best business book of the year by the Financial Times and sold over 600,00 copies.\nDan has started two consulting firms to extend his research interests. Most recently Dan\u2019s consulting has explored national strategies using innovation and entrepreneurship to foster economic development in Russia and Alberta, Canada. These projects have emphasized the roles and partnerships between, industry, government and academia.\nDan has been fortunate to have Eva as his loving wife for 45 years. Eva also worked at MIT, but they met playing bridge. Dan\u2019s research projects have provided an opportunity for them to travel together all over the world. A particular highlight was attending the World Economic Forum meetings in Davos for over a decade.\nTogether with their son, daughter and two grandkids they have spent wonderful times together for the past 35 years at their vacation home in Vermont. Dan loves to hike, play golf and cross country ski.", "City State Zip": "Belmont, MA. 02478", "Display name": "Daniel Roos", "Member Since": "Spring 2015", "Email": "roos@mit.edu"}
