{"SafeDict": "{\"Phone\": \"617-354-8242\", \"Last Name\": \"Watt\", \"Photo\": \"\", \"Address\": \"175 Richdale Ave #315\", \"Current Status\": \"Active\", \"First Name\": \"Daniel Lynn\", \"Bio Information\": \"My wife Molly Lynn Watt and I live in Cambridge Cohousing, an intentional community near Porter Square (along the commuter rail). I have been an HILR member since the Spring of 2004. Molly and I have co-taught two study groups together at HILR on the Civil Rights Movement. I also co-taught a study group on Communism in America. In all three study groups we ended each class by singing a song of the movement as everyone joined in. I have taken a wide variety of study groups on arts, culture, history, literature, architecture, science and math. I am a member of the Technology Committee and enjoying helping people use technology and thinking about how to make technology more accessible and useful. I love biking or walking to HILR when weather permits.\\n  Outside of HILR I am interested in folk singing, English Country Dancing and Contra Dancing, theater \\u2013 going to, not acting in -- and progressive politics. We have five grandchildren ages 12, 17, 20, 23 and 25. Two of them live near us in Cambridge, which is great.\\n  I have always been politically active in Civil Rights, Peace and Environmental movements. In 1964, when I was a graduate student in Engineering at Cornell University, I joined a group of about 40 volunteers\\u2014mostly from Cornell\\u2014who spent the summer in Fayette County Tennessee as part of a voting rights campaign. In September 2007 Molly and I went back to Fayette County to meet some of the County Civil Rights leaders and see how the county had changed over 40-plus years.\\n  My career has been in education. I\\u2019ve specialized in math, science and technology education, and I\\u2019ve taught all levels from 4th grade through graduate school. I\\u2019ve also done curriculum and software development, teacher education and professional development, educational research and technical support. I still keep my hand in with some consulting work.  Most recently I helped write math curriculum for Alaskan schools based on the traditional mathematical knowledge of Native Alaskan Elders. I\\u2019ve also taught online courses for math teachers for Lesley University, and developed \\u201cmath problems of the month\\u201d for the SEED foundation Web Site. I consulted with a Boston area non-profit on developing a professional development \\u201ctoolkit\\u201d for middle school math teachers to help them teach students who are English Language learners.\\n  Shameless promotion department: Molly and I perform a show, \\u201cGeorge and Ruth: Songs and Letters of the Spanish Civil War.\\u201d We presented it as a Friday program at HILR in April 2006. I read letters sent by my father when he was a volunteer in Spain with the Abraham Lincoln Brigade; Molly reads my mother\\u2019s letters to him. Two friends, Tony Saletan and Sylvia Miskoe sing and play songs of the era. We have also made a CD of our performance. Check it out at www.cdbaby/cd/georgeandruth .\\n  For the past three years I have been writing a memoir about growing up in  a Communist family in New York during the 1940s and 1950s. Three of my stories have been published in the last three issues of the HILR Review. Secrets (Vol. 6, 2007); Cowboys (Vol 7, 2009) and The Dream of the Lost Cause (Vol 9, 2011). A fourth story, Camp Wochica was published on Harvest. Just click the name to read it. I'd be happy to receive your comments on any of these pieces.\", \"City State Zip\": \"Cambridge MA 02140\", \"Display name\": \"Daniel Lynn Watt\", \"Member Since\": \"2004\", \"Email\": \"dwatt40@comcast.net\"}", "Phone": "617-354-8242", "Last Name": "Watt", "Photo": "", "Address": "175 Richdale Ave #315", "Current Status": "Active", "First Name": "Daniel Lynn", "Bio Information": "My wife Molly Lynn Watt and I live in Cambridge Cohousing, an intentional community near Porter Square (along the commuter rail). I have been an HILR member since the Spring of 2004. Molly and I have co-taught two study groups together at HILR on the Civil Rights Movement. I also co-taught a study group on Communism in America. In all three study groups we ended each class by singing a song of the movement as everyone joined in. I have taken a wide variety of study groups on arts, culture, history, literature, architecture, science and math. I am a member of the Technology Committee and enjoying helping people use technology and thinking about how to make technology more accessible and useful. I love biking or walking to HILR when weather permits.\n  Outside of HILR I am interested in folk singing, English Country Dancing and Contra Dancing, theater \u2013 going to, not acting in -- and progressive politics. We have five grandchildren ages 12, 17, 20, 23 and 25. Two of them live near us in Cambridge, which is great.\n  I have always been politically active in Civil Rights, Peace and Environmental movements. In 1964, when I was a graduate student in Engineering at Cornell University, I joined a group of about 40 volunteers\u2014mostly from Cornell\u2014who spent the summer in Fayette County Tennessee as part of a voting rights campaign. In September 2007 Molly and I went back to Fayette County to meet some of the County Civil Rights leaders and see how the county had changed over 40-plus years.\n  My career has been in education. I\u2019ve specialized in math, science and technology education, and I\u2019ve taught all levels from 4th grade through graduate school. I\u2019ve also done curriculum and software development, teacher education and professional development, educational research and technical support. I still keep my hand in with some consulting work.  Most recently I helped write math curriculum for Alaskan schools based on the traditional mathematical knowledge of Native Alaskan Elders. I\u2019ve also taught online courses for math teachers for Lesley University, and developed \u201cmath problems of the month\u201d for the SEED foundation Web Site. I consulted with a Boston area non-profit on developing a professional development \u201ctoolkit\u201d for middle school math teachers to help them teach students who are English Language learners.\n  Shameless promotion department: Molly and I perform a show, \u201cGeorge and Ruth: Songs and Letters of the Spanish Civil War.\u201d We presented it as a Friday program at HILR in April 2006. I read letters sent by my father when he was a volunteer in Spain with the Abraham Lincoln Brigade; Molly reads my mother\u2019s letters to him. Two friends, Tony Saletan and Sylvia Miskoe sing and play songs of the era. We have also made a CD of our performance. Check it out at www.cdbaby/cd/georgeandruth .\n  For the past three years I have been writing a memoir about growing up in  a Communist family in New York during the 1940s and 1950s. Three of my stories have been published in the last three issues of the HILR Review. Secrets (Vol. 6, 2007); Cowboys (Vol 7, 2009) and The Dream of the Lost Cause (Vol 9, 2011). A fourth story, Camp Wochica was published on Harvest. Just click the name to read it. I'd be happy to receive your comments on any of these pieces.", "City State Zip": "Cambridge MA 02140", "Display name": "Daniel Lynn Watt", "Member Since": "2004", "Email": "dwatt40@comcast.net"}
