{"SafeDict": "{\"Phone\": \"(617) 232-2143\", \"Last Name\": \"Deykin\", \"Photo\": \"\", \"Address\": \"19 Powell Street\", \"Current Status\": \"New Member\", \"First Name\": \"Daniel\", \"Bio Information\": \"Dan grew up in Great Barrington, Massachusetts. He entered Harvard in 1949, majoring in American History and Literature. He then entered Harvard Medical School and completed his residency training at the Massachusetts General Hospital and the Beth Israel Hospital, followed by research at the National Institutes of Health in Bethesda, Maryland. He returned to Boston in 1962 to join the faculty at Harvard Medical School (at ground level) based at the Beth Israel Hospital where he began a traditional academic medical career-clinical practice(peripheral vascular disease), teaching and basic and clinical research in the area of thrombosis and hemorrhagic diseases. In 1978 while on a Guggenheim fellowship at the National Institute for Research, Mill Hill, London, he accepted an invitation to become Chief of the Medical Service at the Boston VA Medical Center and Professor of Medicine at both Boston University and Tufts University Schools of Medicine.\\nIn 1985, the Department of Veterans Affairs in Washington recruited Dan to become Chief of the VA's national Co-operative Clinical Trials Program. He accepted with the proviso that the office be moved to Boston. In 1988, he took on the additional responsibility for leading the VA's Health Services Research and Development Program. Dan retired from the VA in 1996, but continued as professor of medicine and public health at Boston University School of Medicine until 2004, when he became Professor Emeritus.\\nIn 1955, Dan married Eva Yona then a Radcliffe junior. They have three children and five grand children. Dan and Eva live in Brookline where he has been a Town Meeting Member and a member of the Advisory Committee.\\nIn 1995, on a visit to the Tate Gallery in London, Dan encountered a large statue of Jacob wrestling with Angel by the Jewish sculptor, Jacob Epstein. Dan was startled by Epstein's flagrant violation of the 2nd commandment's proscription against graven images. That prompted him to begin an examination of the effect of that commandment on Jewish iconographic art. That experience, in turn, has led him to a study of Jewish texts which continues to the present.\", \"City State Zip\": \"Brookline, MA 02446\", \"Display name\": \"Daniel Deykin\", \"Member Since\": \"Spring 2015\", \"Email\": \"dandeykin@aol.com\"}", "Phone": "(617) 232-2143", "Last Name": "Deykin", "Photo": "", "Address": "19 Powell Street", "Current Status": "New Member", "First Name": "Daniel", "Bio Information": "Dan grew up in Great Barrington, Massachusetts. He entered Harvard in 1949, majoring in American History and Literature. He then entered Harvard Medical School and completed his residency training at the Massachusetts General Hospital and the Beth Israel Hospital, followed by research at the National Institutes of Health in Bethesda, Maryland. He returned to Boston in 1962 to join the faculty at Harvard Medical School (at ground level) based at the Beth Israel Hospital where he began a traditional academic medical career-clinical practice(peripheral vascular disease), teaching and basic and clinical research in the area of thrombosis and hemorrhagic diseases. In 1978 while on a Guggenheim fellowship at the National Institute for Research, Mill Hill, London, he accepted an invitation to become Chief of the Medical Service at the Boston VA Medical Center and Professor of Medicine at both Boston University and Tufts University Schools of Medicine.\nIn 1985, the Department of Veterans Affairs in Washington recruited Dan to become Chief of the VA's national Co-operative Clinical Trials Program. He accepted with the proviso that the office be moved to Boston. In 1988, he took on the additional responsibility for leading the VA's Health Services Research and Development Program. Dan retired from the VA in 1996, but continued as professor of medicine and public health at Boston University School of Medicine until 2004, when he became Professor Emeritus.\nIn 1955, Dan married Eva Yona then a Radcliffe junior. They have three children and five grand children. Dan and Eva live in Brookline where he has been a Town Meeting Member and a member of the Advisory Committee.\nIn 1995, on a visit to the Tate Gallery in London, Dan encountered a large statue of Jacob wrestling with Angel by the Jewish sculptor, Jacob Epstein. Dan was startled by Epstein's flagrant violation of the 2nd commandment's proscription against graven images. That prompted him to begin an examination of the effect of that commandment on Jewish iconographic art. That experience, in turn, has led him to a study of Jewish texts which continues to the present.", "City State Zip": "Brookline, MA 02446", "Display name": "Daniel Deykin", "Member Since": "Spring 2015", "Email": "dandeykin@aol.com"}
