{"SafeDict": "{\"Phone\": \"781-863-1057\", \"Last Name\": \"McCarthy\", \"Photo\": \"\", \"Address\": \"4 Berwick Rd.\", \"Current Status\": \"2011\", \"First Name\": \"Daniel\", \"Bio Information\": \"I was born in Port Arthur, Texas, just six years after Janis Joplin managed the same feat, and I have always assumed I must have been, somehow or another, no more than one degree of separation from her.\\nOn my fourth birthday, after my father secured a new job back in his home state of Massachusetts, my family moved to Framingham, where no doubt the parents of many of my playmates were already participating in a famous longitudinal heart study that would later shape many of my decisions as a primary care doctor\\u2014though not for two and a half decades, and only after my life had started to unfold in other directions.\\nI lived for four and a half years in England starting in 1959, after my father\\u2019s company offered him a prolonged position in London.  I remember walking through the streets of London and seeing, everywhere,\\u2014it seems like it was every couple of blocks, but perhaps it was only every three\\u2014building after building in rubble.  To others, these were the grim reminders of how the Battle of Britain had changed history, and also vague hints of how long was the reach, fourteen years after all the fighting was over, of the aftermath of war, even in a first world country with huge resources for self-repair.  But for this eleven-year-old, these reminders and hints were lost.\\nBefore I knew it, I was a sophomore at Brown, wanting to meet Loren Dribinsky, whom I did finally meet as a junior, and whom I would marry three years after that.  Oh, and I also earned my degree in English and American Literature, which I planned later to teach.  First, however, I served two years of alternative service as a conscientious objector, then took one very successful semester of graduate English at the University of Michigan.  Loren was by then a third year medical student, and it was in those months, after long and unexpected thought, that I decided I too would be a physician.  This was not an easy process, without any pre-med courses under my belt, but four and a half years later I graduated from SUNY at Stony Brook School of Medicine.\\nBy 1980 I was practicing primary care in Burlington, Massachusetts, where I worked for more than twenty-nine years until retirement last year.  Loren and I have a son and a daughter, and I have enjoyed the odd mixture of pain, but mostly pleasure, watching them grow up.  I even learned violin to help out while my kids were learning Suzuki violin and cello, well enough for me to join an auditionless orchestra.  Now my son lives in Somerville with his wife and our granddaughter, while our daughter will move with her husband and our grandson-to-be to Medford this spring\\u2014sometimes life can be very kind.  I took up running while in medical school, ran a sub-2:50 marathon in my thirties, and a sub-5:00 mile in my forties.  I still train regularly and race often.   I have traveled in and out of the U.S. where my wife and I have taken long hikes through beautiful and often historic landscapes. \\nIn retirement, I have been reading extensively about genetics, evolution, primate evolution, human evolution, climate change, language, theories of the origins of language, and how all these things may or may not fit together.  I am now looking forward to many years of reciprocal personal enrichment at HILR, and, among many other things, I am hoping that some of the members there will help me sort some of this particular stuff out!\\n \", \"City State Zip\": \"Lexington, MA 02420\", \"Display name\": \"Daniel McCarthy\", \"Member Since\": \"2011\", \"Email\": \"48daniel@gmail.com\"}", "Phone": "781-863-1057", "Last Name": "McCarthy", "Photo": "", "Address": "4 Berwick Rd.", "Current Status": "2011", "First Name": "Daniel", "Bio Information": "I was born in Port Arthur, Texas, just six years after Janis Joplin managed the same feat, and I have always assumed I must have been, somehow or another, no more than one degree of separation from her.\nOn my fourth birthday, after my father secured a new job back in his home state of Massachusetts, my family moved to Framingham, where no doubt the parents of many of my playmates were already participating in a famous longitudinal heart study that would later shape many of my decisions as a primary care doctor\u2014though not for two and a half decades, and only after my life had started to unfold in other directions.\nI lived for four and a half years in England starting in 1959, after my father\u2019s company offered him a prolonged position in London.  I remember walking through the streets of London and seeing, everywhere,\u2014it seems like it was every couple of blocks, but perhaps it was only every three\u2014building after building in rubble.  To others, these were the grim reminders of how the Battle of Britain had changed history, and also vague hints of how long was the reach, fourteen years after all the fighting was over, of the aftermath of war, even in a first world country with huge resources for self-repair.  But for this eleven-year-old, these reminders and hints were lost.\nBefore I knew it, I was a sophomore at Brown, wanting to meet Loren Dribinsky, whom I did finally meet as a junior, and whom I would marry three years after that.  Oh, and I also earned my degree in English and American Literature, which I planned later to teach.  First, however, I served two years of alternative service as a conscientious objector, then took one very successful semester of graduate English at the University of Michigan.  Loren was by then a third year medical student, and it was in those months, after long and unexpected thought, that I decided I too would be a physician.  This was not an easy process, without any pre-med courses under my belt, but four and a half years later I graduated from SUNY at Stony Brook School of Medicine.\nBy 1980 I was practicing primary care in Burlington, Massachusetts, where I worked for more than twenty-nine years until retirement last year.  Loren and I have a son and a daughter, and I have enjoyed the odd mixture of pain, but mostly pleasure, watching them grow up.  I even learned violin to help out while my kids were learning Suzuki violin and cello, well enough for me to join an auditionless orchestra.  Now my son lives in Somerville with his wife and our granddaughter, while our daughter will move with her husband and our grandson-to-be to Medford this spring\u2014sometimes life can be very kind.  I took up running while in medical school, ran a sub-2:50 marathon in my thirties, and a sub-5:00 mile in my forties.  I still train regularly and race often.   I have traveled in and out of the U.S. where my wife and I have taken long hikes through beautiful and often historic landscapes. \nIn retirement, I have been reading extensively about genetics, evolution, primate evolution, human evolution, climate change, language, theories of the origins of language, and how all these things may or may not fit together.  I am now looking forward to many years of reciprocal personal enrichment at HILR, and, among many other things, I am hoping that some of the members there will help me sort some of this particular stuff out!\n ", "City State Zip": "Lexington, MA 02420", "Display name": "Daniel McCarthy", "Member Since": "2011", "Email": "48daniel@gmail.com"}
