{"SafeDict": "{\"Phone\": \"\", \"Last Name\": \"Friedlander\", \"Photo\": \"\", \"Address\": \"\", \"Current Status\": \"\", \"First Name\": \"Daniel\", \"Bio Information\": \"\", \"City State Zip\": \"\", \"Display name\": \"Daniel Friedlander\", \"Member Since\": \"\", \"Email\": \"dfriedlander15@verizon.net\"}", "Phone": "", "Last Name": "Friedlander", "Photo": "", "Address": "", "Current Status": "", "First Name": "Daniel", "Bio Information": "", "City State Zip": "", "Display name": "Daniel Friedlander", "Member Since": "", "Email": "dfriedlander15@verizon.net"}
