{"SafeDict": "{\"Phone\": \"617-945-1612\", \"Last Name\": \"Wood\", \"Photo\": \"\", \"Address\": \"37 Linnaean St.\", \"Current Status\": \"New Member\", \"First Name\": \"David\", \"Bio Information\": \"I am new to Cambridge. Prior to selling my house 3 years ago, I lived in the Keene, NH area for 4 decades. I retired fully 12 years ago from work as a medical oncologist. I\\u2019ve worked at the Dartmouth Hitchcock Clinic and in many Vermont and New Hampshire community hospitals.\\nAfter Brown University and Cornell University Medical School, I completed medical hospital training in Chicago and Charlottesville. My world-view was greatly expanded as a Peace Corps Physician in Peru and Chile during the late 1960\\u2019s. \\nMy wife, Carolyn, previously lived in Cambridge. Our difficulty of downsizing was worth the effort. I love the simpler way of living in our small second floor condo on Linnaean St. I never get enough time visiting with my 3 children and 4 grandchildren. Living closer to Logan\\u2019s Jet Blue flights to DC make that travel much easier.\\nI enjoy the exciting activities in Cambridge and Boston: theater, author events, concerts, and lectures. I enjoy reading and learning about subjects I missed out on while studying science subjects in college.\\nI like fitness sports. After retirement I have biked across the USA in 2000, paddled the Allagash waterway, walked the Camino de Santiago and hiked NH mountain trails. I am delighted that in the city I have found road biking groups in the suburbs, sculling at CRI and Danehy Park for morning dog walks.\\nIt is nice to be walking more and driving less. \", \"City State Zip\": \"Cambridge, MA. 02138\", \"Display name\": \"David Wood\", \"Member Since\": \"Spring 2015\", \"Email\": \"dfwood66@gmail.com\"}", "Phone": "617-945-1612", "Last Name": "Wood", "Photo": "", "Address": "37 Linnaean St.", "Current Status": "New Member", "First Name": "David", "Bio Information": "I am new to Cambridge. Prior to selling my house 3 years ago, I lived in the Keene, NH area for 4 decades. I retired fully 12 years ago from work as a medical oncologist. I\u2019ve worked at the Dartmouth Hitchcock Clinic and in many Vermont and New Hampshire community hospitals.\nAfter Brown University and Cornell University Medical School, I completed medical hospital training in Chicago and Charlottesville. My world-view was greatly expanded as a Peace Corps Physician in Peru and Chile during the late 1960\u2019s. \nMy wife, Carolyn, previously lived in Cambridge. Our difficulty of downsizing was worth the effort. I love the simpler way of living in our small second floor condo on Linnaean St. I never get enough time visiting with my 3 children and 4 grandchildren. Living closer to Logan\u2019s Jet Blue flights to DC make that travel much easier.\nI enjoy the exciting activities in Cambridge and Boston: theater, author events, concerts, and lectures. I enjoy reading and learning about subjects I missed out on while studying science subjects in college.\nI like fitness sports. After retirement I have biked across the USA in 2000, paddled the Allagash waterway, walked the Camino de Santiago and hiked NH mountain trails. I am delighted that in the city I have found road biking groups in the suburbs, sculling at CRI and Danehy Park for morning dog walks.\nIt is nice to be walking more and driving less. ", "City State Zip": "Cambridge, MA. 02138", "Display name": "David Wood", "Member Since": "Spring 2015", "Email": "dfwood66@gmail.com"}
