{"SafeDict": "{\"Phone\": \"781 962 3646\", \"Last Name\": \"Davis\", \"Photo\": \"\", \"Address\": \"18 Maynard Place\", \"Current Status\": \"Spring 2016\", \"First Name\": \"David\", \"Bio Information\": \"Spring 2016\", \"City State Zip\": \"Cambridge, MA 02138\", \"Display name\": \"David Davis\", \"Member Since\": \"Spring 2016\", \"Email\": \"dsdavis4552@gmail.com\"}", "Phone": "781 962 3646", "Last Name": "Davis", "Photo": "", "Address": "18 Maynard Place", "Current Status": "Spring 2016", "First Name": "David", "Bio Information": "Spring 2016", "City State Zip": "Cambridge, MA 02138", "Display name": "David Davis", "Member Since": "Spring 2016", "Email": "dsdavis4552@gmail.com"}
