{"SafeDict": "{\"Phone\": \"617-566-3124\", \"Last Name\": \"Hershenson\", \"Photo\": \"\", \"Address\": \"70 Park Street, Apt. 42\", \"Current Status\": \"Active Member\", \"First Name\": \"David\", \"Bio Information\": \"I was born and raised in Brookline, MA; received an AB in English from Harvard and a PhD in Psychology (Counseling Psychology specialization) from Boston University. I then taught in and directed graduate programs in counselor education at Illinois Institute of Technology (1965-77), Boston University (1977-82), and the University of Maryland (1982-2003).\\n\\nSince 2003, I have taught part-time in this field at the University of Massachusetts Boston. In addition to my continuing professional interests in counseling theory and the history of counseling, my interests include travel, American Jewish cultural history, photography, theater, and the visual arts.\", \"City State Zip\": \"Brookline, MA 02446\", \"Display name\": \"David Hershenson\", \"Member Since\": \"2006\", \"Email\": \"dhershen@umd.edu\"}", "Phone": "617-566-3124", "Last Name": "Hershenson", "Photo": "", "Address": "70 Park Street, Apt. 42", "Current Status": "Active Member", "First Name": "David", "Bio Information": "I was born and raised in Brookline, MA; received an AB in English from Harvard and a PhD in Psychology (Counseling Psychology specialization) from Boston University. I then taught in and directed graduate programs in counselor education at Illinois Institute of Technology (1965-77), Boston University (1977-82), and the University of Maryland (1982-2003).\n\nSince 2003, I have taught part-time in this field at the University of Massachusetts Boston. In addition to my continuing professional interests in counseling theory and the history of counseling, my interests include travel, American Jewish cultural history, photography, theater, and the visual arts.", "City State Zip": "Brookline, MA 02446", "Display name": "David Hershenson", "Member Since": "2006", "Email": "dhershen@umd.edu"}
