{"SafeDict": "{\"Phone\": \"617-969-2027\", \"Last Name\": \"Shapiro\", \"Photo\": \"\", \"Address\": \"79 Webster Park\", \"Current Status\": \"2004\", \"First Name\": \"David\", \"Bio Information\": \"I practised law for 38 1/2 years in the real estate dept of Hale and Dorr (n/k/a WilmerHale) a large downtown Boston law firm. I joined HILR in 2004, which I very much enjoy and hope to continue to enjoy.\\n\\nMy activities at HILR in addition to class participation include the Common Room, the Front Desk, IEL Conversation, the Civil Liberties Club, the Current Events Group and the Economic Forum Group as well as attendance at many Friday lectures and Distinguished Speaker Series lectures. Also I have served for 3 years on the Member Relations Committee and as its Chair during my last year. In the 2010 spring semester, I was nominated for HILR Council. In September,2010 I became a member of the HILR Council.\", \"City State Zip\": \"Newton,Ma. 02465\", \"Display name\": \"David Shapiro\", \"Member Since\": \"2004\", \"Email\": \"djshapiro2@verizon.net\"}", "Phone": "617-969-2027", "Last Name": "Shapiro", "Photo": "", "Address": "79 Webster Park", "Current Status": "2004", "First Name": "David", "Bio Information": "I practised law for 38 1/2 years in the real estate dept of Hale and Dorr (n/k/a WilmerHale) a large downtown Boston law firm. I joined HILR in 2004, which I very much enjoy and hope to continue to enjoy.\n\nMy activities at HILR in addition to class participation include the Common Room, the Front Desk, IEL Conversation, the Civil Liberties Club, the Current Events Group and the Economic Forum Group as well as attendance at many Friday lectures and Distinguished Speaker Series lectures. Also I have served for 3 years on the Member Relations Committee and as its Chair during my last year. In the 2010 spring semester, I was nominated for HILR Council. In September,2010 I became a member of the HILR Council.", "City State Zip": "Newton,Ma. 02465", "Display name": "David Shapiro", "Member Since": "2004", "Email": "djshapiro2@verizon.net"}
