{"SafeDict": "{\"Phone\": \"\", \"Last Name\": \"Kales\", \"Photo\": \"\", \"Address\": \"\", \"Current Status\": \"Active Member\", \"First Name\": \"David\", \"Bio Information\": \" Born and raised in Belmont, Massachusetts, David graduated from Harvard University (!96!) and Columbia School of Business (MBA, !963).  He was a journalist, editor, and free-lance writer for over forty-five years.  His journalistic experience includes Newsweek, Forbes, Laser Focus International, and he was a foreign correspondent for the Hearst Newspapers, covering the Vietnam War and Southeast Asia.  He was a recipient of a Carnegie Foundation grant awarded by the Columbia School of Journalism for reporting on China.\\nHe has written and edited numerous publications on business (including his own, Sellers Market), international affairs, and environmental/recreational matters. He is author of All About the Boston Harbor Islands and Masters of Art (both co-authored with his wife, Emily); a novel, The Phantom Pirate: Tales of the Irish Mafia and the Boston Harbor Islands; and The Boston Harbor Islands: A History of an Urban Wilderness.  Currently, he is working on a book about Massachusetts women in the American Revolution.\\nDavid and Emily, his wife of 45 years, live in Arlington.  Emily is a professor of film and psychology at Northeastern University.  Their son, daughter-inlaw and two grandchildren live in Denver, Colorado.  Among David\\u2019s other interests are martial arts (He holds a second-degree black belt), and his golden retriever, Vegas.\", \"City State Zip\": \"\", \"Display name\": \"David Kales\", \"Member Since\": \"2010\", \"Email\": \"dkales@comcast.net\"}", "Phone": "", "Last Name": "Kales", "Photo": "", "Address": "", "Current Status": "Active Member", "First Name": "David", "Bio Information": " Born and raised in Belmont, Massachusetts, David graduated from Harvard University (!96!) and Columbia School of Business (MBA, !963).  He was a journalist, editor, and free-lance writer for over forty-five years.  His journalistic experience includes Newsweek, Forbes, Laser Focus International, and he was a foreign correspondent for the Hearst Newspapers, covering the Vietnam War and Southeast Asia.  He was a recipient of a Carnegie Foundation grant awarded by the Columbia School of Journalism for reporting on China.\nHe has written and edited numerous publications on business (including his own, Sellers Market), international affairs, and environmental/recreational matters. He is author of All About the Boston Harbor Islands and Masters of Art (both co-authored with his wife, Emily); a novel, The Phantom Pirate: Tales of the Irish Mafia and the Boston Harbor Islands; and The Boston Harbor Islands: A History of an Urban Wilderness.  Currently, he is working on a book about Massachusetts women in the American Revolution.\nDavid and Emily, his wife of 45 years, live in Arlington.  Emily is a professor of film and psychology at Northeastern University.  Their son, daughter-inlaw and two grandchildren live in Denver, Colorado.  Among David\u2019s other interests are martial arts (He holds a second-degree black belt), and his golden retriever, Vegas.", "City State Zip": "", "Display name": "David Kales", "Member Since": "2010", "Email": "dkales@comcast.net"}
