{"SafeDict": "{\"Phone\": \"781 383 0713\", \"Last Name\": \"Pottenger\", \"Photo\": \"\", \"Address\": \"38 Rustic Drive\", \"Current Status\": \"1988\", \"First Name\": \"David\", \"Bio Information\": \"Place of birth: Cincinnati,Ohio\\nEducation: Amherst College; University of Michigan Law School; Miami University School of Business Administration\\nEmployment: Gardner Board and Carton Co.; Wilcox,Walter, Furlong Paper Co.;Strathmore Paper Co.\\nEducational Interests: History (especially American, emphasis on Civil War)\", \"City State Zip\": \"Cohasset, MA,02025\", \"Display name\": \"David Pottenger\", \"Member Since\": \"1988\", \"Email\": \"dhpott@comcast.net\"}", "Phone": "781 383 0713", "Last Name": "Pottenger", "Photo": "", "Address": "38 Rustic Drive", "Current Status": "1988", "First Name": "David", "Bio Information": "Place of birth: Cincinnati,Ohio\nEducation: Amherst College; University of Michigan Law School; Miami University School of Business Administration\nEmployment: Gardner Board and Carton Co.; Wilcox,Walter, Furlong Paper Co.;Strathmore Paper Co.\nEducational Interests: History (especially American, emphasis on Civil War)", "City State Zip": "Cohasset, MA,02025", "Display name": "David Pottenger", "Member Since": "1988", "Email": "dhpott@comcast.net"}
