{"SafeDict": "{\"Phone\": \"\", \"Last Name\": \"Rich\", \"Photo\": \"\", \"Address\": \"\", \"Current Status\": \"1997\", \"First Name\": \"David\", \"Bio Information\": \"David Rich is a native of Newton and has lived in Boston for the last 26 years. He was an English major at Wesleyan University, graduating in 1955 and graduated from Columbia Law School in1960. After a stint in private practice, he spent the last 27 years in the legal department of the Sheraton Corporation which is headquartered in Boston and was a Vice President and Associate General Counsel at the time of his retirement in late 1996. The job involved a great deal of travel, including assignments in London in the mid 1980 and Hong Kong last year.\\n\\nHis wife, Ellen is an artist, and daughter Catherine is embarking on a medical career while son Matthew, is a junior at Brown. David is a jazz musician and interested, among other things, in history and photography.\", \"City State Zip\": \"\", \"Display name\": \"David Rich\", \"Member Since\": \"1997\", \"Email\": \"davtrch@aol.com\"}", "Phone": "", "Last Name": "Rich", "Photo": "", "Address": "", "Current Status": "1997", "First Name": "David", "Bio Information": "David Rich is a native of Newton and has lived in Boston for the last 26 years. He was an English major at Wesleyan University, graduating in 1955 and graduated from Columbia Law School in1960. After a stint in private practice, he spent the last 27 years in the legal department of the Sheraton Corporation which is headquartered in Boston and was a Vice President and Associate General Counsel at the time of his retirement in late 1996. The job involved a great deal of travel, including assignments in London in the mid 1980 and Hong Kong last year.\n\nHis wife, Ellen is an artist, and daughter Catherine is embarking on a medical career while son Matthew, is a junior at Brown. David is a jazz musician and interested, among other things, in history and photography.", "City State Zip": "", "Display name": "David Rich", "Member Since": "1997", "Email": "davtrch@aol.com"}
