{"SafeDict": "{\"Phone\": \"978 371-3032\", \"Last Name\": \"Murphree\", \"Photo\": \"\", \"Address\": \"241 River Road\", \"Current Status\": \"2005\", \"First Name\": \"David\", \"Bio Information\": \"I was born in Havre, Montana November 18, 1948, the eldest of three children to a father who worked in the oil business and a mother who spent most of her life as a traditional housewife. Because of my father's job, we moved frequently. I spent the first six years of my life and two more years intermittently as a teenager living in a large number of small towns in the Rocky Mountain area, then two years in Miami, six months in Cuba, four years in Tripoli, Libya, and two years in Aden, now part of Yeman (spending one school year in boarding school in Rome), before returning to Montana, then Louisiana, then Los Angeles. (All told, I've lived in something like 23 places and attended 17 schools and colleges.)\\n\\nAt that point my family settled in Southern California for good, but I came back east to get my undergraduate degree in History from Duke in 1970, then a law degree from Harvard in 1973. I had to serve a four year military commitment in the Air Force from 1974-78, all of which was spent at Hanscom Field in Bedford, MA. During that time I also took advantage of the GI bill to get an LL.M. in Taxation from Boston University Law School.\\n\\nIn 1978 I began my work career as a lawyer at Goodwin, Proctor, a large Boston law firm. After four years there, I moved on to what is now Brown, Rudnick, Berlack, Israels LLP. where I spend the next 22 years. My practice was as a securities and corporations lawyer, meaning that I spent most of my time working on transactions such as stock offerings, private placements, mergers and acquisitions and venture capital. In 1979 I married my wife Carol, a Hatfield, Massachusetts native. That meant there was never any leaving of Massachusetts (except for travel, of course).\\n\\nA few years later we had our only child, Caroline, now an MBA student at Harvard Business School.. We lived in Boxbourough for six years before moving to Carlisle in 1984. In March 2004 I retired from Brown Rudnick and the practice of law at the age of 55.\\n\\nUpon retirement I joined a couple of book groups at the Boston Athenaeum and in the Fall of 2005 I joined HILR. Both of those decisions have been great in terms of re-stimulating my intellectual curiosity about many interests, including history, science and literature.\", \"City State Zip\": \"Carlisle, MA\", \"Display name\": \"David Murphree\", \"Member Since\": \"2005\", \"Email\": \"dhmurphree@comcast.net\"}", "Phone": "978 371-3032", "Last Name": "Murphree", "Photo": "", "Address": "241 River Road", "Current Status": "2005", "First Name": "David", "Bio Information": "I was born in Havre, Montana November 18, 1948, the eldest of three children to a father who worked in the oil business and a mother who spent most of her life as a traditional housewife. Because of my father's job, we moved frequently. I spent the first six years of my life and two more years intermittently as a teenager living in a large number of small towns in the Rocky Mountain area, then two years in Miami, six months in Cuba, four years in Tripoli, Libya, and two years in Aden, now part of Yeman (spending one school year in boarding school in Rome), before returning to Montana, then Louisiana, then Los Angeles. (All told, I've lived in something like 23 places and attended 17 schools and colleges.)\n\nAt that point my family settled in Southern California for good, but I came back east to get my undergraduate degree in History from Duke in 1970, then a law degree from Harvard in 1973. I had to serve a four year military commitment in the Air Force from 1974-78, all of which was spent at Hanscom Field in Bedford, MA. During that time I also took advantage of the GI bill to get an LL.M. in Taxation from Boston University Law School.\n\nIn 1978 I began my work career as a lawyer at Goodwin, Proctor, a large Boston law firm. After four years there, I moved on to what is now Brown, Rudnick, Berlack, Israels LLP. where I spend the next 22 years. My practice was as a securities and corporations lawyer, meaning that I spent most of my time working on transactions such as stock offerings, private placements, mergers and acquisitions and venture capital. In 1979 I married my wife Carol, a Hatfield, Massachusetts native. That meant there was never any leaving of Massachusetts (except for travel, of course).\n\nA few years later we had our only child, Caroline, now an MBA student at Harvard Business School.. We lived in Boxbourough for six years before moving to Carlisle in 1984. In March 2004 I retired from Brown Rudnick and the practice of law at the age of 55.\n\nUpon retirement I joined a couple of book groups at the Boston Athenaeum and in the Fall of 2005 I joined HILR. Both of those decisions have been great in terms of re-stimulating my intellectual curiosity about many interests, including history, science and literature.", "City State Zip": "Carlisle, MA", "Display name": "David Murphree", "Member Since": "2005", "Email": "dhmurphree@comcast.net"}
