{"SafeDict": "{\"Phone\": \"\", \"Last Name\": \"Link\", \"Photo\": \"\", \"Address\": \"\", \"Current Status\": \"\", \"First Name\": \"David\", \"Bio Information\": \"\", \"City State Zip\": \"\", \"Display name\": \"David Link\", \"Member Since\": \"\", \"Email\": \"david_link@hms.harvard.edu\"}", "Phone": "", "Last Name": "Link", "Photo": "", "Address": "", "Current Status": "", "First Name": "David", "Bio Information": "", "City State Zip": "", "Display name": "David Link", "Member Since": "", "Email": "david_link@hms.harvard.edu"}
