{"SafeDict": "{\"Phone\": \"781-248-7751\", \"Last Name\": \"Bliss\", \"Photo\": \"\", \"Address\": \"236 Huron Ave\", \"Current Status\": \"Active Member\", \"First Name\": \"David\", \"Bio Information\": \"Although I have lived in many states, my roots and community have always been in New England. My wife, Judy Uhl, and I recently moved from our house in Arlington to an apartment in Cambridge. A few years ago, we built a house in Maine, where we enjoy snowshoeing in the winter, and gardening in the summer. I have been active always in life-long learning, and this is continuing at HILR. Since graduating from college, my education continued throughout my working life, resulting in a PhD in Materials Science and Engineering from Stony Brook University in New York. My career was in research and development of crystals for lasers, solar energy, and advanced materials. Education has always broadened my horizons, gaining for me a level of abstraction that does not come from day-to-day practical experience.\\nAlthough I have mainly worked as a scientist/engineer in my work life, I am actually a person of many interests. I belong to an a cappella singing group in Newton, and enjoy exploring early music, a rich resource here in the Boston area. I enjoy classes on early music. During the summers I am a practicing organic farmer at my house in Maine, so I am interested in classes on ecology and the environment. Languages, both alive and dead, are also interesting and I participate in the tavola Italiana, a group to speak Italian.\", \"City State Zip\": \"Cambridge MA 02138\", \"Display name\": \"David Bliss\", \"Member Since\": \"2012\", \"Email\": \"dfbliss@gmail.com\"}", "Phone": "781-248-7751", "Last Name": "Bliss", "Photo": "", "Address": "236 Huron Ave", "Current Status": "Active Member", "First Name": "David", "Bio Information": "Although I have lived in many states, my roots and community have always been in New England. My wife, Judy Uhl, and I recently moved from our house in Arlington to an apartment in Cambridge. A few years ago, we built a house in Maine, where we enjoy snowshoeing in the winter, and gardening in the summer. I have been active always in life-long learning, and this is continuing at HILR. Since graduating from college, my education continued throughout my working life, resulting in a PhD in Materials Science and Engineering from Stony Brook University in New York. My career was in research and development of crystals for lasers, solar energy, and advanced materials. Education has always broadened my horizons, gaining for me a level of abstraction that does not come from day-to-day practical experience.\nAlthough I have mainly worked as a scientist/engineer in my work life, I am actually a person of many interests. I belong to an a cappella singing group in Newton, and enjoy exploring early music, a rich resource here in the Boston area. I enjoy classes on early music. During the summers I am a practicing organic farmer at my house in Maine, so I am interested in classes on ecology and the environment. Languages, both alive and dead, are also interesting and I participate in the tavola Italiana, a group to speak Italian.", "City State Zip": "Cambridge MA 02138", "Display name": "David Bliss", "Member Since": "2012", "Email": "dfbliss@gmail.com"}
