{"SafeDict": "{\"Phone\": \"617-945-9571\", \"Last Name\": \"Singer\", \"Photo\": \"\", \"Address\": \"221 Mt. Auburn St Apt 502\", \"Current Status\": \"2000\", \"First Name\": \"David\", \"Bio Information\": \"David was, born and raised in Buffalo, New York. He received his MD degree from the University of Chicago in 1955, came to Boston tor a year or two for training, and remained for another year while his wife Judy , also in HILR, completed a PhD in clinical psychology at Boston University. By that time, the rut was so deep that he had no inclination to leave.\\n\\nHe started off in research at Boston City Hospital in diabetes, but soon learned that he preferred people to mice and went into private practice in Lexington where he remained tor 25 years,doing internal medicine and endocrinology. In 1984, he moved over to Harvard Community Health Plan (HPHC), where he remained until retirement in June of 1999. At HCHP, he focused primarily on diabetes patient education. After all, he says, \\\"it is what the patient knows, not what the doctor knows that makes tor a healthy person with diabetes.\\\"\\n\\nHe continues to teach at the Harvard Medical School and assists in the medical ethics course at Bentley College. He is a consultant to the Massachusetts Department of Elder Affairs and volunteers at the Metrowest Free Clinic. He also does part time medical consulting in the state and federal prison systems.  \\n\\nHe may be retired, but he is a bit short on spare time. Aside from reading and traveling when he can, he sings in a community chorus, raises unusual plants from seed, and me rest of me time can usually be found either in or on the water.\", \"City State Zip\": \"Cambridge, MA 02138-4849\", \"Display name\": \"David Singer\", \"Member Since\": \"2000\", \"Email\": \"dandjsinger@gmail.com\"}", "Phone": "617-945-9571", "Last Name": "Singer", "Photo": "", "Address": "221 Mt. Auburn St Apt 502", "Current Status": "2000", "First Name": "David", "Bio Information": "David was, born and raised in Buffalo, New York. He received his MD degree from the University of Chicago in 1955, came to Boston tor a year or two for training, and remained for another year while his wife Judy , also in HILR, completed a PhD in clinical psychology at Boston University. By that time, the rut was so deep that he had no inclination to leave.\n\nHe started off in research at Boston City Hospital in diabetes, but soon learned that he preferred people to mice and went into private practice in Lexington where he remained tor 25 years,doing internal medicine and endocrinology. In 1984, he moved over to Harvard Community Health Plan (HPHC), where he remained until retirement in June of 1999. At HCHP, he focused primarily on diabetes patient education. After all, he says, \"it is what the patient knows, not what the doctor knows that makes tor a healthy person with diabetes.\"\n\nHe continues to teach at the Harvard Medical School and assists in the medical ethics course at Bentley College. He is a consultant to the Massachusetts Department of Elder Affairs and volunteers at the Metrowest Free Clinic. He also does part time medical consulting in the state and federal prison systems.  \n\nHe may be retired, but he is a bit short on spare time. Aside from reading and traveling when he can, he sings in a community chorus, raises unusual plants from seed, and me rest of me time can usually be found either in or on the water.", "City State Zip": "Cambridge, MA 02138-4849", "Display name": "David Singer", "Member Since": "2000", "Email": "dandjsinger@gmail.com"}
