{"SafeDict": "{\"Phone\": \"\", \"Last Name\": \"Cooper\", \"Photo\": \"\", \"Address\": \"\", \"Current Status\": \"\", \"First Name\": \"David\", \"Bio Information\": \"David grew up in Northamptonshire, England and went to the local \\u201cstate\\u201d high school.  From there it was a large step to the University of Cambridge in 1957 made possible by the enlightenment of the 1944 Education Act in the UK.\\nHe read natural sciences, took a first class undergraduate degree, and then branched out into chemical engineering for an extra year and gained the English equivalent of a master\\u2019s.\\nAfter Cambridge, he joined Procter & Gamble \\u201cfor a year or two\\u201d and stayed for 34 years!  He was part of the integration of many, separate national efforts into a consistent, collaborative, global organization.  \\nAfter retirement he lived in Northern Virginia.   He was a docent giving tours in the National Gallery of Art.  He was also on the vestry and then senior warden for St.  John\\u2019s Episcopal Church in McLean, Virginia.\\nDavid\\u2019s first wife Patricia died in 2005.    He moved to Cambridge in 2007.    He married Adelaide (Lolly) MacMurray-Cooper in 2009.  Between them they have four married sons and nine grandchildren.\\nDavid is very much enjoying HILR participating in a wide range of study groups and working on the Technical Committee.    He is a keen photographer and is a Trustee of one of Boston's premier choral groups, Cantata Singers.  \", \"City State Zip\": \"\", \"Display name\": \"David Cooper\", \"Member Since\": \"\", \"Email\": \"davidcooper1938@gmail.com\"}", "Phone": "", "Last Name": "Cooper", "Photo": "", "Address": "", "Current Status": "", "First Name": "David", "Bio Information": "David grew up in Northamptonshire, England and went to the local \u201cstate\u201d high school.  From there it was a large step to the University of Cambridge in 1957 made possible by the enlightenment of the 1944 Education Act in the UK.\nHe read natural sciences, took a first class undergraduate degree, and then branched out into chemical engineering for an extra year and gained the English equivalent of a master\u2019s.\nAfter Cambridge, he joined Procter & Gamble \u201cfor a year or two\u201d and stayed for 34 years!  He was part of the integration of many, separate national efforts into a consistent, collaborative, global organization.  \nAfter retirement he lived in Northern Virginia.   He was a docent giving tours in the National Gallery of Art.  He was also on the vestry and then senior warden for St.  John\u2019s Episcopal Church in McLean, Virginia.\nDavid\u2019s first wife Patricia died in 2005.    He moved to Cambridge in 2007.    He married Adelaide (Lolly) MacMurray-Cooper in 2009.  Between them they have four married sons and nine grandchildren.\nDavid is very much enjoying HILR participating in a wide range of study groups and working on the Technical Committee.    He is a keen photographer and is a Trustee of one of Boston's premier choral groups, Cantata Singers.  ", "City State Zip": "", "Display name": "David Cooper", "Member Since": "", "Email": "davidcooper1938@gmail.com"}
