{"SafeDict": "{\"Phone\": \"617-523-1841\", \"Last Name\": \"Glater\", \"Photo\": \"\", \"Address\": \"151 Tremont St., Apt. 8E\", \"Current Status\": \"Active Member\", \"First Name\": \"David\", \"Bio Information\": \"David Glater was born and raised in Schenectady, NY. After graduating from Yale College and Yale Law School, he clerked for the Massachusetts Superior Court, and stayed on for another year to oversee this clerkship program as its Chief Law Clerk. After this clerkship, David joined the staff of the US DOT\\u2019s Transportation Systems Center in Cambridge as its first Legal Policy Analyst. Later he moved to the Center\\u2019s Office of Chief Counsel, where he became expert in laws governing federal contracting for R&D. He was selected as the Center\\u2019s Chief Counsel in 1984, and retired from this position in June 2006. During this time, his Federal procurement expertise led to a part-time assignment as Special Assistant US Attorney working on Big Dig-related claims.\\n\\nWhen the old Vilna Shul was padlocked on the eve of the Jewish New Year in 1984, he spearheaded a community effort to prevent demolition of this last remaining immigrant-era synagogue, and then to acquire, restore and preserve it as Boston\\u2019s Jewish historic site. He was the first president of the Vilna Center for Jewish Heritage, Inc., for seven years, its Clerk for four years, and Board member for 17 years.\\n\\nMore recently he has taken up flyfishing; he was recently elected president of the Greater Boston Chapter of Trout Unlimited. David is married and has two grown children and two grandchildren. His wife Marilyn taught Constitutional Law at Tufts University, where she is now professor emeritus.\", \"City State Zip\": \"Boston, MA 02111\", \"Display name\": \"David Glater\", \"Member Since\": \"2008\", \"Email\": \"dsglater@gmail.com\"}", "Phone": "617-523-1841", "Last Name": "Glater", "Photo": "", "Address": "151 Tremont St., Apt. 8E", "Current Status": "Active Member", "First Name": "David", "Bio Information": "David Glater was born and raised in Schenectady, NY. After graduating from Yale College and Yale Law School, he clerked for the Massachusetts Superior Court, and stayed on for another year to oversee this clerkship program as its Chief Law Clerk. After this clerkship, David joined the staff of the US DOT\u2019s Transportation Systems Center in Cambridge as its first Legal Policy Analyst. Later he moved to the Center\u2019s Office of Chief Counsel, where he became expert in laws governing federal contracting for R&D. He was selected as the Center\u2019s Chief Counsel in 1984, and retired from this position in June 2006. During this time, his Federal procurement expertise led to a part-time assignment as Special Assistant US Attorney working on Big Dig-related claims.\n\nWhen the old Vilna Shul was padlocked on the eve of the Jewish New Year in 1984, he spearheaded a community effort to prevent demolition of this last remaining immigrant-era synagogue, and then to acquire, restore and preserve it as Boston\u2019s Jewish historic site. He was the first president of the Vilna Center for Jewish Heritage, Inc., for seven years, its Clerk for four years, and Board member for 17 years.\n\nMore recently he has taken up flyfishing; he was recently elected president of the Greater Boston Chapter of Trout Unlimited. David is married and has two grown children and two grandchildren. His wife Marilyn taught Constitutional Law at Tufts University, where she is now professor emeritus.", "City State Zip": "Boston, MA 02111", "Display name": "David Glater", "Member Since": "2008", "Email": "dsglater@gmail.com"}
