{"SafeDict": "{\"Phone\": \"781-271-9799\", \"Last Name\": \"Rosen\", \"Photo\": \"\", \"Address\": \"12 Hawthorne Lane\", \"Current Status\": \"2000\", \"First Name\": \"David\", \"Bio Information\": \"I grew up in New York City (and still root for the New York Yankees, much to my grandsons' dismay). I received my BS and MS degrees in chemical engineering from MIT in 1959, and an MBA from Boston College in 1972.\\n\\nI spent my entire career in engineering, first directly practicing my profession, and then handling various technical management positions. My career included designing, commissioning, and improving operations of polymer manufacturing plants, textile manufacturing plants, and medical device production facilities in the US, Western Europe, the Far East, Southeast Asia, Mexico and Brazil.\\n\\nI retired in 1995 as the Director of Engineering, but that proved to be short lived when I began consulting for several companies in the medical device field. I retired permanently in mid-1998.\\n\\nSince retiring, my wife Krana and I have continued to travel, and expect to keep doing so even after the frequent flyer miles are depleted.  In my spare time, I am having more fun than I could ever imagine, spoiling my grandchildren, playing tennis and golf, and looking forward to \\\"hitting the books\\\" at HILR.\", \"City State Zip\": \"Bedford, Mass. 01730\", \"Display name\": \"David Rosen\", \"Member Since\": \"2000\", \"Email\": \"davidkrana@verizon.net\"}", "Phone": "781-271-9799", "Last Name": "Rosen", "Photo": "", "Address": "12 Hawthorne Lane", "Current Status": "2000", "First Name": "David", "Bio Information": "I grew up in New York City (and still root for the New York Yankees, much to my grandsons' dismay). I received my BS and MS degrees in chemical engineering from MIT in 1959, and an MBA from Boston College in 1972.\n\nI spent my entire career in engineering, first directly practicing my profession, and then handling various technical management positions. My career included designing, commissioning, and improving operations of polymer manufacturing plants, textile manufacturing plants, and medical device production facilities in the US, Western Europe, the Far East, Southeast Asia, Mexico and Brazil.\n\nI retired in 1995 as the Director of Engineering, but that proved to be short lived when I began consulting for several companies in the medical device field. I retired permanently in mid-1998.\n\nSince retiring, my wife Krana and I have continued to travel, and expect to keep doing so even after the frequent flyer miles are depleted.  In my spare time, I am having more fun than I could ever imagine, spoiling my grandchildren, playing tennis and golf, and looking forward to \"hitting the books\" at HILR.", "City State Zip": "Bedford, Mass. 01730", "Display name": "David Rosen", "Member Since": "2000", "Email": "davidkrana@verizon.net"}
