{"SafeDict": "{\"Phone\": \"(617) 281-0976\", \"Last Name\": \"Weiss\", \"Photo\": \"\", \"Address\": \"32 Clovelly Rd.\", \"Current Status\": \"2012\", \"First Name\": \"Deborah Jackson\", \"Bio Information\": \"In 2002 after nearly thirty years as an employee benefits lawyer, Debby retired early from being a partner at Ropes & Gray to pursue non-legal interests. After several years which involved managing her aging parents\\u2019 end-of-life care and also two years of very satisfying membership in HILR, she decided that she had failed at retirement and pursued a library science degree at Simmons. She then worked as a librarian at the Harvard Law School Library for six years and has now given retirement a second chance. In addition to participation in HILR, she now volunteers for Newton at Home (an organization designed to help Newton residents remain in their homes as they age), knits obsessively and travels with her husband, Scott, who is a Harvard Medical School professor.\\nA native of the Boston area, Debby is a graduate of Bryn Mawr College (BA, Political Science), and also holds a MA in History and a JD in law in addition to her library degree. She and Scott live in Newton and have two grown sons, a wonderful daughter-in-law, and a perfect grandson, all of whom, regrettably, live out of state.\\nDelighted to once again be a member of HILR, Debby is interested in history, literature and film, and she looks forward to becoming acquainted with HILR members.\\n   \", \"City State Zip\": \"Chestnut Hill, MA. 02467\", \"Display name\": \"Deborah Jackson Weiss\", \"Member Since\": \"2012\", \"Email\": \"djweiss32@gmail.com\"}", "Phone": "(617) 281-0976", "Last Name": "Weiss", "Photo": "", "Address": "32 Clovelly Rd.", "Current Status": "2012", "First Name": "Deborah Jackson", "Bio Information": "In 2002 after nearly thirty years as an employee benefits lawyer, Debby retired early from being a partner at Ropes & Gray to pursue non-legal interests. After several years which involved managing her aging parents\u2019 end-of-life care and also two years of very satisfying membership in HILR, she decided that she had failed at retirement and pursued a library science degree at Simmons. She then worked as a librarian at the Harvard Law School Library for six years and has now given retirement a second chance. In addition to participation in HILR, she now volunteers for Newton at Home (an organization designed to help Newton residents remain in their homes as they age), knits obsessively and travels with her husband, Scott, who is a Harvard Medical School professor.\nA native of the Boston area, Debby is a graduate of Bryn Mawr College (BA, Political Science), and also holds a MA in History and a JD in law in addition to her library degree. She and Scott live in Newton and have two grown sons, a wonderful daughter-in-law, and a perfect grandson, all of whom, regrettably, live out of state.\nDelighted to once again be a member of HILR, Debby is interested in history, literature and film, and she looks forward to becoming acquainted with HILR members.\n   ", "City State Zip": "Chestnut Hill, MA. 02467", "Display name": "Deborah Jackson Weiss", "Member Since": "2012", "Email": "djweiss32@gmail.com"}
