{"SafeDict": "{\"Phone\": \"(781) 934-5071\", \"Last Name\": \"Bornheimer\", \"Photo\": \"\", \"Address\": \"76 Upland Road\", \"Current Status\": \"Active Member\", \"First Name\": \"Deborah\", \"Bio Information\": \"Born at Mt. Auburn Hospital along the banks of the Charles River, Deborah spent her college and law school years along the river as well, graduating from Harvard College and Boston University School of Law. For many years she was Chairman and CEO of a family real estate development company that built and managed major aviation facilities at airports in Massachusetts, New Hampshire, Florida, Texas and Virginia. She has served on library regulatory and advocacy boards at the local, state and national level, including a seven-year gubernatorial appointment to the MA Board of Library Commissioners. Presently she is counsel to a general practice South Shore law firm, where she specializes in real estate and estate planning. She also serves on several for profit and nonprofit boards, including the Senior Lawyers for Justice Program of the Boston Bar Association, and the Boston Athenaeum, a lifelong love. Deborah lives in Duxbury, where she enjoys swimming, biking, walking and rowing with a crew team out of Duxbury Bay Maritime School.\", \"City State Zip\": \"Duxbury, MA 02332\", \"Display name\": \"Deborah Bornheimer\", \"Member Since\": \"2009\", \"Email\": \"hillmgt@aol.com\"}", "Phone": "(781) 934-5071", "Last Name": "Bornheimer", "Photo": "", "Address": "76 Upland Road", "Current Status": "Active Member", "First Name": "Deborah", "Bio Information": "Born at Mt. Auburn Hospital along the banks of the Charles River, Deborah spent her college and law school years along the river as well, graduating from Harvard College and Boston University School of Law. For many years she was Chairman and CEO of a family real estate development company that built and managed major aviation facilities at airports in Massachusetts, New Hampshire, Florida, Texas and Virginia. She has served on library regulatory and advocacy boards at the local, state and national level, including a seven-year gubernatorial appointment to the MA Board of Library Commissioners. Presently she is counsel to a general practice South Shore law firm, where she specializes in real estate and estate planning. She also serves on several for profit and nonprofit boards, including the Senior Lawyers for Justice Program of the Boston Bar Association, and the Boston Athenaeum, a lifelong love. Deborah lives in Duxbury, where she enjoys swimming, biking, walking and rowing with a crew team out of Duxbury Bay Maritime School.", "City State Zip": "Duxbury, MA 02332", "Display name": "Deborah Bornheimer", "Member Since": "2009", "Email": "hillmgt@aol.com"}
