{"SafeDict": "{\"Phone\": \"(646) 823-8840\", \"Last Name\": \"Mayer\", \"Photo\": \"\", \"Address\": \"1 Charles St. South\", \"Current Status\": \"Active\", \"First Name\": \"Diana\", \"Bio Information\": \"In her business career, she held leadership positions at Citigroup, American Express, and Goldman Sachs and also served as strategic advisor to financial industry clients. She has experience in investment management and leadership development.\\nIn her teaching career, she focused on developing leaders who contribute social and environmental value as well as economic value. From 2007 to 2012, she was an adjunct professor at the NYU Stern School of Business where she taught Authentic Leadership Development, a course that she helped to develop at Harvard Business School.\\nShe now lives in Boston after working in New York City and Philadelphia. She is a graduate of Wellesley College and Harvard Business School. She enjoys skiing and sailing, along with interests in health policy, education, and music.\", \"City State Zip\": \"Boston, MA, 02116-5460\", \"Display name\": \"Diana Mayer\", \"Member Since\": \"Spring 2014\", \"Email\": \"dianakmayer@msn.com\"}", "Phone": "(646) 823-8840", "Last Name": "Mayer", "Photo": "", "Address": "1 Charles St. South", "Current Status": "Active", "First Name": "Diana", "Bio Information": "In her business career, she held leadership positions at Citigroup, American Express, and Goldman Sachs and also served as strategic advisor to financial industry clients. She has experience in investment management and leadership development.\nIn her teaching career, she focused on developing leaders who contribute social and environmental value as well as economic value. From 2007 to 2012, she was an adjunct professor at the NYU Stern School of Business where she taught Authentic Leadership Development, a course that she helped to develop at Harvard Business School.\nShe now lives in Boston after working in New York City and Philadelphia. She is a graduate of Wellesley College and Harvard Business School. She enjoys skiing and sailing, along with interests in health policy, education, and music.", "City State Zip": "Boston, MA, 02116-5460", "Display name": "Diana Mayer", "Member Since": "Spring 2014", "Email": "dianakmayer@msn.com"}
