{"SafeDict": "{\"Phone\": \"\", \"Last Name\": \"Lapkin\", \"Photo\": \"\", \"Address\": \"\", \"Current Status\": \"Active Member\", \"First Name\": \"Diane\", \"Bio Information\": \"Diane Lapkin joins the Harvard program after retiring in January, 2009 from her position as Provost and Vice-president of Academic Affairs at Salem State University in Salem, Massachusetts. In this role  Diane was responsible for the entire academic operation of the institution, a challenge she met with energy and enthusiasm. Prior to becoming Provost, she served as the dean of the Schools of Human Services at the College. Here she had leadership responsibilities for the Schools of Education, Nursing, and Social Work and the Departments of Criminal Justice and Occupational Therapy.\\n\\nDiane graduated with a Bachelor of Science Degree in Nursing from Columbia University. She holds a Masters in Psychiatric Nursing from the University of Rhode Island and a Doctorate in Higher Education Administration from Boston University. During her academic career she has both published and presented papers at national and international conferences on a variety of topics, most recently on leadership, professional development for faculty and strategic planning. She has also served on several boards for non-profit entities.\\n\\nDiane lives in Boston with her husband Milton who holds a PhD in chemistry and is retired from his position as Director of Research for an international chemical company.  The Lapkins have three married children, two daughters and a son, and have six grandchildren; four boys and two girls, ranging in age from ten to eighteen.\\n\\nDiane and her husband have traveled extensively and enjoy in-depth learning about other cultures.Most recently they have been to India,Peru and China and South Africa.. In addition, Diane has a wide range of interests, film, art, theater, music, dance and reading great fiction. She is passionate about wonderful food and wine also enjoys tennis, hitting the gym and most recently has become a struggling beginner golfer.\", \"City State Zip\": \"\", \"Display name\": \"Diane Lapkin\", \"Member Since\": \"2009\", \"Email\": \"drlapkin@comcast.net\"}", "Phone": "", "Last Name": "Lapkin", "Photo": "", "Address": "", "Current Status": "Active Member", "First Name": "Diane", "Bio Information": "Diane Lapkin joins the Harvard program after retiring in January, 2009 from her position as Provost and Vice-president of Academic Affairs at Salem State University in Salem, Massachusetts. In this role  Diane was responsible for the entire academic operation of the institution, a challenge she met with energy and enthusiasm. Prior to becoming Provost, she served as the dean of the Schools of Human Services at the College. Here she had leadership responsibilities for the Schools of Education, Nursing, and Social Work and the Departments of Criminal Justice and Occupational Therapy.\n\nDiane graduated with a Bachelor of Science Degree in Nursing from Columbia University. She holds a Masters in Psychiatric Nursing from the University of Rhode Island and a Doctorate in Higher Education Administration from Boston University. During her academic career she has both published and presented papers at national and international conferences on a variety of topics, most recently on leadership, professional development for faculty and strategic planning. She has also served on several boards for non-profit entities.\n\nDiane lives in Boston with her husband Milton who holds a PhD in chemistry and is retired from his position as Director of Research for an international chemical company.  The Lapkins have three married children, two daughters and a son, and have six grandchildren; four boys and two girls, ranging in age from ten to eighteen.\n\nDiane and her husband have traveled extensively and enjoy in-depth learning about other cultures.Most recently they have been to India,Peru and China and South Africa.. In addition, Diane has a wide range of interests, film, art, theater, music, dance and reading great fiction. She is passionate about wonderful food and wine also enjoys tennis, hitting the gym and most recently has become a struggling beginner golfer.", "City State Zip": "", "Display name": "Diane Lapkin", "Member Since": "2009", "Email": "drlapkin@comcast.net"}
