{"SafeDict": "{\"Phone\": \"617-225-2123\", \"Last Name\": \"McDermott\", \"Photo\": \"\", \"Address\": \"83 Cambridge Parkway\", \"Current Status\": \"Cambridge, MA 02142\", \"First Name\": \"Diane\", \"Bio Information\": \"Diane McDermott is a native New Yorker (Manhattan), but moved to the suburbs to accommodate Jim's job and to raise a family. A product of city schools, including college (Hunter), she received her JD from Pace Law School when her children were about to leave the nest. After helping to revise the local school system, and local politics, she and her husband embarked upon a plan to travel, both throughout the United States and the rest of the world. This was greatly facilitated when Jim retired from IBM and became a part-time business consultant, and by moving to Cambridge, leaving suburbia far behind.\\n\\nWhen not home and cooking up a storm in Cambridge, they flee to Cape Cod and cook up a storm for all the kids and grand kids and friends and relations, and try to keep up with what is going on in the world of politics, art and literature.\", \"City State Zip\": \"Cambridge, MA 02142\", \"Display name\": \"Diane McDermott\", \"Member Since\": \"Cambridge, MA 02142\", \"Email\": \"dianehardman@yahoo.com\"}", "Phone": "617-225-2123", "Last Name": "McDermott", "Photo": "", "Address": "83 Cambridge Parkway", "Current Status": "Cambridge, MA 02142", "First Name": "Diane", "Bio Information": "Diane McDermott is a native New Yorker (Manhattan), but moved to the suburbs to accommodate Jim's job and to raise a family. A product of city schools, including college (Hunter), she received her JD from Pace Law School when her children were about to leave the nest. After helping to revise the local school system, and local politics, she and her husband embarked upon a plan to travel, both throughout the United States and the rest of the world. This was greatly facilitated when Jim retired from IBM and became a part-time business consultant, and by moving to Cambridge, leaving suburbia far behind.\n\nWhen not home and cooking up a storm in Cambridge, they flee to Cape Cod and cook up a storm for all the kids and grand kids and friends and relations, and try to keep up with what is going on in the world of politics, art and literature.", "City State Zip": "Cambridge, MA 02142", "Display name": "Diane McDermott", "Member Since": "Cambridge, MA 02142", "Email": "dianehardman@yahoo.com"}
