{"SafeDict": "{\"Phone\": \"781-862-1290\", \"Last Name\": \"Evans\", \"Photo\": \"\", \"Address\": \"36 Vaille Avenue\", \"Current Status\": \"Lexington, MA 02421\", \"First Name\": \"Richard\", \"Bio Information\": \"Richard Payne Evans\\nBio\\n\\u201cI can promise to be sincere, but not to be impartial.\\u201d Goethe\\nDick Evans grew up in the Boston area and southeastern Vermont.  He graduated from Boston University with a BFA degree and Harvard University with a EdM degree.  \\nHe has worked in retailing, industry, professional services, and higher education.  In much of this work he has concentrated his efforts to bringing human resources to a more valued place in the life of organizations.  As a corporate director, management consultant, a university lecturer he celebrated the human side of organizational life.  The range of organizational involvement spanned small family owned operations to large publically traded conglomerates.  Some were for profit and others were non profit.  Some were local and others international.  However, they all had to wrestle with their human capital and solve people problems and issues.  In his retirement that work continues as he is pursuing research in human resources management and serving on an advisory committee to the Board of Selectmen in the community where he lives.\\n His recent retirement has allowed the Dick to follow his late acquired passion for golf.  When the weather permits one is likely to find him at a golf course attempting to become competent at this impossible sport.   Spurred on by hitting a hole-in-one in his first five years playing he is now competing in several golf leagues.  This activity is encouraged by his wife who is a very experienced and enthusiastic golfer, herself.  They are frequently on the links together.\\nDick is married to Charlotte Holmquist Evans and they enjoy two adult children and five granddaughters.\\n\\u201cIf music be the food of love, play on.\\u201d  W. Shakespeare, Charlotte and Dick will be listening.  Both concert music and jazz flow through their lives with great constancy. \", \"City State Zip\": \"Lexington, MA 02421\", \"Display name\": \"Dick Evans\", \"Member Since\": \"Lexington, MA 02421\", \"Email\": \"rpesnave@aol.com\"}", "Phone": "781-862-1290", "Last Name": "Evans", "Photo": "", "Address": "36 Vaille Avenue", "Current Status": "Lexington, MA 02421", "First Name": "Richard", "Bio Information": "Richard Payne Evans\nBio\n\u201cI can promise to be sincere, but not to be impartial.\u201d Goethe\nDick Evans grew up in the Boston area and southeastern Vermont.  He graduated from Boston University with a BFA degree and Harvard University with a EdM degree.  \nHe has worked in retailing, industry, professional services, and higher education.  In much of this work he has concentrated his efforts to bringing human resources to a more valued place in the life of organizations.  As a corporate director, management consultant, a university lecturer he celebrated the human side of organizational life.  The range of organizational involvement spanned small family owned operations to large publically traded conglomerates.  Some were for profit and others were non profit.  Some were local and others international.  However, they all had to wrestle with their human capital and solve people problems and issues.  In his retirement that work continues as he is pursuing research in human resources management and serving on an advisory committee to the Board of Selectmen in the community where he lives.\n His recent retirement has allowed the Dick to follow his late acquired passion for golf.  When the weather permits one is likely to find him at a golf course attempting to become competent at this impossible sport.   Spurred on by hitting a hole-in-one in his first five years playing he is now competing in several golf leagues.  This activity is encouraged by his wife who is a very experienced and enthusiastic golfer, herself.  They are frequently on the links together.\nDick is married to Charlotte Holmquist Evans and they enjoy two adult children and five granddaughters.\n\u201cIf music be the food of love, play on.\u201d  W. Shakespeare, Charlotte and Dick will be listening.  Both concert music and jazz flow through their lives with great constancy. ", "City State Zip": "Lexington, MA 02421", "Display name": "Dick Evans", "Member Since": "Lexington, MA 02421", "Email": "rpesnave@aol.com"}
