{"SafeDict": "{\"Phone\": \"617-826-9665\", \"Last Name\": \"Rubinstein\", \"Photo\": \"\", \"Address\": \"7 Addison Street\", \"Current Status\": \"2008\", \"First Name\": \"Richard\", \"Bio Information\": \"At age 9, I decided to be a physicist. The world was happy to support this aspiration, since shortly thereafter the Russians launched Sputnik. My career didn\\u2019t play out that way, because at Caltech I found that modern physics is no longer about the visceral and palpable, but the abstract and mathematical. But I've retained a strong interest in science, completing my BS degree at Caltech in Engineering, and then a PhD in Social Sciences at UC Irvine.\\nWhat does such an education qualify me for? For some years I explored working in computer art, computers in education, computer-aided problem solving. My eventual answer was user interface design: designing technology from the outside in\\u2014from people, their abilities, knowledge, and needs\\u2014to create software and gizmos that work, solve problems, and make sense to users.\\nI have worked at high-tech companies, including Bolt Beranek and Newman, Digital Equipment Corporation, Sun Microsystems, Human Factors International, and a couple of high-tech startups.\\nMy husband, Eric Kurtz, died in February 2009. He and I joined HILR together, and were very active in the Technology Committee and in other ways. He and I loved to travel. I've traveled extensively for business (often joined by Eric) and pleasure, mostly in Europe, Asia, and the Americas. My two kids live in Colorado and New Mexico. My son is a poet and has a son, and my daughter is the businesswoman of the family. She and her wife have a dog. On Eric's side, I have three more children and seven grandchildren, spread all over the world.\\nMy partner of 6 years is John Morrel, who is an HILR member. Between us, we have quite an extended family. That's a total of eleven grandchildren, not counting John's step grandchildren! We've traveled to Asia (Bhutan & Thailand) and Europe (Holland, France & Italy). Either of us will be pleased to show you some of the pictures!\\nI have many hobbies, maybe too many. I love to make things, especially with wood. I\\u2019m active in community theatre, making props and sets for various productions. I\\u2019ve also done sound, lighting, and a little acting. Ask me to put you on my theatre notification list for productions that I work on. \\nI get a buzz from problem solving. I like interpreting and simplifying technology for others, and so I am frequently a consultant to friends and organizations. This is why I'm active in the HILR Tech Committee. and why I lead seminars on technology topics. My recent courses include The Amazing iPad (with Judy Uhl), Dystopia in Film (with Rick Landau), 3D Printers (and more) for Artists and Craftspeople, and Technology Futures (also with Rick Landau).\", \"City State Zip\": \"Arlington, MA 02476-8107\", \"Display name\": \"Dick Rubinstein\", \"Member Since\": \"2008\", \"Email\": \"dickr@mac.com\"}", "Phone": "617-826-9665", "Last Name": "Rubinstein", "Photo": "", "Address": "7 Addison Street", "Current Status": "2008", "First Name": "Richard", "Bio Information": "At age 9, I decided to be a physicist. The world was happy to support this aspiration, since shortly thereafter the Russians launched Sputnik. My career didn\u2019t play out that way, because at Caltech I found that modern physics is no longer about the visceral and palpable, but the abstract and mathematical. But I've retained a strong interest in science, completing my BS degree at Caltech in Engineering, and then a PhD in Social Sciences at UC Irvine.\nWhat does such an education qualify me for? For some years I explored working in computer art, computers in education, computer-aided problem solving. My eventual answer was user interface design: designing technology from the outside in\u2014from people, their abilities, knowledge, and needs\u2014to create software and gizmos that work, solve problems, and make sense to users.\nI have worked at high-tech companies, including Bolt Beranek and Newman, Digital Equipment Corporation, Sun Microsystems, Human Factors International, and a couple of high-tech startups.\nMy husband, Eric Kurtz, died in February 2009. He and I joined HILR together, and were very active in the Technology Committee and in other ways. He and I loved to travel. I've traveled extensively for business (often joined by Eric) and pleasure, mostly in Europe, Asia, and the Americas. My two kids live in Colorado and New Mexico. My son is a poet and has a son, and my daughter is the businesswoman of the family. She and her wife have a dog. On Eric's side, I have three more children and seven grandchildren, spread all over the world.\nMy partner of 6 years is John Morrel, who is an HILR member. Between us, we have quite an extended family. That's a total of eleven grandchildren, not counting John's step grandchildren! We've traveled to Asia (Bhutan & Thailand) and Europe (Holland, France & Italy). Either of us will be pleased to show you some of the pictures!\nI have many hobbies, maybe too many. I love to make things, especially with wood. I\u2019m active in community theatre, making props and sets for various productions. I\u2019ve also done sound, lighting, and a little acting. Ask me to put you on my theatre notification list for productions that I work on. \nI get a buzz from problem solving. I like interpreting and simplifying technology for others, and so I am frequently a consultant to friends and organizations. This is why I'm active in the HILR Tech Committee. and why I lead seminars on technology topics. My recent courses include The Amazing iPad (with Judy Uhl), Dystopia in Film (with Rick Landau), 3D Printers (and more) for Artists and Craftspeople, and Technology Futures (also with Rick Landau).", "City State Zip": "Arlington, MA 02476-8107", "Display name": "Dick Rubinstein", "Member Since": "2008", "Email": "dickr@mac.com"}
