{"SafeDict": "{\"Phone\": \"\", \"Last Name\": \"Barlow\", \"Photo\": \"\", \"Address\": \"\", \"Current Status\": \"Active Member\", \"First Name\": \"Dinah\", \"Bio Information\": \"Dinah grew up in Andover, Massachusetts, as the daughter of an English professor and drama coach, where she got a healthy dose of both subjects and much more. She went on to Smith College, briefly, then to Bradford College. After several years of working at museums in Boston and New York, interrupted by two years of living in Germany and Spain, she decided to study for the valued college degree (BS, 1968, Columbia University, majoring in anthropology and linguistics). New York City was thrilling in the 60s, particularly in the art world.\\n\\nIn the early 70s, she married and moved to Connecticut, and began raising two sons, now ages 34 and 35. In the early 80s, she worked at Yale University, then returned to her native grounds in Milton, Massachusetts, where her children went to school and were actively engaged in every sport imaginable. Hockey mom personified! Finally, in 1990, it was time to move from the burbs back to the ever-enriching life in Cambridge. By this time she was engaged in her new profession as a fundraiser. She raised major gifts for Walnut Hill School, the Museum of Fine Arts, and Harvard Divinity School, followed by some independent consulting for small non-profits. During these jobs, she traveled extensively throughout the United States.\\n\\nHer retirement from fundraising in 2001 was followed by a year off doing Buddhist retreats in Massachusetts and France, and living for six months in the Dordogne. Not one to be idle, she then undertook an 18-month training as a massage therapist and now has an active practice at her home in Cambridge, specializing in craniosacral and geriatric body therapy. She serves on the board of three organizations. Other interests include travel, photography, sailing, tennis, cooking and reading.\", \"City State Zip\": \"\", \"Display name\": \"Dinah Barlow\", \"Member Since\": \"2009\", \"Email\": \"dhbarlow@gmail.com\"}", "Phone": "", "Last Name": "Barlow", "Photo": "", "Address": "", "Current Status": "Active Member", "First Name": "Dinah", "Bio Information": "Dinah grew up in Andover, Massachusetts, as the daughter of an English professor and drama coach, where she got a healthy dose of both subjects and much more. She went on to Smith College, briefly, then to Bradford College. After several years of working at museums in Boston and New York, interrupted by two years of living in Germany and Spain, she decided to study for the valued college degree (BS, 1968, Columbia University, majoring in anthropology and linguistics). New York City was thrilling in the 60s, particularly in the art world.\n\nIn the early 70s, she married and moved to Connecticut, and began raising two sons, now ages 34 and 35. In the early 80s, she worked at Yale University, then returned to her native grounds in Milton, Massachusetts, where her children went to school and were actively engaged in every sport imaginable. Hockey mom personified! Finally, in 1990, it was time to move from the burbs back to the ever-enriching life in Cambridge. By this time she was engaged in her new profession as a fundraiser. She raised major gifts for Walnut Hill School, the Museum of Fine Arts, and Harvard Divinity School, followed by some independent consulting for small non-profits. During these jobs, she traveled extensively throughout the United States.\n\nHer retirement from fundraising in 2001 was followed by a year off doing Buddhist retreats in Massachusetts and France, and living for six months in the Dordogne. Not one to be idle, she then undertook an 18-month training as a massage therapist and now has an active practice at her home in Cambridge, specializing in craniosacral and geriatric body therapy. She serves on the board of three organizations. Other interests include travel, photography, sailing, tennis, cooking and reading.", "City State Zip": "", "Display name": "Dinah Barlow", "Member Since": "2009", "Email": "dhbarlow@gmail.com"}
