{"SafeDict": "{\"Phone\": \"781-861-6064\", \"Last Name\": \"Patel\", \"Photo\": \"\", \"Address\": \"22 Brent Road\", \"Current Status\": \"New Member\", \"First Name\": \"Dinesh\", \"Bio Information\": \"New Member\", \"City State Zip\": \"Lexington, MA. 02420\", \"Display name\": \"Dinesh Patel\", \"Member Since\": \"Spring 2015\", \"Email\": \"dgpatel@mgh.harvard.edu\"}", "Phone": "781-861-6064", "Last Name": "Patel", "Photo": "", "Address": "22 Brent Road", "Current Status": "New Member", "First Name": "Dinesh", "Bio Information": "New Member", "City State Zip": "Lexington, MA. 02420", "Display name": "Dinesh Patel", "Member Since": "Spring 2015", "Email": "dgpatel@mgh.harvard.edu"}
