{"SafeDict": "{\"Phone\": \"(617) 484-4298\", \"Last Name\": \"Murphy\", \"Photo\": \"\", \"Address\": \"(617) 484-4298\", \"Current Status\": \"2006\", \"First Name\": \"Dolores\", \"Bio Information\": \"Dolores Murphy is a graduate of Mount Holyoke College and of Boston College Graduate School of Education. She was an elementary school teacher, a wife and mother during her early years. She owned and operated Broadway Development Corporation, a property management company, during her middle years; and devoted later mid-life to providing care and comfort to her husband who suffered from Alzheimer\\u2019s disease. She has written a yet unpublished book, The Married Widow, documenting this stage of her life.\\n\\nNow, in this wonderful later phase of living, she volunteers at Mount Auburn Hospital and is active in local LIR programs. She is passionate about the theater, traveling, writing, and her family. Learning in an academic setting has been the thread that has tied the many strands of her life together. Living close to Cambridge made taking courses over the years both easy and enticing. She looks forward to pursuing her lifelong intellectual quest into a scholarly retirement.\", \"City State Zip\": \"(617) 484-4298\", \"Display name\": \"Dolores Murphy\", \"Member Since\": \"2006\", \"Email\": \"dolomurphy8@comcast.net\"}", "Phone": "(617) 484-4298", "Last Name": "Murphy", "Photo": "", "Address": "(617) 484-4298", "Current Status": "2006", "First Name": "Dolores", "Bio Information": "Dolores Murphy is a graduate of Mount Holyoke College and of Boston College Graduate School of Education. She was an elementary school teacher, a wife and mother during her early years. She owned and operated Broadway Development Corporation, a property management company, during her middle years; and devoted later mid-life to providing care and comfort to her husband who suffered from Alzheimer\u2019s disease. She has written a yet unpublished book, The Married Widow, documenting this stage of her life.\n\nNow, in this wonderful later phase of living, she volunteers at Mount Auburn Hospital and is active in local LIR programs. She is passionate about the theater, traveling, writing, and her family. Learning in an academic setting has been the thread that has tied the many strands of her life together. Living close to Cambridge made taking courses over the years both easy and enticing. She looks forward to pursuing her lifelong intellectual quest into a scholarly retirement.", "City State Zip": "(617) 484-4298", "Display name": "Dolores Murphy", "Member Since": "2006", "Email": "dolomurphy8@comcast.net"}
