{"SafeDict": "{\"Phone\": \"617-923-2855\", \"Last Name\": \"Bashline\", \"Photo\": \"\", \"Address\": \"38 Carver Road East\", \"Current Status\": \"Active Member\", \"First Name\": \"Don\", \"Bio Information\": \"Don Bashline was born and raised in Queens, NY. He graduated from C. W. Post College with a major in mathematics, and, after a few years of intermittent, productive drifting, became an actuary. Don worked for several insurance companies and regulatory agencies, and more recently as an independent consultant.\\n\\nDon has always been interested in both the mathematical and psychological aspects of risk taking, and has applied that interest in various ways over the years as an investor, gambler and entrepreneur. He reads widely (this summer learning about Spinoza and rereading Haruki Murakami), listens to many kinds of music, and is a student of comic art.\\n\\nHe has been a New York Mets fan since their inception in 1962, and still participates in sports as a runner (two marathons, many shorter races) despite his crumbling knees. He has in recent years been roused from a long political hibernation. Don is excited to be a new member of the HILR community.\", \"City State Zip\": \"Watertown MA 02472-1314\", \"Display name\": \"Don Bashline\", \"Member Since\": \"2006\", \"Email\": \"dbashline@gmail.com\"}", "Phone": "617-923-2855", "Last Name": "Bashline", "Photo": "", "Address": "38 Carver Road East", "Current Status": "Active Member", "First Name": "Don", "Bio Information": "Don Bashline was born and raised in Queens, NY. He graduated from C. W. Post College with a major in mathematics, and, after a few years of intermittent, productive drifting, became an actuary. Don worked for several insurance companies and regulatory agencies, and more recently as an independent consultant.\n\nDon has always been interested in both the mathematical and psychological aspects of risk taking, and has applied that interest in various ways over the years as an investor, gambler and entrepreneur. He reads widely (this summer learning about Spinoza and rereading Haruki Murakami), listens to many kinds of music, and is a student of comic art.\n\nHe has been a New York Mets fan since their inception in 1962, and still participates in sports as a runner (two marathons, many shorter races) despite his crumbling knees. He has in recent years been roused from a long political hibernation. Don is excited to be a new member of the HILR community.", "City State Zip": "Watertown MA 02472-1314", "Display name": "Don Bashline", "Member Since": "2006", "Email": "dbashline@gmail.com"}
