{"SafeDict": "{\"Phone\": \"(617) 492-6599\", \"Last Name\": \"Freeman\", \"Photo\": \"\", \"Address\": \"232 Summit Avenue #202\", \"Current Status\": \"2013\", \"First Name\": \"Donald\", \"Bio Information\": \"Childhood, college, graduation, confusion, graduate school, naval officer candidate school, naval intelligence, Korean war, China, Southeast Asia, CIA, Hawaii, married, Graduate School of Design, teaching fellow inArchitectural History and Theory of Urban Design, son, graduation, Henry Adams Award, architect, urban designer, The Architects Collaborative,  Italy, Harvard Wheelwright Traveling Fellowship, adjunct American Academy Rome, euphoria, Harvard, Assistant Professor GSD and faculty FAS,  University Lecturer Visual and Environmental Studies, core courseForm Giving Process in the Visual Environment,joint seminar with poet I. A. RichardsVisual and Verbal Communication,advanced seminarsVisual Aspects of Urban Form,Photographic Documentation of the Urban Environment, Theories of Visual Perception,Director of Exhibitions Carpenter Center,Writing\\u2013the Process and the Image, Musical Instruments\\u2013the Shape of Sound, Physics\\u2013Science and Art, LeCorbusier\\u2013a retrospective,exhibition installation Fogg MuseumRembrandt\\u2013the Image of Christ, exhibition and catalogChina\\u2019s Inner Asian Frontiers\\u2013Photographs from the Wulsin Expedition to Northwest China in 1923Peabody Museum of Archaeology and Ethnology,  World War II Memorialaboard USS Massachusetts, Visiting Professor/Architectural Critic Washington University St. Louis, Yale School of Art+Architecture, Rhode Island School of Design, Architectural Association London, filmmaker, photographer, authorBoston Architecture, Cambridge Design Group, media/visual communications, divorced, Boston, architecture awards and prizes, historic  preservation and restoration, son at Harvard, Cambridge, Circolo Italiano di Boston, mid-career confusion, Harvard Business School Case Studies in the Administration of the Arts Program, Fogg Museum Directors course, Rome/Venice, Archimedia, president, projects, projects, projects, seminarOn TranslationWilliam Weaver at Boston University, Italian poetry translation, Visiting Scholar Graduate School of Education,Lectura DantisBoston College, Save Venice Boston Treasurer/Chairman, Tintoretto\\u2019sDepositionrestoration, VeroneseSaint Thomasfresco in Church of San Sebastiano restoration, Venice, bliss, new friend, good life, still confused, HILR\\n   \", \"City State Zip\": \"Brookline MA 02446\", \"Display name\": \"Donald Freeman\", \"Member Since\": \"2013\", \"Email\": \"archimedia1@aol.com\"}", "Phone": "(617) 492-6599", "Last Name": "Freeman", "Photo": "", "Address": "232 Summit Avenue #202", "Current Status": "2013", "First Name": "Donald", "Bio Information": "Childhood, college, graduation, confusion, graduate school, naval officer candidate school, naval intelligence, Korean war, China, Southeast Asia, CIA, Hawaii, married, Graduate School of Design, teaching fellow inArchitectural History and Theory of Urban Design, son, graduation, Henry Adams Award, architect, urban designer, The Architects Collaborative,  Italy, Harvard Wheelwright Traveling Fellowship, adjunct American Academy Rome, euphoria, Harvard, Assistant Professor GSD and faculty FAS,  University Lecturer Visual and Environmental Studies, core courseForm Giving Process in the Visual Environment,joint seminar with poet I. A. RichardsVisual and Verbal Communication,advanced seminarsVisual Aspects of Urban Form,Photographic Documentation of the Urban Environment, Theories of Visual Perception,Director of Exhibitions Carpenter Center,Writing\u2013the Process and the Image, Musical Instruments\u2013the Shape of Sound, Physics\u2013Science and Art, LeCorbusier\u2013a retrospective,exhibition installation Fogg MuseumRembrandt\u2013the Image of Christ, exhibition and catalogChina\u2019s Inner Asian Frontiers\u2013Photographs from the Wulsin Expedition to Northwest China in 1923Peabody Museum of Archaeology and Ethnology,  World War II Memorialaboard USS Massachusetts, Visiting Professor/Architectural Critic Washington University St. Louis, Yale School of Art+Architecture, Rhode Island School of Design, Architectural Association London, filmmaker, photographer, authorBoston Architecture, Cambridge Design Group, media/visual communications, divorced, Boston, architecture awards and prizes, historic  preservation and restoration, son at Harvard, Cambridge, Circolo Italiano di Boston, mid-career confusion, Harvard Business School Case Studies in the Administration of the Arts Program, Fogg Museum Directors course, Rome/Venice, Archimedia, president, projects, projects, projects, seminarOn TranslationWilliam Weaver at Boston University, Italian poetry translation, Visiting Scholar Graduate School of Education,Lectura DantisBoston College, Save Venice Boston Treasurer/Chairman, Tintoretto\u2019sDepositionrestoration, VeroneseSaint Thomasfresco in Church of San Sebastiano restoration, Venice, bliss, new friend, good life, still confused, HILR\n   ", "City State Zip": "Brookline MA 02446", "Display name": "Donald Freeman", "Member Since": "2013", "Email": "archimedia1@aol.com"}
