{"SafeDict": "{\"Phone\": \"\", \"Last Name\": \"Rickter\", \"Photo\": \"\", \"Address\": \"\", \"Current Status\": \"ARLINGTON, MA 02474\", \"First Name\": \"DON\", \"Bio Information\": \"Donald Rickter grew up on the Rickter Ranch in Davis, California and was the only member of his class in his one-room school. He went on to get his AB and MS at UC Davis, his high school teaching credentials, and after serving in the US Navy, AND marriage to Phyllis Carlson of Grand Rapids, Michigan, got his PhD in chemistry from Michigan State. \\nHe worked as a chemist and information manager for Polaroid in Cambridge for over 30 years, and finally retired in order to pursue his interests in international relations, conflict resolution, current events,writing, religion, and more science.\\nIt has been a privilege to learn and to lead classes at HILR.  The high points have been MEMOIR WRITING, CURRENT EVENTS, EVERYDAY SCIENCE, and HISTORY OF PHOTOGRAPHY.\", \"City State Zip\": \"ARLINGTON, MA 02474\", \"Display name\": \"Donald Rickter\", \"Member Since\": \"ARLINGTON, MA 02474\", \"Email\": \"rickter@rcn.com\"}", "Phone": "", "Last Name": "Rickter", "Photo": "", "Address": "", "Current Status": "ARLINGTON, MA 02474", "First Name": "DON", "Bio Information": "Donald Rickter grew up on the Rickter Ranch in Davis, California and was the only member of his class in his one-room school. He went on to get his AB and MS at UC Davis, his high school teaching credentials, and after serving in the US Navy, AND marriage to Phyllis Carlson of Grand Rapids, Michigan, got his PhD in chemistry from Michigan State. \nHe worked as a chemist and information manager for Polaroid in Cambridge for over 30 years, and finally retired in order to pursue his interests in international relations, conflict resolution, current events,writing, religion, and more science.\nIt has been a privilege to learn and to lead classes at HILR.  The high points have been MEMOIR WRITING, CURRENT EVENTS, EVERYDAY SCIENCE, and HISTORY OF PHOTOGRAPHY.", "City State Zip": "ARLINGTON, MA 02474", "Display name": "Donald Rickter", "Member Since": "ARLINGTON, MA 02474", "Email": "rickter@rcn.com"}
