{"SafeDict": "{\"Phone\": \"(617) 621-6017\", \"Last Name\": \"Putnoi\", \"Photo\": \"\", \"Address\": \"75 Cambridge Pkwy, 1206E\", \"Current Status\": \"2011\", \"First Name\": \"Donald\", \"Bio Information\": \"Since 1974 I have been practicing ophthalmology in the Boston area.\\nMy son, Eric, joined me five years ago and this has allowed me to practice on a part time basis.  Preparing for this career path started in Brooklyn where I had a classical public school education. My four years at Columbia College majoring in American History was followed by four years at Harvard Medical School.  Before starting my ophthalmology residency at the Massachusetts Eye and Ear Infirmary, I was a general medical officer on the Navajo Reservation near Monument Valley Arizona.\\nFran, my wife and I are excited to be new members of HILR. Besides my son Eric, I have a daughter Deborah, an artist. They both have two children.\\nMy interests are varied and range from traveling, music, reading, tennis and anything academically challenging. I have taught high school at private schools in New York and Massachusetts. I am on the faculty of Harvard and Tufts Medical School and I am a premedical tutor at one the houses at Harvard College.\\nAll through my life I met mentors, teachers and friends who have guided me. My biologic mother died when I was 6 months old and my father remarried when I was three. My biologic uncle essentially \\u2018home schooled\\u2019 me by way mail. He sent me annotated- age-appropriate copies of the great classics. Every month, I received books wrapped in brown paper bags until I graduated from high school. This guided tour of the classics stimulated my interest in literature as well as challenging my curiosity. My Advanced Biology teacher in high school assisted my research as a finalist in the Westinghouse Science Talent Finals. That award provided me with the opportunity to study at the Rockefeller Institute for Medical Research.\\nAt Columbia, I majored in American History courses taught by Richard Hofstadter, William Leuchtenburg, James P Shenton, Benjamin Wishy and my advisor Henry Graff. I also studied Russian foreign policy with Alexander Dallin and Zbigniew Bzezinski. My senior thesis concentrated on the surprise bombing of the USS Panay on the Yangtze River (a harbinger  of the attack on Pearl Harbor).\\nAt Harvard Medical School, I worked in Dr. George Thorn\\u2019s lab on the early endocrine study of steroids. I also became a member of the Bolyston Society, the oldest medical society in the United States.  My senior thesis was mentored by Dr. John Nemiah, Chairperson of Psychiatry at Massachusetts General Hospital. The topic of the paper was the history of the Evil Eye and Superstitions.\\nAt the Massachusetts Eye and Ear Infirmary, I was the Howe resident, which was the academic position in the residency at Harvard Medical School.\\nAt present I am tutoring 8th graders from the Boston school systems in an enrichment program at Beacon Academy. I have served in the past as an officer and Board member of my synagogue, my medical and opthalmologic societies and my hospital.\\nI look forward to meeting many of the members of HLIR and exploring with them interesting and challenging subjects.\", \"City State Zip\": \"Cambridge, MA 02142\", \"Display name\": \"Donald Putnoi\", \"Member Since\": \"2011\", \"Email\": \"deyeball@comcast.net\"}", "Phone": "(617) 621-6017", "Last Name": "Putnoi", "Photo": "", "Address": "75 Cambridge Pkwy, 1206E", "Current Status": "2011", "First Name": "Donald", "Bio Information": "Since 1974 I have been practicing ophthalmology in the Boston area.\nMy son, Eric, joined me five years ago and this has allowed me to practice on a part time basis.  Preparing for this career path started in Brooklyn where I had a classical public school education. My four years at Columbia College majoring in American History was followed by four years at Harvard Medical School.  Before starting my ophthalmology residency at the Massachusetts Eye and Ear Infirmary, I was a general medical officer on the Navajo Reservation near Monument Valley Arizona.\nFran, my wife and I are excited to be new members of HILR. Besides my son Eric, I have a daughter Deborah, an artist. They both have two children.\nMy interests are varied and range from traveling, music, reading, tennis and anything academically challenging. I have taught high school at private schools in New York and Massachusetts. I am on the faculty of Harvard and Tufts Medical School and I am a premedical tutor at one the houses at Harvard College.\nAll through my life I met mentors, teachers and friends who have guided me. My biologic mother died when I was 6 months old and my father remarried when I was three. My biologic uncle essentially \u2018home schooled\u2019 me by way mail. He sent me annotated- age-appropriate copies of the great classics. Every month, I received books wrapped in brown paper bags until I graduated from high school. This guided tour of the classics stimulated my interest in literature as well as challenging my curiosity. My Advanced Biology teacher in high school assisted my research as a finalist in the Westinghouse Science Talent Finals. That award provided me with the opportunity to study at the Rockefeller Institute for Medical Research.\nAt Columbia, I majored in American History courses taught by Richard Hofstadter, William Leuchtenburg, James P Shenton, Benjamin Wishy and my advisor Henry Graff. I also studied Russian foreign policy with Alexander Dallin and Zbigniew Bzezinski. My senior thesis concentrated on the surprise bombing of the USS Panay on the Yangtze River (a harbinger  of the attack on Pearl Harbor).\nAt Harvard Medical School, I worked in Dr. George Thorn\u2019s lab on the early endocrine study of steroids. I also became a member of the Bolyston Society, the oldest medical society in the United States.  My senior thesis was mentored by Dr. John Nemiah, Chairperson of Psychiatry at Massachusetts General Hospital. The topic of the paper was the history of the Evil Eye and Superstitions.\nAt the Massachusetts Eye and Ear Infirmary, I was the Howe resident, which was the academic position in the residency at Harvard Medical School.\nAt present I am tutoring 8th graders from the Boston school systems in an enrichment program at Beacon Academy. I have served in the past as an officer and Board member of my synagogue, my medical and opthalmologic societies and my hospital.\nI look forward to meeting many of the members of HLIR and exploring with them interesting and challenging subjects.", "City State Zip": "Cambridge, MA 02142", "Display name": "Donald Putnoi", "Member Since": "2011", "Email": "deyeball@comcast.net"}
