{"SafeDict": "{\"Phone\": \"\", \"Last Name\": \"Geffen\", \"Photo\": \"\", \"Address\": \"\", \"Current Status\": \"Active Member\", \"First Name\": \"Donald\", \"Bio Information\": \"Growing up in Brooklyn during the years of Depression and War, Don benefited from the excellent educational opportunities that existed in New York at that time, starting with kindergarten and ending with a bachelor\\u2019s degree in physics and mathematics at City College of New York \\u2013 all tuition free. Four years later, he received a Ph D in theoretical physics at MIT and, while there, discovered the many charms of the Boston area. He spent the following six postdoctoral years at a number of research centers starting with the theoretical physics group at Oak Ridge National Laboratory in Tennessee, followed by Carnegie Mellon in Pittsburgh, and the last two years in Europe, thanks to a National Science Foundation Fellowship. The first year of the Fellowship was spent at the large European center for high energy research, CERN in Geneva. His second year was spent at the Niels Bohr Institute in Copenhagen. Encouraged by enthusiastic tales about life in Minneapolis told by a colleague at the Institute and his wife, Don decided to accept a position at the University of Minnesota.\\n\\nHe remained at the University of Minnesota for twenty two years, a good majority of those years as a full professor. He taught both undergraduates and graduate students and did research in theoretical high energy particle physics. By the late 1970s, however, Don became interested in the financial markets and as the 1980s unfolded, he looked ahead at what seemed to be a bear market in academia but a long term bull market in equities. Don left the university and started a career in money management for a large investment management firm with offices in Minneapolis. This opportunity enabled him to make use of his interest in economics and politics as well as his mathematical and analytical capabilities.\\n\\nApproaching retirement age, Don left the investment business and pursued a growing interest in environmental issues. Along with a professor at the University of Minnesota\\u2019s business school and a professor at the department of health sciences, Don became engaged in a multi-year project to explore better ways of environmental regulation in Minnesota. The Clinton Administration had a similar goal and the Minnesota project eventually joined the national effort which was part of the Administration\\u2019s general theme of \\u201cReinventing Government.\\u201d The environmental component of this was known as Project XL and Don\\u2019s group, with EPA funding, both participated in and evaluated XL with a particular focus on the effort to design a pilot project at 3M\\u2019s flagship facility in Minnesota. The work resulted in several articles and culminated in a book which tells of the birth and death of Project XL, analyzes the process, and discusses why, in the end, despite some improvements in how pollution is regulated, it failed in its efforts at major change.\\n\\nAfter 43 years living in Minneapolis, Don and his wife Binny moved south to Back Bay in Boston. Although they left a son living in Minneapolis, the move brought them closer to their daughter, who, along with her husband own and run Red Sky Restaurant in Southwest Harbor, Maine. Minneapolis did have many advantages, however. While living there, the city became a vibrant cultural center. Binny worked in the educational department of the Walker Art Center for several years and ran the tour program. In addition, she earned an MA in Art History at the University of Minnesota. When the Guthrie Theater opened, Don, as chairman of the Walker Art Center\\u2019s Jazz Committee (a volunteer group), produced the first concerts at the new theater, bringing to Minneapolis many of the great jazz musicians of the time. Don also was very active in politics for a while, especially during the Vietnam War years and the debates over nuclear weapons policy.\", \"City State Zip\": \"\", \"Display name\": \"Donald Geffen\", \"Member Since\": \"2009\", \"Email\": \"geffe005@umn.edu\"}", "Phone": "", "Last Name": "Geffen", "Photo": "", "Address": "", "Current Status": "Active Member", "First Name": "Donald", "Bio Information": "Growing up in Brooklyn during the years of Depression and War, Don benefited from the excellent educational opportunities that existed in New York at that time, starting with kindergarten and ending with a bachelor\u2019s degree in physics and mathematics at City College of New York \u2013 all tuition free. Four years later, he received a Ph D in theoretical physics at MIT and, while there, discovered the many charms of the Boston area. He spent the following six postdoctoral years at a number of research centers starting with the theoretical physics group at Oak Ridge National Laboratory in Tennessee, followed by Carnegie Mellon in Pittsburgh, and the last two years in Europe, thanks to a National Science Foundation Fellowship. The first year of the Fellowship was spent at the large European center for high energy research, CERN in Geneva. His second year was spent at the Niels Bohr Institute in Copenhagen. Encouraged by enthusiastic tales about life in Minneapolis told by a colleague at the Institute and his wife, Don decided to accept a position at the University of Minnesota.\n\nHe remained at the University of Minnesota for twenty two years, a good majority of those years as a full professor. He taught both undergraduates and graduate students and did research in theoretical high energy particle physics. By the late 1970s, however, Don became interested in the financial markets and as the 1980s unfolded, he looked ahead at what seemed to be a bear market in academia but a long term bull market in equities. Don left the university and started a career in money management for a large investment management firm with offices in Minneapolis. This opportunity enabled him to make use of his interest in economics and politics as well as his mathematical and analytical capabilities.\n\nApproaching retirement age, Don left the investment business and pursued a growing interest in environmental issues. Along with a professor at the University of Minnesota\u2019s business school and a professor at the department of health sciences, Don became engaged in a multi-year project to explore better ways of environmental regulation in Minnesota. The Clinton Administration had a similar goal and the Minnesota project eventually joined the national effort which was part of the Administration\u2019s general theme of \u201cReinventing Government.\u201d The environmental component of this was known as Project XL and Don\u2019s group, with EPA funding, both participated in and evaluated XL with a particular focus on the effort to design a pilot project at 3M\u2019s flagship facility in Minnesota. The work resulted in several articles and culminated in a book which tells of the birth and death of Project XL, analyzes the process, and discusses why, in the end, despite some improvements in how pollution is regulated, it failed in its efforts at major change.\n\nAfter 43 years living in Minneapolis, Don and his wife Binny moved south to Back Bay in Boston. Although they left a son living in Minneapolis, the move brought them closer to their daughter, who, along with her husband own and run Red Sky Restaurant in Southwest Harbor, Maine. Minneapolis did have many advantages, however. While living there, the city became a vibrant cultural center. Binny worked in the educational department of the Walker Art Center for several years and ran the tour program. In addition, she earned an MA in Art History at the University of Minnesota. When the Guthrie Theater opened, Don, as chairman of the Walker Art Center\u2019s Jazz Committee (a volunteer group), produced the first concerts at the new theater, bringing to Minneapolis many of the great jazz musicians of the time. Don also was very active in politics for a while, especially during the Vietnam War years and the debates over nuclear weapons policy.", "City State Zip": "", "Display name": "Donald Geffen", "Member Since": "2009", "Email": "geffe005@umn.edu"}
