{"SafeDict": "{\"Phone\": \"\", \"Last Name\": \"Lindsay\", \"Photo\": \"\", \"Address\": \"\", \"Current Status\": \"2004\", \"First Name\": \"Donald\", \"Bio Information\": \"Born in New York City, Don graduated from Brown, where he majored in history. He joined the Bowery Saving Bank in New York and soon became its Assistant Personnel Director. While working in personnel, he attended Teachers College, Columbia University, receiving an MA in Business Education under the bank\\u2019s tuition assistance program. An early mid-life career change led to Episcopal Divinity School in Cambridge where he received an MDiv and completed an internship program for nursing home licensure. He worked first at St. Monica\\u2019s Home, a not-for-profit nursing home in Roxbury, owned and operated by the Episcopal Society of St. Margaret. The home\\u2019s closing led him to Simmons School of Social Work.\\n\\nAfter receiving an MSW, he served as a consultant for Ceridian, providing home care options, assisted living, and nursing home resources. The experience of working with families of elders convinced him of the importance of the pursuit of lifelong learning, and he is looking forward to the opportunities HILR will provide.\\n\\nDon\\u2019s major activity centers on family: his wife (a librarian in Arlington) and their four children and three grandchildren. With family living in Maine, North Carolina, New York and the Boston area, he looks forward to seeing them in their native habitat, especially his daughter and her family who have just moved into a lighthouse on the coast of Maine.\\n\\nIn addition to family interests, he enjoys gardening, horseback riding and mystery reading. He has served as a vestry person in his church and was a board member of Interfaith Counseling Service in Newton.\", \"City State Zip\": \"\", \"Display name\": \"Donald Lindsay\", \"Member Since\": \"2004\", \"Email\": \"pndlindsay@msn.com\"}", "Phone": "", "Last Name": "Lindsay", "Photo": "", "Address": "", "Current Status": "2004", "First Name": "Donald", "Bio Information": "Born in New York City, Don graduated from Brown, where he majored in history. He joined the Bowery Saving Bank in New York and soon became its Assistant Personnel Director. While working in personnel, he attended Teachers College, Columbia University, receiving an MA in Business Education under the bank\u2019s tuition assistance program. An early mid-life career change led to Episcopal Divinity School in Cambridge where he received an MDiv and completed an internship program for nursing home licensure. He worked first at St. Monica\u2019s Home, a not-for-profit nursing home in Roxbury, owned and operated by the Episcopal Society of St. Margaret. The home\u2019s closing led him to Simmons School of Social Work.\n\nAfter receiving an MSW, he served as a consultant for Ceridian, providing home care options, assisted living, and nursing home resources. The experience of working with families of elders convinced him of the importance of the pursuit of lifelong learning, and he is looking forward to the opportunities HILR will provide.\n\nDon\u2019s major activity centers on family: his wife (a librarian in Arlington) and their four children and three grandchildren. With family living in Maine, North Carolina, New York and the Boston area, he looks forward to seeing them in their native habitat, especially his daughter and her family who have just moved into a lighthouse on the coast of Maine.\n\nIn addition to family interests, he enjoys gardening, horseback riding and mystery reading. He has served as a vestry person in his church and was a board member of Interfaith Counseling Service in Newton.", "City State Zip": "", "Display name": "Donald Lindsay", "Member Since": "2004", "Email": "pndlindsay@msn.com"}
