{"SafeDict": "{\"Phone\": \"978-369-8688\", \"Last Name\": \"Leopold\", \"Photo\": \"\", \"Address\": \"18 Edmonds Road\", \"Current Status\": \"New Member\", \"First Name\": \"Donald\", \"Bio Information\": \"Don Leopold\\u2019s consultingcareer focused on helping clients develop and articulate their business strategies and build organizations capable of implementing those strategies. His practice utilized tools such as designing and facilitating strategic planning processes; conducting organizational audits; working with clients to clarify roles and develop effective management processes; developing and implementing 360-degree feedback systems; providing senior level coaching and development; leading Work-Out process re-engineering initiatives; and leading processes to clarify and improve Board governance roles.\\nDon worked across industries, including consumer goods (Pepsi-Cola, General Electric, IBM, General Mills), private equity (Catterton Partners, Battery Ventures, New Mountain Capital), health care (the University of Pennsylvania Health System, Children\\u2019s Hospital of Philadelphia, Duke University Health System, The Dimock Center, Magellan Health, Florida Blue), sports and entertainment (the United States Tennis Association, Bob Woolf Associates, multiple professional teams), and professional services (Abt Associates, Cambridge Systematics, Bergmeyer Associates).\\nDon holds a BA from Harvard College, cum laude in general studies, and an MBA from Harvard Business School. More recently, Don received a Master of Arts in the Liberal Arts from the St. John\\u2019s College Graduate Institute in Annapolis, Maryland, a program based on reading and discussing original texts in the westeSubmitrn canon.\\nHe serves on the Board of The Brandon School and Residential Treatment Center.\\nDon and his wife, Deirdre, live in Concord, Massachusetts, and are the proud parents of six children and five (at this writing soon to be six) grandchildren.\", \"City State Zip\": \"Concord, MA. 01742\", \"Display name\": \"Donald Leopold\", \"Member Since\": \"Spring 2015\", \"Email\": \"dleopold@sherbrooke.com\"}", "Phone": "978-369-8688", "Last Name": "Leopold", "Photo": "", "Address": "18 Edmonds Road", "Current Status": "New Member", "First Name": "Donald", "Bio Information": "Don Leopold\u2019s consultingcareer focused on helping clients develop and articulate their business strategies and build organizations capable of implementing those strategies. His practice utilized tools such as designing and facilitating strategic planning processes; conducting organizational audits; working with clients to clarify roles and develop effective management processes; developing and implementing 360-degree feedback systems; providing senior level coaching and development; leading Work-Out process re-engineering initiatives; and leading processes to clarify and improve Board governance roles.\nDon worked across industries, including consumer goods (Pepsi-Cola, General Electric, IBM, General Mills), private equity (Catterton Partners, Battery Ventures, New Mountain Capital), health care (the University of Pennsylvania Health System, Children\u2019s Hospital of Philadelphia, Duke University Health System, The Dimock Center, Magellan Health, Florida Blue), sports and entertainment (the United States Tennis Association, Bob Woolf Associates, multiple professional teams), and professional services (Abt Associates, Cambridge Systematics, Bergmeyer Associates).\nDon holds a BA from Harvard College, cum laude in general studies, and an MBA from Harvard Business School. More recently, Don received a Master of Arts in the Liberal Arts from the St. John\u2019s College Graduate Institute in Annapolis, Maryland, a program based on reading and discussing original texts in the westeSubmitrn canon.\nHe serves on the Board of The Brandon School and Residential Treatment Center.\nDon and his wife, Deirdre, live in Concord, Massachusetts, and are the proud parents of six children and five (at this writing soon to be six) grandchildren.", "City State Zip": "Concord, MA. 01742", "Display name": "Donald Leopold", "Member Since": "Spring 2015", "Email": "dleopold@sherbrooke.com"}
