{"SafeDict": "{\"Phone\": \"\", \"Last Name\": \"Connors\", \"Photo\": \"\", \"Address\": \"\", \"Current Status\": \"\", \"First Name\": \"Donald\", \"Bio Information\": \"Don Connors practiced land use and environmental law. Following graduation from Boston College he was commissioned a U.S. Army officer and married fellow Miltonite, Peggy Sheffield. A five-year tour of duty followed in the U.S. and Germany. He returned to Boston, was employed in corporate government affairs and attended law school. Don worked with the City of Boston and business community to secure passage of State legislation enabling redevelopment of Boston\\u2019s Waterfront and Faneuil Hall District. He entered private law practice and earned national designation as Certified Land Use Planner. He assisted the Clinton Administration in its U.S. Environmental Technology Policy.\\n\\nFor ten years before retirement he practiced law at Connors & Bliss P.C. Don\\u2019s legal career has taken him to most states and many countries. He drafted regional land use and planning laws for Martha\\u2019s Vineyard and Cape Cod, and served as counsel to both commissions. He co-authored two leading books on the Public Trust doctrine, and has lectured extensively worldwide.\\n\\nBesides their children, travel is a wonderful part of their life. They have visited many places (Africa, Canada, China, Fiji, Japan, Mexico, Middle East, New Zealand, Australia, South and Central America, Europe) and the United States. He and his late wife, Peggy, have lived in Duxbury, MA for more than forty two years. She was a landscape designer, graduate of Simmons College and Landscape Institute, Arnold Arboretum of Harvard University.\", \"City State Zip\": \"\", \"Display name\": \"Donald Connors\", \"Member Since\": \"\", \"Email\": \"dlconnors@comcast.net\"}", "Phone": "", "Last Name": "Connors", "Photo": "", "Address": "", "Current Status": "", "First Name": "Donald", "Bio Information": "Don Connors practiced land use and environmental law. Following graduation from Boston College he was commissioned a U.S. Army officer and married fellow Miltonite, Peggy Sheffield. A five-year tour of duty followed in the U.S. and Germany. He returned to Boston, was employed in corporate government affairs and attended law school. Don worked with the City of Boston and business community to secure passage of State legislation enabling redevelopment of Boston\u2019s Waterfront and Faneuil Hall District. He entered private law practice and earned national designation as Certified Land Use Planner. He assisted the Clinton Administration in its U.S. Environmental Technology Policy.\n\nFor ten years before retirement he practiced law at Connors & Bliss P.C. Don\u2019s legal career has taken him to most states and many countries. He drafted regional land use and planning laws for Martha\u2019s Vineyard and Cape Cod, and served as counsel to both commissions. He co-authored two leading books on the Public Trust doctrine, and has lectured extensively worldwide.\n\nBesides their children, travel is a wonderful part of their life. They have visited many places (Africa, Canada, China, Fiji, Japan, Mexico, Middle East, New Zealand, Australia, South and Central America, Europe) and the United States. He and his late wife, Peggy, have lived in Duxbury, MA for more than forty two years. She was a landscape designer, graduate of Simmons College and Landscape Institute, Arnold Arboretum of Harvard University.", "City State Zip": "", "Display name": "Donald Connors", "Member Since": "", "Email": "dlconnors@comcast.net"}
