{"SafeDict": "{\"Phone\": \"\", \"Last Name\": \"Wilson\", \"Photo\": \"\", \"Address\": \"\", \"Current Status\": \"2010\", \"First Name\": \"Donna\", \"Bio Information\": \"Donna grew up in Garden City, New York, before moving to Massachusetts to attend Smith College.  After receiving her BA, she moved to Lexington, MA, where she has lived with her family since 1968.  While her children were young, she completed a master\\u2019s degree at Northeastern University.\\nDonna started her 32-year career in technology at Raytheon, working on a variety of defense projects, including the Patriot missile.  She held various positions at Honeywell, and Wang, and ultimately became the database and applications support manager for W.R. Grace. She retired in December 2009.\\nDonna enjoys traveling and has hiked the Inca Trail in Peru, visited Europe, and toured the Rajasthan province in India prior to her daughter\\u2019s wedding in Hyderabad.  She is looking forward to her younger daughter\\u2019s wedding in Australia.\\nHer current interests include golf, tennis and bridge, as well as an addiction to mystery novels.  She looks forward to being actively involved in the HILR community as she begins her retirement.\", \"City State Zip\": \"\", \"Display name\": \"Donna Wilson\", \"Member Since\": \"2010\", \"Email\": \"dwilsonma@yahoo.com\"}", "Phone": "", "Last Name": "Wilson", "Photo": "", "Address": "", "Current Status": "2010", "First Name": "Donna", "Bio Information": "Donna grew up in Garden City, New York, before moving to Massachusetts to attend Smith College.  After receiving her BA, she moved to Lexington, MA, where she has lived with her family since 1968.  While her children were young, she completed a master\u2019s degree at Northeastern University.\nDonna started her 32-year career in technology at Raytheon, working on a variety of defense projects, including the Patriot missile.  She held various positions at Honeywell, and Wang, and ultimately became the database and applications support manager for W.R. Grace. She retired in December 2009.\nDonna enjoys traveling and has hiked the Inca Trail in Peru, visited Europe, and toured the Rajasthan province in India prior to her daughter\u2019s wedding in Hyderabad.  She is looking forward to her younger daughter\u2019s wedding in Australia.\nHer current interests include golf, tennis and bridge, as well as an addiction to mystery novels.  She looks forward to being actively involved in the HILR community as she begins her retirement.", "City State Zip": "", "Display name": "Donna Wilson", "Member Since": "2010", "Email": "dwilsonma@yahoo.com"}
