{"SafeDict": "{\"Phone\": \"(617) 965-2201\", \"Last Name\": \"Leventhal\", \"Photo\": \"\", \"Address\": \"21 Bonnybrook Rd.\", \"Current Status\": \"New\", \"First Name\": \"Donna\", \"Bio Information\": \"Donna and her husband, Mark, live in Newton, Massachusetts, where they both grew up and raised their three children. Mark is an independent real estate developer with projects in Rhode Island, Massachusetts and Connecticut. Donna has committed her life to improving her community and over the last 30 years has held a variety of community leadership roles, with a focus on Jewish education and arts.\\n  Donna is a partner and co-founder of the Metalmorphosis studio in the Motherbrooks Arts Center in Dedham, MA. Metalmorphosis is a silversmithing studio that grew out of Donna\\u2019s decades-long collaboration with other artists and is a space to further her own and the broader study of silversmithing. Donna was a member of the Wexner Heritage Fellowship program, a two year fellowship to educate Jewish lay leaders in the history, thought, texts and contemporary leadership challenges of the Jewish People. .  Over the years, Donna has assumed many Jewish lay leadership roles, including as President of the Jewish Community Center . Donna continues her Jewish learning through regular classes and independent reading.\\n  Donna currently serves on the Brigham Women\\u2019s Hospital\\u2019s President\\u2019s Advisory Council and the art gallery committee of Mayim Hayim.  Donna is an avid gardener and landscaper who dedicates significant time to developing her perennial and vegetable gardens. In recent years, Donna has studied food science and has looked to incorporate this disciplined innovation into her own cooking. Donna loves to read, run, and spend time on the New England coast.\", \"City State Zip\": \"Waban, MA, 02468\", \"Display name\": \"Donna Leventhal\", \"Member Since\": \"Spring 2014\", \"Email\": \"donnaleventhal@gmail.com\"}", "Phone": "(617) 965-2201", "Last Name": "Leventhal", "Photo": "", "Address": "21 Bonnybrook Rd.", "Current Status": "New", "First Name": "Donna", "Bio Information": "Donna and her husband, Mark, live in Newton, Massachusetts, where they both grew up and raised their three children. Mark is an independent real estate developer with projects in Rhode Island, Massachusetts and Connecticut. Donna has committed her life to improving her community and over the last 30 years has held a variety of community leadership roles, with a focus on Jewish education and arts.\n  Donna is a partner and co-founder of the Metalmorphosis studio in the Motherbrooks Arts Center in Dedham, MA. Metalmorphosis is a silversmithing studio that grew out of Donna\u2019s decades-long collaboration with other artists and is a space to further her own and the broader study of silversmithing. Donna was a member of the Wexner Heritage Fellowship program, a two year fellowship to educate Jewish lay leaders in the history, thought, texts and contemporary leadership challenges of the Jewish People. .  Over the years, Donna has assumed many Jewish lay leadership roles, including as President of the Jewish Community Center . Donna continues her Jewish learning through regular classes and independent reading.\n  Donna currently serves on the Brigham Women\u2019s Hospital\u2019s President\u2019s Advisory Council and the art gallery committee of Mayim Hayim.  Donna is an avid gardener and landscaper who dedicates significant time to developing her perennial and vegetable gardens. In recent years, Donna has studied food science and has looked to incorporate this disciplined innovation into her own cooking. Donna loves to read, run, and spend time on the New England coast.", "City State Zip": "Waban, MA, 02468", "Display name": "Donna Leventhal", "Member Since": "Spring 2014", "Email": "donnaleventhal@gmail.com"}
