{"SafeDict": "{\"Phone\": \"617-494-8850\", \"Last Name\": \"Salacuse\", \"Photo\": \"\", \"Address\": \"10 Rogers St, #502\", \"Current Status\": \"2010\", \"First Name\": \"Donna\", \"Bio Information\": \"Born in Chicago, IL I attended college in the midwest, studied in France on a Fulbright, and earned an MA in French at Northwestern University, IL.  My hoped-for international career began in NY City working with the National Screening Committee for Fulbright grants to France and Switzerland at the Institute of International Education (IIE).\\nAfter marrying Jeswald Salacuse (HLS graduate) we departed the US with our infant son Bill for 9 years\\u2019 residence abroad in Congo, Lebanon (where daughter Maria was born), and Sudan in connection with Jes' work on international development for the Ford Foundation.  We traveled extensively throughout Europe, the Middle East, Africa, East Asia - and some Latin America.\\nWhile in Congo, I was Assistant to the Rector of the National School of Administration and taught English at Lovanium University in Kinshasa. In Sudan, I assisted in the development of the Ford Foundation country office; established an English language program for the United States Information Agency; and taught English in a class specially designed for Sudanese women.  Travel within Sudan brought us to Darfur for project development.\\nIn the U.S. I've worked in community development for a shelter for battered women; served as Development Officer for the Latin American Scholarship Program of American Universities (LASPAU), an affiliate of Harvard University; and as Executive Director of the Eastern Massachusetts Literacy Council.\\nI am the co-author of SMU Reflections published by Southern Methodist University Press and have edited several books on international law, negotiation, and management.  I am currently employed part-time as a database manager for a local non-profit agency.\\nPast volunteer activities include developing Host Family programs for international students; support groups for international students\\u2019 wives; and Assisted Living Ombudsman for the MA Executive Office of Elder Affairs.\\nMy leisure time activities are playing in a recorder ensemble; participating in a play reading group; music, art and reading. \", \"City State Zip\": \"Cambridge, MA 02142\", \"Display name\": \"Donna Salacuse\", \"Member Since\": \"2010\", \"Email\": \"salacuse@verizon.net\"}", "Phone": "617-494-8850", "Last Name": "Salacuse", "Photo": "", "Address": "10 Rogers St, #502", "Current Status": "2010", "First Name": "Donna", "Bio Information": "Born in Chicago, IL I attended college in the midwest, studied in France on a Fulbright, and earned an MA in French at Northwestern University, IL.  My hoped-for international career began in NY City working with the National Screening Committee for Fulbright grants to France and Switzerland at the Institute of International Education (IIE).\nAfter marrying Jeswald Salacuse (HLS graduate) we departed the US with our infant son Bill for 9 years\u2019 residence abroad in Congo, Lebanon (where daughter Maria was born), and Sudan in connection with Jes' work on international development for the Ford Foundation.  We traveled extensively throughout Europe, the Middle East, Africa, East Asia - and some Latin America.\nWhile in Congo, I was Assistant to the Rector of the National School of Administration and taught English at Lovanium University in Kinshasa. In Sudan, I assisted in the development of the Ford Foundation country office; established an English language program for the United States Information Agency; and taught English in a class specially designed for Sudanese women.  Travel within Sudan brought us to Darfur for project development.\nIn the U.S. I've worked in community development for a shelter for battered women; served as Development Officer for the Latin American Scholarship Program of American Universities (LASPAU), an affiliate of Harvard University; and as Executive Director of the Eastern Massachusetts Literacy Council.\nI am the co-author of SMU Reflections published by Southern Methodist University Press and have edited several books on international law, negotiation, and management.  I am currently employed part-time as a database manager for a local non-profit agency.\nPast volunteer activities include developing Host Family programs for international students; support groups for international students\u2019 wives; and Assisted Living Ombudsman for the MA Executive Office of Elder Affairs.\nMy leisure time activities are playing in a recorder ensemble; participating in a play reading group; music, art and reading. ", "City State Zip": "Cambridge, MA 02142", "Display name": "Donna Salacuse", "Member Since": "2010", "Email": "salacuse@verizon.net"}
