{"SafeDict": "{\"Phone\": \"(617) 648-0925\", \"Last Name\": \"Stephenson\", \"Photo\": \"\", \"Address\": \"60 Bartlett Ave\", \"Current Status\": \"2015\", \"First Name\": \"Dot\", \"Bio Information\": \"Dorothy\\u2019s Harvard affiliation is HBS, Class of 1976.  Two things distinguished her.  The first was directing and choreographing the first B-School Show.  Second, while there were fancy, expensive student cars in the parking lot, she was the only classmate with a plane parked at Logan.   \\n\\nHaving grown up in an entrepreneurial, international business (Stephenson Corporation manufactured resuscitation equipment, the Breathalyzer and radar speed traps.) she felt an affinity for innovative, early stage companies.  After HBS, Dorothy had a small consulting business based in Lausanne, Switzerland with an office in Cambridge that\\nassisted with strategic planning, market research, financing through individuals and venture capital, technology transfer, joint ventures and alliances in the U.S. and Europe.  \\n\\nIn 1976, Dorothy founded the Inventors\\u2019 Association of New England that still meets at MIT.  She also created Inventors\\u2019 Weekend at the Museum of Science that broke all daily attendance records each of the twelve years that it ran.  She was responsible for the entire show including exhibits, speakers, and TV publicity appearances.  For the Department of Energy, Dorothy designed their National Innovation Workshops that ran for fifteen years in various locations around the country.\\n\\nA component of her reason to have a consulting business rather than work for a company was that her husband died in 1981, when their sons were ages one and two.  The boys are in their mid-30s.  Stephen lives on his sailboat on the Hudson River and manages various facets of large, upscale residential construction projects in Manhattan. Andrew manages a Hedge Fund in Hong Kong where he lives with his wife and children. \\nInsatiably curious and fairly creative, Dorothy is looking forward to her involvement in HILR.\", \"City State Zip\": \"Arlington, MA 02476\", \"Display name\": \"Dot Stephenson\", \"Member Since\": \"2015\", \"Email\": \"dotstephen@comcast.net\"}", "Phone": "(617) 648-0925", "Last Name": "Stephenson", "Photo": "", "Address": "60 Bartlett Ave", "Current Status": "2015", "First Name": "Dot", "Bio Information": "Dorothy\u2019s Harvard affiliation is HBS, Class of 1976.  Two things distinguished her.  The first was directing and choreographing the first B-School Show.  Second, while there were fancy, expensive student cars in the parking lot, she was the only classmate with a plane parked at Logan.   \n\nHaving grown up in an entrepreneurial, international business (Stephenson Corporation manufactured resuscitation equipment, the Breathalyzer and radar speed traps.) she felt an affinity for innovative, early stage companies.  After HBS, Dorothy had a small consulting business based in Lausanne, Switzerland with an office in Cambridge that\nassisted with strategic planning, market research, financing through individuals and venture capital, technology transfer, joint ventures and alliances in the U.S. and Europe.  \n\nIn 1976, Dorothy founded the Inventors\u2019 Association of New England that still meets at MIT.  She also created Inventors\u2019 Weekend at the Museum of Science that broke all daily attendance records each of the twelve years that it ran.  She was responsible for the entire show including exhibits, speakers, and TV publicity appearances.  For the Department of Energy, Dorothy designed their National Innovation Workshops that ran for fifteen years in various locations around the country.\n\nA component of her reason to have a consulting business rather than work for a company was that her husband died in 1981, when their sons were ages one and two.  The boys are in their mid-30s.  Stephen lives on his sailboat on the Hudson River and manages various facets of large, upscale residential construction projects in Manhattan. Andrew manages a Hedge Fund in Hong Kong where he lives with his wife and children. \nInsatiably curious and fairly creative, Dorothy is looking forward to her involvement in HILR.", "City State Zip": "Arlington, MA 02476", "Display name": "Dot Stephenson", "Member Since": "2015", "Email": "dotstephen@comcast.net"}
