{"SafeDict": "{\"Phone\": \"781-235-0735\", \"Last Name\": \"Mansfield\", \"Photo\": \"\", \"Address\": \"59 Emerson Rd\", \"Current Status\": \"New Member\", \"First Name\": \"Douglas\", \"Bio Information\": \"Doug Mansfield grew up in Wellesley, Massachusetts. He attended Phillips Academy in Andover and Harvard College, graduating in 1968. In 1969, Doug married Annick Faflick Mansfield, a Lexington native who graduated from Harvard that year. After teaching middle school American history and performing military service, he attended Columbia Law School, obtaining his J.D. degree in 1973, while Annick obtained a Ph.D. in psychology from Columbia that same year.\\nDoug began his legal career in New York in 1973 with the firm of Curtis, Mallet-Prevost, Colt & Mosle. He worked with outstanding trial lawyers Peter Fleming and John Sprizzo in the well-publicized defenses of former Attorney General John Mitchell and Arthur Anderson & Co. in the Robert Vesco and Four Seasons Nursing Homes prosecutions. His work was divided between civil business litigation, particularly securities and antitrust, and white collar criminal defense. In 1977 Doug was appointed an Assistant United States Attorney for the Eastern District of New York, and he gained valuable trial experience prosecuting a wide range of federal crimes, including a conspiracy to import heroin from Thailand.\\nIn 1980 Doug and Annick and their young son moved back to the Boston area, and Doug joined the firm now known as Casner & Edwards, LLP, becoming a partner in 1982. From 1980 to 2014 Doug practiced as a litigator, splitting his time between civil business cases and white collar criminal defense. The white collar cases included potential charges of tax fraud, defense contractor fraud, environmental crimes, and antitrust crimes. The business litigation cases included defense of professionals and fiduciaries, defense of securities and antitrust claims, and litigation of claims of breach of contract or business tort involving businesses or nonprofits.\\nSince 1980 Annick has worked at Wellesley College, first as a psychology professor and then as a researcher/director of Wellesley\\u2019s Office of Internal Research. Their sons are married, and they have two young grandchildren. They enjoy traveling, principally in Europe (Annick has extended family in Brittany), but also in Argentina and Belize. In the past, and currently, Doug has volunteered in Wellesley town government and in local charities. He anticipates devoting considerable time in retirement to study, community activities, travel, and sports.\", \"City State Zip\": \"Wellesley\", \"Display name\": \"Doug Mansfield\", \"Member Since\": \"Spring 2015\", \"Email\": \"dkmans@verizon.net\"}", "Phone": "781-235-0735", "Last Name": "Mansfield", "Photo": "", "Address": "59 Emerson Rd", "Current Status": "New Member", "First Name": "Douglas", "Bio Information": "Doug Mansfield grew up in Wellesley, Massachusetts. He attended Phillips Academy in Andover and Harvard College, graduating in 1968. In 1969, Doug married Annick Faflick Mansfield, a Lexington native who graduated from Harvard that year. After teaching middle school American history and performing military service, he attended Columbia Law School, obtaining his J.D. degree in 1973, while Annick obtained a Ph.D. in psychology from Columbia that same year.\nDoug began his legal career in New York in 1973 with the firm of Curtis, Mallet-Prevost, Colt & Mosle. He worked with outstanding trial lawyers Peter Fleming and John Sprizzo in the well-publicized defenses of former Attorney General John Mitchell and Arthur Anderson & Co. in the Robert Vesco and Four Seasons Nursing Homes prosecutions. His work was divided between civil business litigation, particularly securities and antitrust, and white collar criminal defense. In 1977 Doug was appointed an Assistant United States Attorney for the Eastern District of New York, and he gained valuable trial experience prosecuting a wide range of federal crimes, including a conspiracy to import heroin from Thailand.\nIn 1980 Doug and Annick and their young son moved back to the Boston area, and Doug joined the firm now known as Casner & Edwards, LLP, becoming a partner in 1982. From 1980 to 2014 Doug practiced as a litigator, splitting his time between civil business cases and white collar criminal defense. The white collar cases included potential charges of tax fraud, defense contractor fraud, environmental crimes, and antitrust crimes. The business litigation cases included defense of professionals and fiduciaries, defense of securities and antitrust claims, and litigation of claims of breach of contract or business tort involving businesses or nonprofits.\nSince 1980 Annick has worked at Wellesley College, first as a psychology professor and then as a researcher/director of Wellesley\u2019s Office of Internal Research. Their sons are married, and they have two young grandchildren. They enjoy traveling, principally in Europe (Annick has extended family in Brittany), but also in Argentina and Belize. In the past, and currently, Doug has volunteered in Wellesley town government and in local charities. He anticipates devoting considerable time in retirement to study, community activities, travel, and sports.", "City State Zip": "Wellesley", "Display name": "Doug Mansfield", "Member Since": "Spring 2015", "Email": "dkmans@verizon.net"}
