{"SafeDict": "{\"Phone\": \"617-244-7121\", \"Last Name\": \"Rauch\", \"Photo\": \"\", \"Address\": \"54 Wilde Road\", \"Current Status\": \"2008\", \"First Name\": \"Doug\", \"Bio Information\": \"Doug Rauch moved to the Boston area 12 years ago to bring Trader Joe's to the east, and within a few years fell in love with New England. He successfully avoided several attempts to woe him back to the Left Coast. In his 31 years with Trader Joe's, the majority as President of the company, he played a pivotal role in their growth from a small, 9 store chain in Southern California, to a nationally acclaimed retail success story with more than 300 stores in 25 states. He had the opportunity to develop their buying philosophy, create their unique private label food program and customer experience focus, and then leapfrog the continent 3,000 miles to bring Hawaiian shirts, and Trader Joe's fun to Boston.\\n\\nDoug comes from a family of teachers, and has always loved the concept of life-long learning. Many years after getting his BA in History and going to work for Trader Joe's, he received his Executive MBA from the Peter Drucker School of Management, winning several honorary awards from the faculty (undoubtedly due to the free samples he'd bring to class!). He enjoyed more than his \\\"15 minutes of fame\\\" as the radio voice for Trader Joe's ads for 20 years, and countless media interviews.\\n\\nHe's been married to his better half, Mikele, for 35 years, and have three grown children. He currently serves on the Board of Overseers of WGBH and WBUR, sharing a passion for PBS and NPR. Doug also has a long interest in inter-religious dialogue and the practice of meditation. His active interests currently rotate around the arts (having all three of his kids in the arts professionally), music (learning the ukulele presently), all things related to food, politics, reading good fiction, swimming and gardening.\", \"City State Zip\": \"Waban, MA 02468\", \"Display name\": \"Doug Rauch\", \"Member Since\": \"2008\", \"Email\": \"dougrauch@gmail.com\"}", "Phone": "617-244-7121", "Last Name": "Rauch", "Photo": "", "Address": "54 Wilde Road", "Current Status": "2008", "First Name": "Doug", "Bio Information": "Doug Rauch moved to the Boston area 12 years ago to bring Trader Joe's to the east, and within a few years fell in love with New England. He successfully avoided several attempts to woe him back to the Left Coast. In his 31 years with Trader Joe's, the majority as President of the company, he played a pivotal role in their growth from a small, 9 store chain in Southern California, to a nationally acclaimed retail success story with more than 300 stores in 25 states. He had the opportunity to develop their buying philosophy, create their unique private label food program and customer experience focus, and then leapfrog the continent 3,000 miles to bring Hawaiian shirts, and Trader Joe's fun to Boston.\n\nDoug comes from a family of teachers, and has always loved the concept of life-long learning. Many years after getting his BA in History and going to work for Trader Joe's, he received his Executive MBA from the Peter Drucker School of Management, winning several honorary awards from the faculty (undoubtedly due to the free samples he'd bring to class!). He enjoyed more than his \"15 minutes of fame\" as the radio voice for Trader Joe's ads for 20 years, and countless media interviews.\n\nHe's been married to his better half, Mikele, for 35 years, and have three grown children. He currently serves on the Board of Overseers of WGBH and WBUR, sharing a passion for PBS and NPR. Doug also has a long interest in inter-religious dialogue and the practice of meditation. His active interests currently rotate around the arts (having all three of his kids in the arts professionally), music (learning the ukulele presently), all things related to food, politics, reading good fiction, swimming and gardening.", "City State Zip": "Waban, MA 02468", "Display name": "Doug Rauch", "Member Since": "2008", "Email": "dougrauch@gmail.com"}
