{"SafeDict": "{\"Phone\": \"617-332-3487\", \"Last Name\": \"Chyten\", \"Photo\": \"\", \"Address\": \"250 Hammond Pond Pkwy., #1202N\", \"Current Status\": \"Chestnut Hill MA 02467-1558\", \"First Name\": \"Ed\", \"Bio Information\": \"Edwin R. (Ed) Chyten has the distinction of having obtained his education in three leading Boston area colleges: Harvard, AB, '47; Boston U., MA in economics; Boston College Law School, JD. In addition, he has taken several courses in nutrition at the Harvard Extension School. Ed has had careers in both business and law and was at one time a guest teacher of English at Belmont Hill School. He has run in the Boston marathon, had a tryout with the (then) Boston Patriots, and is an avid tennis and bridge player. Ed and his wife, Roz, are opera buffs and they indulge their enthusiasm by going to the Metropolitan Opera and to a variety of opera festivals. Ed is a member of Mensa and enjoys discussion groups, theatre, ballet, music and professional sports, and he believes that, with respect to the mind, if you don't use it you'll lose it.\", \"City State Zip\": \"Chestnut Hill MA 02467-1558\", \"Display name\": \"Ed Chyten\", \"Member Since\": \"Chestnut Hill MA 02467-1558\", \"Email\": \"rhcerc@gmail.com\"}", "Phone": "617-332-3487", "Last Name": "Chyten", "Photo": "", "Address": "250 Hammond Pond Pkwy., #1202N", "Current Status": "Chestnut Hill MA 02467-1558", "First Name": "Ed", "Bio Information": "Edwin R. (Ed) Chyten has the distinction of having obtained his education in three leading Boston area colleges: Harvard, AB, '47; Boston U., MA in economics; Boston College Law School, JD. In addition, he has taken several courses in nutrition at the Harvard Extension School. Ed has had careers in both business and law and was at one time a guest teacher of English at Belmont Hill School. He has run in the Boston marathon, had a tryout with the (then) Boston Patriots, and is an avid tennis and bridge player. Ed and his wife, Roz, are opera buffs and they indulge their enthusiasm by going to the Metropolitan Opera and to a variety of opera festivals. Ed is a member of Mensa and enjoys discussion groups, theatre, ballet, music and professional sports, and he believes that, with respect to the mind, if you don't use it you'll lose it.", "City State Zip": "Chestnut Hill MA 02467-1558", "Display name": "Ed Chyten", "Member Since": "Chestnut Hill MA 02467-1558", "Email": "rhcerc@gmail.com"}
