{"SafeDict": "{\"Phone\": \"781-259-9418\", \"Last Name\": \"Najjar\", \"Photo\": \"\", \"Address\": \"30 Garland Road\", \"Current Status\": \"2001\", \"First Name\": \"Ed\", \"Bio Information\": \"Ed graduated from Massachusetts Institute of Technology with a BS and an MS in chemical engineering. He received his PhD from the Harvard Business School PMD in 1970.\\n\\nAfter brief technical experiences with Dupont in Wilmington, Delaware, and EXXON in Everett, Massachusetts, Ed joined Hampshire Chemical Corporation, a start-up enterprise founded by the late Bradley Dewey, a chemical entrepreneur. Hampshire grew to become a leading specialty chemical company and was acquired by W. R. Grace and Company in 1965. Ed became president of the Organic Chemical Division in 1984, and in 1992 led a successful management buy-out of Grace's chemical manufacturing business with facilities in the US and Europe. Ed served as CEO and then as chair of the board of the new enterprise. He has served on several boards, including Chem Design in Fitchburg and Sentrachem in Johannesberg, South Africa. Dow Chemical acquired Hampshire Chemical in 1997. Ed continued with Dow until his retirement in 1999, having completed 40 years with Hampshire Chemical.\\n\\nIn retirement, Ed continues to be involved with startup companies and new enterprises in the New England area. He also pursues new interests in health, fitness,a,ild spirituality.He lives in Lincoln and enjoys traveling and time spent with his three children and three grandchildren.\", \"City State Zip\": \"Lincoln MA 01773-1800\", \"Display name\": \"Ed Najjar\", \"Member Since\": \"2001\", \"Email\": \"enajjar@aol.com\"}", "Phone": "781-259-9418", "Last Name": "Najjar", "Photo": "", "Address": "30 Garland Road", "Current Status": "2001", "First Name": "Ed", "Bio Information": "Ed graduated from Massachusetts Institute of Technology with a BS and an MS in chemical engineering. He received his PhD from the Harvard Business School PMD in 1970.\n\nAfter brief technical experiences with Dupont in Wilmington, Delaware, and EXXON in Everett, Massachusetts, Ed joined Hampshire Chemical Corporation, a start-up enterprise founded by the late Bradley Dewey, a chemical entrepreneur. Hampshire grew to become a leading specialty chemical company and was acquired by W. R. Grace and Company in 1965. Ed became president of the Organic Chemical Division in 1984, and in 1992 led a successful management buy-out of Grace's chemical manufacturing business with facilities in the US and Europe. Ed served as CEO and then as chair of the board of the new enterprise. He has served on several boards, including Chem Design in Fitchburg and Sentrachem in Johannesberg, South Africa. Dow Chemical acquired Hampshire Chemical in 1997. Ed continued with Dow until his retirement in 1999, having completed 40 years with Hampshire Chemical.\n\nIn retirement, Ed continues to be involved with startup companies and new enterprises in the New England area. He also pursues new interests in health, fitness,a,ild spirituality.He lives in Lincoln and enjoys traveling and time spent with his three children and three grandchildren.", "City State Zip": "Lincoln MA 01773-1800", "Display name": "Ed Najjar", "Member Since": "2001", "Email": "enajjar@aol.com"}
