{"SafeDict": "{\"Phone\": \"781-646-1722\", \"Last Name\": \"Schwartz\", \"Photo\": \"\", \"Address\": \"20 Robin Hood Road\", \"Current Status\": \"2007\", \"First Name\": \"Ed\", \"Bio Information\": \"I took early retirement in 1996 after a career working for MIT\\u2019s Lincoln Laboratory which included 7 years on the Pacific island of Kwajalein.  In retirement I have taken courses, written the story of my immigrant father\\u2019s life (much of his family perished in the Holocaust), volunteered and studied various languages, but primarily French. \\n My interests include current affairs, history, languages and literature. My wife, Paulette, and I enjoy biking and are fortunate to live near the Mystic Lakes where we can kayak and swim. We are also lucky to be able to provide workday childcare for our granddaughters, Sabrina (born 1999) and Natalie (born 2001).\", \"City State Zip\": \"Arlington MA 02474-1242\", \"Display name\": \"Ed Schwartz\", \"Member Since\": \"2007\", \"Email\": \"ed.schwartz@verizon.net\"}", "Phone": "781-646-1722", "Last Name": "Schwartz", "Photo": "", "Address": "20 Robin Hood Road", "Current Status": "2007", "First Name": "Ed", "Bio Information": "I took early retirement in 1996 after a career working for MIT\u2019s Lincoln Laboratory which included 7 years on the Pacific island of Kwajalein.  In retirement I have taken courses, written the story of my immigrant father\u2019s life (much of his family perished in the Holocaust), volunteered and studied various languages, but primarily French. \n My interests include current affairs, history, languages and literature. My wife, Paulette, and I enjoy biking and are fortunate to live near the Mystic Lakes where we can kayak and swim. We are also lucky to be able to provide workday childcare for our granddaughters, Sabrina (born 1999) and Natalie (born 2001).", "City State Zip": "Arlington MA 02474-1242", "Display name": "Ed Schwartz", "Member Since": "2007", "Email": "ed.schwartz@verizon.net"}
