{"SafeDict": "{\"Phone\": \"781-861-9058\", \"Last Name\": \"Mahoney\", \"Photo\": \"\", \"Address\": \"136 Bedford Street\", \"Current Status\": \"1999\", \"First Name\": \"Edward\", \"Bio Information\": \"Edward (Ed) Mahoney lives in Lexington with his wife, Barbara. He received his undergraduate electronic engineering degree and an advanced degree in management science from the University of Massachusetts (Lowell). He spent most of his career in Federal Civil Services as an electronic systems engineer for the US Air Force working on large-scale radar programs around the world. He was also associated with the University of Massachusetts (Lowell) Evening School as a lecturer in business management.\\n\\nEd likes outdoor activities of skiing and hiking New Hampshire's White Mountains. He enjoys volunteering for the Boston Youth Enrichment Service as a ski instructor and a mountain hike leader for the Appalachian Mountain Club;. He looks forward to actively participating in the HILR Program.\", \"City State Zip\": \"Lexington, MA 02420\", \"Display name\": \"Edward Mahoney\", \"Member Since\": \"1999\", \"Email\": \"edwardmahoney@hotmail.com\"}", "Phone": "781-861-9058", "Last Name": "Mahoney", "Photo": "", "Address": "136 Bedford Street", "Current Status": "1999", "First Name": "Edward", "Bio Information": "Edward (Ed) Mahoney lives in Lexington with his wife, Barbara. He received his undergraduate electronic engineering degree and an advanced degree in management science from the University of Massachusetts (Lowell). He spent most of his career in Federal Civil Services as an electronic systems engineer for the US Air Force working on large-scale radar programs around the world. He was also associated with the University of Massachusetts (Lowell) Evening School as a lecturer in business management.\n\nEd likes outdoor activities of skiing and hiking New Hampshire's White Mountains. He enjoys volunteering for the Boston Youth Enrichment Service as a ski instructor and a mountain hike leader for the Appalachian Mountain Club;. He looks forward to actively participating in the HILR Program.", "City State Zip": "Lexington, MA 02420", "Display name": "Edward Mahoney", "Member Since": "1999", "Email": "edwardmahoney@hotmail.com"}
