{"SafeDict": "{\"Phone\": \"617-699-6075\", \"Last Name\": \"Higham\", \"Photo\": \"\", \"Address\": \"35 Pinckney Street\", \"Current Status\": \"Active Member\", \"First Name\": \"Edward\", \"Bio Information\": \"Ed is a native of Boston, attended Boston College for two years and received his BA in political science from Tufts. After four years as a naval officer he studied a year and a half in Argentina on a Fulbright Scholarship and then graduated in 1966 from the Harvard Business School. He also attended the Advanced Management Program at Stanford University in 1988.  His business career was with Goodyear International for 28 years, including a stint as a corporate vice president, Asia Region. His overseas career included living and working in nine different countries, mainly in South America and Asia (England 2 Years,Argentina 2, Peru 3, Venezuela 3, Mexico 2, Colombia 3 (Pres.), Japan 5 (Pres.), Indonesia 2 (Pres.) and Mexico again (Pres.). He retired in 1994 and returned to Boston.\\n\\nHe lives in the city in winter and on Martha's Vineyard during the summer. He has done volunteer consulting work for nonprofits in Boston. He travels frequently, mostly to Europe, and pursues other hobbies such as gardening, tennis, and anything to do with the coast and the ocean. He has developed a love for Carl Jung and his works and tries to mix travel and education around Jungian studies as often as possible. Ed has three children and six grandchildren. He is now doing some research into doing another course on Carl Jung in the near future at HILR. He has also done two courses on \\\"The Italian High Renaissance-Venice, 1470-1570\\\", the last one with Don Freeman in Spring 2015.  \\nHe has 3 children, 6 grandchildren with his oldest grandson graduating from Harvard in Spring 2017.\", \"City State Zip\": \"Boston 02114\", \"Display name\": \"Edward Higham\", \"Member Since\": \"2001\", \"Email\": \"edwardhigham@yahoo.com\"}", "Phone": "617-699-6075", "Last Name": "Higham", "Photo": "", "Address": "35 Pinckney Street", "Current Status": "Active Member", "First Name": "Edward", "Bio Information": "Ed is a native of Boston, attended Boston College for two years and received his BA in political science from Tufts. After four years as a naval officer he studied a year and a half in Argentina on a Fulbright Scholarship and then graduated in 1966 from the Harvard Business School. He also attended the Advanced Management Program at Stanford University in 1988.  His business career was with Goodyear International for 28 years, including a stint as a corporate vice president, Asia Region. His overseas career included living and working in nine different countries, mainly in South America and Asia (England 2 Years,Argentina 2, Peru 3, Venezuela 3, Mexico 2, Colombia 3 (Pres.), Japan 5 (Pres.), Indonesia 2 (Pres.) and Mexico again (Pres.). He retired in 1994 and returned to Boston.\n\nHe lives in the city in winter and on Martha's Vineyard during the summer. He has done volunteer consulting work for nonprofits in Boston. He travels frequently, mostly to Europe, and pursues other hobbies such as gardening, tennis, and anything to do with the coast and the ocean. He has developed a love for Carl Jung and his works and tries to mix travel and education around Jungian studies as often as possible. Ed has three children and six grandchildren. He is now doing some research into doing another course on Carl Jung in the near future at HILR. He has also done two courses on \"The Italian High Renaissance-Venice, 1470-1570\", the last one with Don Freeman in Spring 2015.  \nHe has 3 children, 6 grandchildren with his oldest grandson graduating from Harvard in Spring 2017.", "City State Zip": "Boston 02114", "Display name": "Edward Higham", "Member Since": "2001", "Email": "edwardhigham@yahoo.com"}
