{"SafeDict": "{\"Phone\": \"\", \"Last Name\": \"Maynard\", \"Photo\": \"\", \"Address\": \"\", \"Current Status\": \"2004\", \"First Name\": \"Edwin\", \"Bio Information\": \"2004\", \"City State Zip\": \"\", \"Display name\": \"Edwin Maynard\", \"Member Since\": \"2004\", \"Email\": \"emaynard@partners.org\"}", "Phone": "", "Last Name": "Maynard", "Photo": "", "Address": "", "Current Status": "2004", "First Name": "Edwin", "Bio Information": "2004", "City State Zip": "", "Display name": "Edwin Maynard", "Member Since": "2004", "Email": "emaynard@partners.org"}
