{"SafeDict": "{\"Phone\": \"781-942-1040\", \"Last Name\": \"Collins\", \"Photo\": \"\", \"Address\": \"8B Carnation Circle\", \"Current Status\": \"Reading, MA 01867\", \"First Name\": \"Eileen\", \"Bio Information\": \"One of the first things I did when I retired was to apply to HILR, and I've been a delighted member since 2007. \\nMy career included positions in government, non-profit organizations and commercial banking in such fields as Human Resources, Community Reinvestment,  and a state director of AARP, NH where I worked on the association's Social Security reform campaign and a variety of issues related to aging and society. Most recently I was involved with workforce and economic development issues, particularly the growing shortages of skilled workers, at the Employment and Training Administration of the US Dept. of Labor.\\n\\n I like to cook, dabble in the craft of stained glass and mosaics, travel whenever possible, like jazz, opera and most classical music, reading fiction and works on social history and anthropology. I earned my bachelor's degree from Boston University, and my ALM (Master's in Liberal Arts) with a concentration in  Sociology at Harvard Extension.   I live in Reading with my husband, Charlie.\", \"City State Zip\": \"Reading, MA 01867\", \"Display name\": \"Eileen Collins\", \"Member Since\": \"Reading, MA 01867\", \"Email\": \"eileen.collins97@comcast.net\"}", "Phone": "781-942-1040", "Last Name": "Collins", "Photo": "", "Address": "8B Carnation Circle", "Current Status": "Reading, MA 01867", "First Name": "Eileen", "Bio Information": "One of the first things I did when I retired was to apply to HILR, and I've been a delighted member since 2007. \nMy career included positions in government, non-profit organizations and commercial banking in such fields as Human Resources, Community Reinvestment,  and a state director of AARP, NH where I worked on the association's Social Security reform campaign and a variety of issues related to aging and society. Most recently I was involved with workforce and economic development issues, particularly the growing shortages of skilled workers, at the Employment and Training Administration of the US Dept. of Labor.\n\n I like to cook, dabble in the craft of stained glass and mosaics, travel whenever possible, like jazz, opera and most classical music, reading fiction and works on social history and anthropology. I earned my bachelor's degree from Boston University, and my ALM (Master's in Liberal Arts) with a concentration in  Sociology at Harvard Extension.   I live in Reading with my husband, Charlie.", "City State Zip": "Reading, MA 01867", "Display name": "Eileen Collins", "Member Since": "Reading, MA 01867", "Email": "eileen.collins97@comcast.net"}
