{"SafeDict": "{\"Phone\": \"\", \"Last Name\": \"Reynolds\", \"Photo\": \"\", \"Address\": \"\", \"Current Status\": \"2003\", \"First Name\": \"Eileen\", \"Bio Information\": \"Eileen was born in the shadow of Harvard University and remembers many happy summer days pedaling up to the Peabody Museum where generous guards often admitted the neighborhood children. A child of Irish immigrants, she attended parochial schools and received her BA in English from Emmanuel College.\\n\\nAfter college she did volunteer work in New Mexico, teaching Mexican-American children. Her experiences in the southwest during a time of overt racial bias had a lifelong impact on her. When she returned to Massachusetts, Eileen began a 30-year teaching career, most as an English teacher at Brookline High School. In 1994 she received a grant from the American Council of Learned Societies; she took seminars at Harvard Graduate School of Education and led a team of six other English teachers, writing curriculum which is still used at Brookline High School.\\n\\nResidents of Lexington for 40 years, Eileen and her husband, Meade, have three children and five grandchildren who live nearby. The family summers in Eastham and for decades Eileen has been trying to plant the perfect Cape Cod garden.\\n\\nAt HILR Eileen hopes to share her love of English and American literature and to learn from the rich and often amazing experience of other members.\", \"City State Zip\": \"\", \"Display name\": \"Eileen Reynolds\", \"Member Since\": \"2003\", \"Email\": \"eileenandmeade@aol.com\"}", "Phone": "", "Last Name": "Reynolds", "Photo": "", "Address": "", "Current Status": "2003", "First Name": "Eileen", "Bio Information": "Eileen was born in the shadow of Harvard University and remembers many happy summer days pedaling up to the Peabody Museum where generous guards often admitted the neighborhood children. A child of Irish immigrants, she attended parochial schools and received her BA in English from Emmanuel College.\n\nAfter college she did volunteer work in New Mexico, teaching Mexican-American children. Her experiences in the southwest during a time of overt racial bias had a lifelong impact on her. When she returned to Massachusetts, Eileen began a 30-year teaching career, most as an English teacher at Brookline High School. In 1994 she received a grant from the American Council of Learned Societies; she took seminars at Harvard Graduate School of Education and led a team of six other English teachers, writing curriculum which is still used at Brookline High School.\n\nResidents of Lexington for 40 years, Eileen and her husband, Meade, have three children and five grandchildren who live nearby. The family summers in Eastham and for decades Eileen has been trying to plant the perfect Cape Cod garden.\n\nAt HILR Eileen hopes to share her love of English and American literature and to learn from the rich and often amazing experience of other members.", "City State Zip": "", "Display name": "Eileen Reynolds", "Member Since": "2003", "Email": "eileenandmeade@aol.com"}
