{"SafeDict": "{\"Phone\": \"508-420-0769\", \"Last Name\": \"Miller\", \"Photo\": \"\", \"Address\": \"100 Blackthorn Road\", \"Current Status\": \"1998\", \"First Name\": \"Elaine\", \"Bio Information\": \"Elaine Miller returned to Massachusetts after living in Ohio, Virginia, and Wisconsin. A native Bostonian, she lives on the Cape with her husband, Jack, also an HILR member. Their three children, son-in-law, and four grandchildren all live in other parts of the country\\n\\nShe describes herself as an assertive, creative, self-motivated woman who has had diverse careers as an executive in human resources, in public relations, and in marketing that coincided with her advocacy of women's issues. Currently, she is a volunteer career counselor.\\n\\nElaine's awareness and sensitivity to people and the world we live in has led her to participate in many varied areas of community service for which she has been publicly recognized; she takes significant pride in her involvement as chairperson, trustee, and state advocate for victims of domestic violence. Academia has been a significant part of her life--making possible her participation in the exploration of the intellectual enterprise, which she looks forward to continuing as a member of HILR.\", \"City State Zip\": \"Marstons Mills, MA 02648\", \"Display name\": \"Elaine Miller\", \"Member Since\": \"1998\", \"Email\": \"emjbmiller@comcast.net\"}", "Phone": "508-420-0769", "Last Name": "Miller", "Photo": "", "Address": "100 Blackthorn Road", "Current Status": "1998", "First Name": "Elaine", "Bio Information": "Elaine Miller returned to Massachusetts after living in Ohio, Virginia, and Wisconsin. A native Bostonian, she lives on the Cape with her husband, Jack, also an HILR member. Their three children, son-in-law, and four grandchildren all live in other parts of the country\n\nShe describes herself as an assertive, creative, self-motivated woman who has had diverse careers as an executive in human resources, in public relations, and in marketing that coincided with her advocacy of women's issues. Currently, she is a volunteer career counselor.\n\nElaine's awareness and sensitivity to people and the world we live in has led her to participate in many varied areas of community service for which she has been publicly recognized; she takes significant pride in her involvement as chairperson, trustee, and state advocate for victims of domestic violence. Academia has been a significant part of her life--making possible her participation in the exploration of the intellectual enterprise, which she looks forward to continuing as a member of HILR.", "City State Zip": "Marstons Mills, MA 02648", "Display name": "Elaine Miller", "Member Since": "1998", "Email": "emjbmiller@comcast.net"}
