{"SafeDict": "{\"Phone\": \"\", \"Last Name\": \"Hawley\", \"Photo\": \"\", \"Address\": \"\", \"Current Status\": \"\", \"First Name\": \"Elaine\", \"Bio Information\": \"\", \"City State Zip\": \"\", \"Display name\": \"Elaine Hawley\", \"Member Since\": \"\", \"Email\": \"ehaw15@hotmail.com\"}", "Phone": "", "Last Name": "Hawley", "Photo": "", "Address": "", "Current Status": "", "First Name": "Elaine", "Bio Information": "", "City State Zip": "", "Display name": "Elaine Hawley", "Member Since": "", "Email": "ehaw15@hotmail.com"}
