{"SafeDict": "{\"Phone\": \"617-868-0082\", \"Last Name\": \"Boettcher\", \"Photo\": \"\", \"Address\": \"950 Mass Avenue\", \"Current Status\": \"Active Member\", \"First Name\": \"Elaine\", \"Bio Information\": \"Elaine Boettcher, born and raised in Connecticut, graduated from Hartford Hospital School of Nursing (Dip.N) and earned degrees from Boston University (BS) and the University of Delaware (MS). During her career she helped educate nursing students at the baccalaureate level and has developed many courses and workshops related to psychiatric-mental health nursing.\\n\\nHer first academic appointment was at the Neuropsychiatric Institute of the University of Michigan as supervisor and instructor of nursing followed by a faculty position at the University of Delaware where she taught for almost two decades. During this period Elaine enrolled in many literature courses for both personal pleasure and professional reasons. This shift in educational focus was largely motivated because she saw a gap between her students\\u2019 science and humanities course requirements and wanted to bridge this by introducing literary characters and scenarios into her lectures and seminars to more clearly illustrate concepts of health, illness, and coping relevant to nursing.\\n\\nAfter retirement as associate professor, Elaine began a period of extensive travel with her husband, now deceased. A trip to Turkey left her with an abiding interest in Sufi poetry. Other interests include painting, contemporary art, piano lessons, hiking and XC skiing. Her recent volunteer activities were Audubon nature guide, hospice volunteer, and deacon at her church. She moved to Cambridge this spring from Northampton, MA where she enjoyed the Five College LIR and eagerly looks forward to her membership in HILR.\", \"City State Zip\": \"Cambridge MA 02139\", \"Display name\": \"Elaine Boettcher\", \"Member Since\": \"2007\", \"Email\": \"elaineboettcher@comcast.net\"}", "Phone": "617-868-0082", "Last Name": "Boettcher", "Photo": "", "Address": "950 Mass Avenue", "Current Status": "Active Member", "First Name": "Elaine", "Bio Information": "Elaine Boettcher, born and raised in Connecticut, graduated from Hartford Hospital School of Nursing (Dip.N) and earned degrees from Boston University (BS) and the University of Delaware (MS). During her career she helped educate nursing students at the baccalaureate level and has developed many courses and workshops related to psychiatric-mental health nursing.\n\nHer first academic appointment was at the Neuropsychiatric Institute of the University of Michigan as supervisor and instructor of nursing followed by a faculty position at the University of Delaware where she taught for almost two decades. During this period Elaine enrolled in many literature courses for both personal pleasure and professional reasons. This shift in educational focus was largely motivated because she saw a gap between her students\u2019 science and humanities course requirements and wanted to bridge this by introducing literary characters and scenarios into her lectures and seminars to more clearly illustrate concepts of health, illness, and coping relevant to nursing.\n\nAfter retirement as associate professor, Elaine began a period of extensive travel with her husband, now deceased. A trip to Turkey left her with an abiding interest in Sufi poetry. Other interests include painting, contemporary art, piano lessons, hiking and XC skiing. Her recent volunteer activities were Audubon nature guide, hospice volunteer, and deacon at her church. She moved to Cambridge this spring from Northampton, MA where she enjoyed the Five College LIR and eagerly looks forward to her membership in HILR.", "City State Zip": "Cambridge MA 02139", "Display name": "Elaine Boettcher", "Member Since": "2007", "Email": "elaineboettcher@comcast.net"}
