{"SafeDict": "{\"Phone\": \"(603) 625-6660\", \"Last Name\": \"Porter\", \"Photo\": \"\", \"Address\": \"1059 Chestnut St.\", \"Current Status\": \"1992\", \"First Name\": \"Eleanor\", \"Bio Information\": \"E1eanor (Ellie) A. Porter, formerly of Boston, has lived in Manchester, NH for 40 years. She graduated from Girls' Latin School and has a BS from Northeastern University. She has taken MBA courses at New Hampshire College.\\n\\nShe is a co-founder and former CEO of a public relations firm, counseling a broad range of clients and has served as a volunteer in the NH Public Radio board, League of Women Voters as President, and as a trustee in the NH Council on the Humanities.\\nShe is an avid reader, walker, bridge player, museum attendee, with a passion for chamber music. She has interests ranging from histry and world affairs to cookie baking.  She has been President of the HILR Council, is a Distinguished Member and currently is the HILR Ombudsman.\", \"City State Zip\": \"Manchester, NH 03104-2002\", \"Display name\": \"Eleanor Porter\", \"Member Since\": \"1992\", \"Email\": \"ep1059@juno.com\"}", "Phone": "(603) 625-6660", "Last Name": "Porter", "Photo": "", "Address": "1059 Chestnut St.", "Current Status": "1992", "First Name": "Eleanor", "Bio Information": "E1eanor (Ellie) A. Porter, formerly of Boston, has lived in Manchester, NH for 40 years. She graduated from Girls' Latin School and has a BS from Northeastern University. She has taken MBA courses at New Hampshire College.\n\nShe is a co-founder and former CEO of a public relations firm, counseling a broad range of clients and has served as a volunteer in the NH Public Radio board, League of Women Voters as President, and as a trustee in the NH Council on the Humanities.\nShe is an avid reader, walker, bridge player, museum attendee, with a passion for chamber music. She has interests ranging from histry and world affairs to cookie baking.  She has been President of the HILR Council, is a Distinguished Member and currently is the HILR Ombudsman.", "City State Zip": "Manchester, NH 03104-2002", "Display name": "Eleanor Porter", "Member Since": "1992", "Email": "ep1059@juno.com"}
