{"SafeDict": "{\"Phone\": \"\", \"Last Name\": \"Price\", \"Photo\": \"\", \"Address\": \"\", \"Current Status\": \"2008\", \"First Name\": \"Eleanor\", \"Bio Information\": \"Eleanor Price was born in Dublin, and received a B.Arch. from the National University of Ireland. She worked in Dublin, London, Salisbury, Southern Rhodesia (Zimbabwe), then came to the United States to San Francisco, where she worked for the University of California as a liaison with outside architects. Three years later, she came to NYC and worked for Rogers, Butler and Bourgoyne, specializing in hospital and school design. A year later she met Donald Price, a corporate lawyer. They married and moved to Montclair, NJ where she raised two children, took a break from architecture, and participated in local school and urban revitalization projects.\\n\\nWhen the children started school she returned to college, and received an MS in Historic Preservation from Columbia University. Making a career change to work as Preservation Consultant, she produced a study of significant buildings in Montclair, resulting in six Historic Districts nominated to the National Register of Historic Places. She gave lectures, edited and reviewed books, and worked with NJ Historical Society, the Society of Architectural Historians and NJ Historic Sites review board.\\n\\nWhen her husband retired, they moved to Wilmington, NC. Eleanor became Preservation Consultant to Wilmington, rewrote Design Guidelines for the city\\u2019s Historic Districts, and documented extensions to existing Residential Districts. She was a board member of the local Chamber Music Society and active tennis player.\\n\\nWhen Don died in 2004 she moved north, close to her daughter and grandchildren in Somerville. Today she is exploring historic sites in Cambridge and Boston, enjoying grandchildren, attending concerts, and visiting art museums. She looks forward to the HILR community.\", \"City State Zip\": \"\", \"Display name\": \"Eleanor Price\", \"Member Since\": \"2008\", \"Email\": \"eleanormprice@comcast.net\"}", "Phone": "", "Last Name": "Price", "Photo": "", "Address": "", "Current Status": "2008", "First Name": "Eleanor", "Bio Information": "Eleanor Price was born in Dublin, and received a B.Arch. from the National University of Ireland. She worked in Dublin, London, Salisbury, Southern Rhodesia (Zimbabwe), then came to the United States to San Francisco, where she worked for the University of California as a liaison with outside architects. Three years later, she came to NYC and worked for Rogers, Butler and Bourgoyne, specializing in hospital and school design. A year later she met Donald Price, a corporate lawyer. They married and moved to Montclair, NJ where she raised two children, took a break from architecture, and participated in local school and urban revitalization projects.\n\nWhen the children started school she returned to college, and received an MS in Historic Preservation from Columbia University. Making a career change to work as Preservation Consultant, she produced a study of significant buildings in Montclair, resulting in six Historic Districts nominated to the National Register of Historic Places. She gave lectures, edited and reviewed books, and worked with NJ Historical Society, the Society of Architectural Historians and NJ Historic Sites review board.\n\nWhen her husband retired, they moved to Wilmington, NC. Eleanor became Preservation Consultant to Wilmington, rewrote Design Guidelines for the city\u2019s Historic Districts, and documented extensions to existing Residential Districts. She was a board member of the local Chamber Music Society and active tennis player.\n\nWhen Don died in 2004 she moved north, close to her daughter and grandchildren in Somerville. Today she is exploring historic sites in Cambridge and Boston, enjoying grandchildren, attending concerts, and visiting art museums. She looks forward to the HILR community.", "City State Zip": "", "Display name": "Eleanor Price", "Member Since": "2008", "Email": "eleanormprice@comcast.net"}
