{"SafeDict": "{\"Phone\": \"603-232-7007\", \"Last Name\": \"Freedman\", \"Photo\": \"\", \"Address\": \"200 Alliance Way Apt. 413\", \"Current Status\": \"Active Member\", \"First Name\": \"Elenore (Ellie)\", \"Bio Information\": \"Ellie was raised in Brockton, MA; graduated Radcliffe College in 1947; married Peter Freedman (d. 1986). They lived for 10 years in Marion, MA, sailing and politicking.\\n\\nLiving in Bedford, NH for 50 years, they lived in a modern designed home in the woods, She is now in an independent retirement facility in Manchester, NH. She worked in various organizations and in professional capacities for NH better public schools,was the Director of the NH School Principals Association and then the Director of the NH School Imporvement Program and its  governing Council for Effective Schools.She consulted with many public schools.  She was also always involved with liberal Democratic politics on the side. Founder of The Derryfield School; board member of NH Charitable Foundation (first woman chair), NH Public TV, Currier Museum of Art; Bedford Library Foundation; President of NH Harvard-Radcliffe Club. Daughter Dorrie Freedman lives in Melrose, works for the MA Department of Mental Retardation, sings with the Boston Symphony\\u2019s Tanglewood Festival Chorus. She graduated Syracuse Univ. (Theater) and Lesley (MA in Special Ed.). Son Hal Freedman lives in New York City, is a composer, jazz musician and works for Operative, Inc. supervising computer system implementations. He is a graduate of Yale (music and math) and Columbia (MA in music). His wife, Margaret Popper (Yale and U Penn\\u2019s Wharton School) is an economic supervisor of reporters in the financial field at CNBC ; daughter Zelie (Cecily vanBuren-Freedman), 18 is at Haverford College and Petra (Petra Popper-Freedman),10, is at The Cathedral School in New York City.\", \"City State Zip\": \"Manchester NH 03102-\", \"Display name\": \"Elenore Freedman\", \"Member Since\": \"1992\", \"Email\": \"efreedman-nh@comcast.net\"}", "Phone": "603-232-7007", "Last Name": "Freedman", "Photo": "", "Address": "200 Alliance Way Apt. 413", "Current Status": "Active Member", "First Name": "Elenore (Ellie)", "Bio Information": "Ellie was raised in Brockton, MA; graduated Radcliffe College in 1947; married Peter Freedman (d. 1986). They lived for 10 years in Marion, MA, sailing and politicking.\n\nLiving in Bedford, NH for 50 years, they lived in a modern designed home in the woods, She is now in an independent retirement facility in Manchester, NH. She worked in various organizations and in professional capacities for NH better public schools,was the Director of the NH School Principals Association and then the Director of the NH School Imporvement Program and its  governing Council for Effective Schools.She consulted with many public schools.  She was also always involved with liberal Democratic politics on the side. Founder of The Derryfield School; board member of NH Charitable Foundation (first woman chair), NH Public TV, Currier Museum of Art; Bedford Library Foundation; President of NH Harvard-Radcliffe Club. Daughter Dorrie Freedman lives in Melrose, works for the MA Department of Mental Retardation, sings with the Boston Symphony\u2019s Tanglewood Festival Chorus. She graduated Syracuse Univ. (Theater) and Lesley (MA in Special Ed.). Son Hal Freedman lives in New York City, is a composer, jazz musician and works for Operative, Inc. supervising computer system implementations. He is a graduate of Yale (music and math) and Columbia (MA in music). His wife, Margaret Popper (Yale and U Penn\u2019s Wharton School) is an economic supervisor of reporters in the financial field at CNBC ; daughter Zelie (Cecily vanBuren-Freedman), 18 is at Haverford College and Petra (Petra Popper-Freedman),10, is at The Cathedral School in New York City.", "City State Zip": "Manchester NH 03102-", "Display name": "Elenore Freedman", "Member Since": "1992", "Email": "efreedman-nh@comcast.net"}
