{"SafeDict": "{\"Phone\": \"(978) 369-3588\", \"Last Name\": \"Stout\", \"Photo\": \"\", \"Address\": \"11 Concord Greene. Unit 3\", \"Current Status\": \"2013\", \"First Name\": \"Elinor\", \"Bio Information\": \"The great white whale broke through the surface of the sea sounding like \\u201c1,000 elephants rustling in their hay\\u201d wrote author, Herman Melville\\u2014and a cast of actors, in their imaginary whale boats, began readying their harpoons (well, rod iron shafts) for the kill.\\nAccording to Ellinor Stout, WGBH producer/director, the thunderous action scene of water, whale and shouting men was being created in a WGBH/Boston broadcasting studio as a debut of the re-introduction to radio drama in the United States for transmission over National Public Radio. The year-long production goal of the radio drama series---Masterpiece Radio Theatre, hosted by actress, Julie Harris--- was to transpose American literature into portraits of sound for U.S. radio listeners.\\nA WGBH reporter, on-air voice and producer/director, Elinor trained in radio drama at the BBC in London. (The end result for WGBH was recipient of two of the top awards in U.S. broadcasting, the Peabody Award and the Ohio State Award).\\nBroadcasting, as one element of communications, is an umbrella term which includes marketing communications and public relations. In that context, and as a long-time director of communications, Elinor\\u2019s professional contributions have included: (the arts), public relations director, the Institute of Contemporary Art and the Boston Ballet; (marketing communications), Digital Equipment Corporation film director with extensive filming in Australia, Japan and Europe focusing on artificial intelligence stories; (healthcare), the last 10 years in mental health as communications consultant for the Massachusetts School of Professional Psychology (MSPP) working closely with its president in creating national/international visibility concerning mental health issues of victims of human trafficking. MSPP efforts also included: broad interaction with MSPP student veterans from the Iraq/Afghanistan wars who are preparing to be psychologists, and working with military families concerning the effects of returning veterans with post-traumatic stress and traumatic brain injuries.\\nA native New Englander and the mother of three children, Elinor\\u2019s eldest son, Timothy, was killed on September 11, 2001 while working at the World Trade Center\\u2014leaving a young wife and three small children. In honor of her son, professional communications experience helped Elinor in assisting a newly formed \\u201cAmerican Islamic Congress\\u201d, an organization founded by Muslims whose mission was to eliminate hate speech and create better understanding between Islamists and the West.   A member of the Board of Trustees of the Families of September 11, she also made several presentations to members of Congress regarding nuclear proliferation. An ongoing contributor in the development of the National September Memorial and Museum, Elinor has focused on the context of \\u201c why the 9/11 attacks\\u201d and elements of fanaticism.\\nA lover of literature, the arts, anthropology and a \\u201cprofessed\\u201d activist, Elinor resides in Concord, Ma with her husband, Len, with frequent family interactions on the East and West Coasts and Utah. She looks forward to listening and sharing thoughts and ideas with HILR colleagues.\", \"City State Zip\": \"Concord, MA. 01742\", \"Display name\": \"Elinor Stout\", \"Member Since\": \"2013\", \"Email\": \"estout2000@hotmail.com\"}", "Phone": "(978) 369-3588", "Last Name": "Stout", "Photo": "", "Address": "11 Concord Greene. Unit 3", "Current Status": "2013", "First Name": "Elinor", "Bio Information": "The great white whale broke through the surface of the sea sounding like \u201c1,000 elephants rustling in their hay\u201d wrote author, Herman Melville\u2014and a cast of actors, in their imaginary whale boats, began readying their harpoons (well, rod iron shafts) for the kill.\nAccording to Ellinor Stout, WGBH producer/director, the thunderous action scene of water, whale and shouting men was being created in a WGBH/Boston broadcasting studio as a debut of the re-introduction to radio drama in the United States for transmission over National Public Radio. The year-long production goal of the radio drama series---Masterpiece Radio Theatre, hosted by actress, Julie Harris--- was to transpose American literature into portraits of sound for U.S. radio listeners.\nA WGBH reporter, on-air voice and producer/director, Elinor trained in radio drama at the BBC in London. (The end result for WGBH was recipient of two of the top awards in U.S. broadcasting, the Peabody Award and the Ohio State Award).\nBroadcasting, as one element of communications, is an umbrella term which includes marketing communications and public relations. In that context, and as a long-time director of communications, Elinor\u2019s professional contributions have included: (the arts), public relations director, the Institute of Contemporary Art and the Boston Ballet; (marketing communications), Digital Equipment Corporation film director with extensive filming in Australia, Japan and Europe focusing on artificial intelligence stories; (healthcare), the last 10 years in mental health as communications consultant for the Massachusetts School of Professional Psychology (MSPP) working closely with its president in creating national/international visibility concerning mental health issues of victims of human trafficking. MSPP efforts also included: broad interaction with MSPP student veterans from the Iraq/Afghanistan wars who are preparing to be psychologists, and working with military families concerning the effects of returning veterans with post-traumatic stress and traumatic brain injuries.\nA native New Englander and the mother of three children, Elinor\u2019s eldest son, Timothy, was killed on September 11, 2001 while working at the World Trade Center\u2014leaving a young wife and three small children. In honor of her son, professional communications experience helped Elinor in assisting a newly formed \u201cAmerican Islamic Congress\u201d, an organization founded by Muslims whose mission was to eliminate hate speech and create better understanding between Islamists and the West.   A member of the Board of Trustees of the Families of September 11, she also made several presentations to members of Congress regarding nuclear proliferation. An ongoing contributor in the development of the National September Memorial and Museum, Elinor has focused on the context of \u201c why the 9/11 attacks\u201d and elements of fanaticism.\nA lover of literature, the arts, anthropology and a \u201cprofessed\u201d activist, Elinor resides in Concord, Ma with her husband, Len, with frequent family interactions on the East and West Coasts and Utah. She looks forward to listening and sharing thoughts and ideas with HILR colleagues.", "City State Zip": "Concord, MA. 01742", "Display name": "Elinor Stout", "Member Since": "2013", "Email": "estout2000@hotmail.com"}
