{"SafeDict": "{\"Phone\": \"(857) 285-6907\", \"Last Name\": \"Tripp\", \"Photo\": \"\", \"Address\": \"55 Magazine St Apt 2\", \"Current Status\": \"2015\", \"First Name\": \"Elise\", \"Bio Information\": \"Elise (Lisa) Forbes Tripp spent her junior year at Radcliffe teaching in Hong Kong and Japan, and the year after college teaching in Tanzania.  She taught history at the secondary level and in community colleges for 19 years.  She lived in Washington DC for 27 years, getting her PhD at the Nitze School of Advanced International Studies.  \\n\\nShe worked in the external affairs department of the World Bank for 15 years, especially on cooperation with the specialized agencies of the UN, such as the ILO, UNICEF and the UNHCR.  Her last effort was in having the World Bank lend for the reeducation of child soldiers.\\n\\nMost recently, she wrote two oral histories as narrated by veterans: Surviving Iraq, Soldiers\\u2019 Stories (2007) and American Veterans on War: Personal stories from World War II to Afghanistan (2011).  She hopes to interview survivors of genocide who are now in the US about how they have survived such a devastating experience.\\n\\nAside from an interest in politics and supporting candidates, I like to kayak and resonate to all forms of classical music.\", \"City State Zip\": \"Cambridge, MA 02139\", \"Display name\": \"Elise Tripp\", \"Member Since\": \"2015\", \"Email\": \"lftripp1@comcast.net\"}", "Phone": "(857) 285-6907", "Last Name": "Tripp", "Photo": "", "Address": "55 Magazine St Apt 2", "Current Status": "2015", "First Name": "Elise", "Bio Information": "Elise (Lisa) Forbes Tripp spent her junior year at Radcliffe teaching in Hong Kong and Japan, and the year after college teaching in Tanzania.  She taught history at the secondary level and in community colleges for 19 years.  She lived in Washington DC for 27 years, getting her PhD at the Nitze School of Advanced International Studies.  \n\nShe worked in the external affairs department of the World Bank for 15 years, especially on cooperation with the specialized agencies of the UN, such as the ILO, UNICEF and the UNHCR.  Her last effort was in having the World Bank lend for the reeducation of child soldiers.\n\nMost recently, she wrote two oral histories as narrated by veterans: Surviving Iraq, Soldiers\u2019 Stories (2007) and American Veterans on War: Personal stories from World War II to Afghanistan (2011).  She hopes to interview survivors of genocide who are now in the US about how they have survived such a devastating experience.\n\nAside from an interest in politics and supporting candidates, I like to kayak and resonate to all forms of classical music.", "City State Zip": "Cambridge, MA 02139", "Display name": "Elise Tripp", "Member Since": "2015", "Email": "lftripp1@comcast.net"}
