{"SafeDict": "{\"Phone\": \"\", \"Last Name\": \"Neild\", \"Photo\": \"\", \"Address\": \"\", \"Current Status\": \"\", \"First Name\": \"Elizabeth\", \"Bio Information\": \"Elizabeth was born and grew up in New Zealand, graduating from Victoria University in Wellington with a degree in English and French. After teaching at a high school for a few years, she decided to see the world. She spent some time in London and ended up in France, where she was an English assistant in Marseilles and Paris and taught English for a number of institutions. She came to North America to get a graduate degree in comparative literature, and completed an MA at the University of Montreal and a PhD at the University of Chicago.\\n\\nShe moved to Cambridge in 1980.  In this area, Elizabeth taught in several universities, including Harvard, where she was a lecturer for a number of years in the undergraduate literature concentration. She led sophomore seminars and supervised junior papers and senior honors theses. A stint as a volunteer for the Hospice of Cambridge led her to obtain an MSW from Simmons College, and she worked as a psychiatric social worker until her retirement.\\n\\nHer interests include hiking, cross-country skiing, and current affairs.\", \"City State Zip\": \"\", \"Display name\": \"Elizabeth Neild\", \"Member Since\": \"\", \"Email\": \"elizabeth.neild@gmail.com\"}", "Phone": "", "Last Name": "Neild", "Photo": "", "Address": "", "Current Status": "", "First Name": "Elizabeth", "Bio Information": "Elizabeth was born and grew up in New Zealand, graduating from Victoria University in Wellington with a degree in English and French. After teaching at a high school for a few years, she decided to see the world. She spent some time in London and ended up in France, where she was an English assistant in Marseilles and Paris and taught English for a number of institutions. She came to North America to get a graduate degree in comparative literature, and completed an MA at the University of Montreal and a PhD at the University of Chicago.\n\nShe moved to Cambridge in 1980.  In this area, Elizabeth taught in several universities, including Harvard, where she was a lecturer for a number of years in the undergraduate literature concentration. She led sophomore seminars and supervised junior papers and senior honors theses. A stint as a volunteer for the Hospice of Cambridge led her to obtain an MSW from Simmons College, and she worked as a psychiatric social worker until her retirement.\n\nHer interests include hiking, cross-country skiing, and current affairs.", "City State Zip": "", "Display name": "Elizabeth Neild", "Member Since": "", "Email": "elizabeth.neild@gmail.com"}
