{"SafeDict": "{\"Phone\": \"617-876-4647\", \"Last Name\": \"VanBuren\", \"Photo\": \"\", \"Address\": \"19 Coolidge Hill Road\", \"Current Status\": \"1991\", \"First Name\": \"Elizabeth P.\", \"Bio Information\": \"Elizabeth P. van Buren, of Cambridge, was a gallery associate at the Weeden Gallery, Boston. She later opened the van Buren/Brazelton Cutting Gallery in Cambridge, and has been instrumental in arranging traveling art exhibitions to the U.S. Currently\", \"City State Zip\": \"Cambridge MA 02138-5509\", \"Display name\": \"Elizabeth P VanBuren\", \"Member Since\": \"1991\", \"Email\": \"epvb@verizon.net\"}", "Phone": "617-876-4647", "Last Name": "VanBuren", "Photo": "", "Address": "19 Coolidge Hill Road", "Current Status": "1991", "First Name": "Elizabeth P.", "Bio Information": "Elizabeth P. van Buren, of Cambridge, was a gallery associate at the Weeden Gallery, Boston. She later opened the van Buren/Brazelton Cutting Gallery in Cambridge, and has been instrumental in arranging traveling art exhibitions to the U.S. Currently", "City State Zip": "Cambridge MA 02138-5509", "Display name": "Elizabeth P VanBuren", "Member Since": "1991", "Email": "epvb@verizon.net"}
