{"SafeDict": "{\"Phone\": \"617-734-8252\", \"Last Name\": \"Dorsey\", \"Photo\": \"\", \"Address\": \"77 Pond Avenue, #1101\", \"Current Status\": \"Active\", \"First Name\": \"Elizabeth\", \"Bio Information\": \"Elizabeth was raised in Cambridge. She earned an AB in Chemistry from Emmanuel College in Boston. Upon graduation, she assisted in chemical research first in Harvard\\u2019s medical laboratories, then at Northeastern University where she investigated the efficacy of using pitch perturbations as a diagnostic tool.  Later, following an eight month hiatus in Europe while her husband trained the German Air Force in the use of air traffic control systems developed by Raytheon, Elizabeth developed methods for detecting low-level radionuclides in the environment for the US DPH where she closed out her career in Chemical work.\\nWhen her two sons were in grammar school, she substituted for the math and science departments at Winchester High School, taught religion for her sons\\u2019 classes, was active in and later President of the Boston Chapter of Jack and Jill of America, worked on community issues and enjoyed tennis and bridge. When her children were older, Elizabeth earned her JD from Suffolk University.  She pursued a general legal services practice for four years before joining her interests in science and law at MassDEP. There, in addition to her 23 year focus on environmental law, and working closely with the State Ethics Commission, Elizabeth advised MassDEP personnel on Ethics matters. \\nDuring this time, Elizabeth has also pursued her interest in less restrictive methods of dispute resolution. She earned certificates in Alternative Dispute Resolution from Metropolitan Mediation Services, Harvard, and finally the Masters Program at UMass. She participated in the Harvard/MIT/Tufts Consortium\\u2019s Program of Negotiation for Senior Executives and in addition to resolving community disputes for Metropolitan Mediation Services, handled disputes referred by the Middlesex and Suffolk County Courts and was a principal in the design of the first program to expedite resolution of environmental appeals at MassDEP. \\n\\nHaving moved from her Chestnut Hill home and retired from DEP, she looks forward to enjoying her grandchildren, polishing her Russian, publishing journal articles more frrequent travel and becoming an active participant in HILR.\", \"City State Zip\": \"Brookline MA 02445\", \"Display name\": \"Elizabeth Dorsey\", \"Member Since\": \"2008\", \"Email\": \"lizal714@gmail.com\"}", "Phone": "617-734-8252", "Last Name": "Dorsey", "Photo": "", "Address": "77 Pond Avenue, #1101", "Current Status": "Active", "First Name": "Elizabeth", "Bio Information": "Elizabeth was raised in Cambridge. She earned an AB in Chemistry from Emmanuel College in Boston. Upon graduation, she assisted in chemical research first in Harvard\u2019s medical laboratories, then at Northeastern University where she investigated the efficacy of using pitch perturbations as a diagnostic tool.  Later, following an eight month hiatus in Europe while her husband trained the German Air Force in the use of air traffic control systems developed by Raytheon, Elizabeth developed methods for detecting low-level radionuclides in the environment for the US DPH where she closed out her career in Chemical work.\nWhen her two sons were in grammar school, she substituted for the math and science departments at Winchester High School, taught religion for her sons\u2019 classes, was active in and later President of the Boston Chapter of Jack and Jill of America, worked on community issues and enjoyed tennis and bridge. When her children were older, Elizabeth earned her JD from Suffolk University.  She pursued a general legal services practice for four years before joining her interests in science and law at MassDEP. There, in addition to her 23 year focus on environmental law, and working closely with the State Ethics Commission, Elizabeth advised MassDEP personnel on Ethics matters. \nDuring this time, Elizabeth has also pursued her interest in less restrictive methods of dispute resolution. She earned certificates in Alternative Dispute Resolution from Metropolitan Mediation Services, Harvard, and finally the Masters Program at UMass. She participated in the Harvard/MIT/Tufts Consortium\u2019s Program of Negotiation for Senior Executives and in addition to resolving community disputes for Metropolitan Mediation Services, handled disputes referred by the Middlesex and Suffolk County Courts and was a principal in the design of the first program to expedite resolution of environmental appeals at MassDEP. \n\nHaving moved from her Chestnut Hill home and retired from DEP, she looks forward to enjoying her grandchildren, polishing her Russian, publishing journal articles more frrequent travel and becoming an active participant in HILR.", "City State Zip": "Brookline MA 02445", "Display name": "Elizabeth Dorsey", "Member Since": "2008", "Email": "lizal714@gmail.com"}
