{"SafeDict": "{\"Phone\": \"617-527-6560\", \"Last Name\": \"Simons\", \"Photo\": \"\", \"Address\": \"117 Chestnut St.\", \"Current Status\": \"2007\", \"First Name\": \"Elizabeth\", \"Bio Information\": \"I was born in Vienna, Austria, left for France six months after Hitler\\u2019s Anschluss, and fled, even more surreptitiously, nine months after the occupation of France by Germany, eventually landing in the U.S. in June 1941.\\n\\nSince central European families expect their daughters as well as their sons to have careers, no one tried to dissuade me from studying engineering. After obtaining a BChE from Cooper Union, there were few jobs for men, even fewer for women, so  i went on to obtain a PhD in physical chemistry/biophysics from Yale before moving to Boston with my husband Harold in 1953. After a short stint in industry, I taught at Wellesley College, then at Harvard Medical School for 14 years before moving to Boston University School of Medicine. I was Professor of Biochemistry, teaching graduate and medical students, doing research on various blood cells which led to research on thrombosis, on Alzheimer's Disease, on infectious diseases such as tuberculosis, meanwhile directing graduate student research and functioning as Assistant Director for Basic Sciences in BUSM's Office of Medical Education. At the same time I was a member of the Harvard College Board of Tutors in Biochemical Sciences from 1969 to 1994.\\nOur plans for retirement in 1997 were thwarted when Harold was diagnosed with cancer just after I started the transition. He only survived for 2 years so I did not retire completely until June 30, 2012. I now have much more time to devote to HILR, am also heavily involved in administration of a professional chamber music group, the Boston Artists Ensemble, and in Newton At Home, a community organization patterned after Beacon Hill Village.\\nI joined Boston College's ILR in 2000, left it for HILR in 2006. At BCILR I led a number of courses on GB Shaw's plays and on cultural attitudes toards elders. Since coming to HILR I co-led one on Shaw's Women with Dolores Murphy, then several courses with Herb Kagan on how modern drugs are designed. At HILR, I'm pursuing more of the subjects  my undergraduate and graduate education never covered (literature, history, cultural development, etc.), learning by leading and by taking courses, enjoying the lively discussions and the life experiences described by my fellow members and being a member of such a vibrant community.\", \"City State Zip\": \"West Newton, MA 02465\", \"Display name\": \"Elizabeth R. Simons\", \"Member Since\": \"2007\", \"Email\": \"ersimons@earthlink.net\"}", "Phone": "617-527-6560", "Last Name": "Simons", "Photo": "", "Address": "117 Chestnut St.", "Current Status": "2007", "First Name": "Elizabeth", "Bio Information": "I was born in Vienna, Austria, left for France six months after Hitler\u2019s Anschluss, and fled, even more surreptitiously, nine months after the occupation of France by Germany, eventually landing in the U.S. in June 1941.\n\nSince central European families expect their daughters as well as their sons to have careers, no one tried to dissuade me from studying engineering. After obtaining a BChE from Cooper Union, there were few jobs for men, even fewer for women, so  i went on to obtain a PhD in physical chemistry/biophysics from Yale before moving to Boston with my husband Harold in 1953. After a short stint in industry, I taught at Wellesley College, then at Harvard Medical School for 14 years before moving to Boston University School of Medicine. I was Professor of Biochemistry, teaching graduate and medical students, doing research on various blood cells which led to research on thrombosis, on Alzheimer's Disease, on infectious diseases such as tuberculosis, meanwhile directing graduate student research and functioning as Assistant Director for Basic Sciences in BUSM's Office of Medical Education. At the same time I was a member of the Harvard College Board of Tutors in Biochemical Sciences from 1969 to 1994.\nOur plans for retirement in 1997 were thwarted when Harold was diagnosed with cancer just after I started the transition. He only survived for 2 years so I did not retire completely until June 30, 2012. I now have much more time to devote to HILR, am also heavily involved in administration of a professional chamber music group, the Boston Artists Ensemble, and in Newton At Home, a community organization patterned after Beacon Hill Village.\nI joined Boston College's ILR in 2000, left it for HILR in 2006. At BCILR I led a number of courses on GB Shaw's plays and on cultural attitudes toards elders. Since coming to HILR I co-led one on Shaw's Women with Dolores Murphy, then several courses with Herb Kagan on how modern drugs are designed. At HILR, I'm pursuing more of the subjects  my undergraduate and graduate education never covered (literature, history, cultural development, etc.), learning by leading and by taking courses, enjoying the lively discussions and the life experiences described by my fellow members and being a member of such a vibrant community.", "City State Zip": "West Newton, MA 02465", "Display name": "Elizabeth R. Simons", "Member Since": "2007", "Email": "ersimons@earthlink.net"}
