{"SafeDict": "{\"Phone\": \"617-864-2372\", \"Last Name\": \"Mahler\", \"Photo\": \"\", \"Address\": \"7A Walnut Avenue\", \"Current Status\": \"1992\", \"First Name\": \"Ella\", \"Bio Information\": \"Ella Mahler, of Cambridge, received a BA from Wellesley College, an MM from the NE Conservatory of Music, PhD from Brandeis University, and a master's degree from Harvard Divinity School.\\n\\nHer first career involved teaching music at the University of Chicago, the University of Hawaii and the Massachusetts Institute of Technology. A second career consists of directing Duck Cove Retreat which gives retreat weekends to recovering women.\\n\\nHer interests range from mushrooming to mountain climbing to psychology of women.\", \"City State Zip\": \"Cambridge MA 02140-2706\", \"Display name\": \"Ella Mahler\", \"Member Since\": \"1992\", \"Email\": \"ella.mahler@gmail.com\"}", "Phone": "617-864-2372", "Last Name": "Mahler", "Photo": "", "Address": "7A Walnut Avenue", "Current Status": "1992", "First Name": "Ella", "Bio Information": "Ella Mahler, of Cambridge, received a BA from Wellesley College, an MM from the NE Conservatory of Music, PhD from Brandeis University, and a master's degree from Harvard Divinity School.\n\nHer first career involved teaching music at the University of Chicago, the University of Hawaii and the Massachusetts Institute of Technology. A second career consists of directing Duck Cove Retreat which gives retreat weekends to recovering women.\n\nHer interests range from mushrooming to mountain climbing to psychology of women.", "City State Zip": "Cambridge MA 02140-2706", "Display name": "Ella Mahler", "Member Since": "1992", "Email": "ella.mahler@gmail.com"}
