{"SafeDict": "{\"Phone\": \"(617) 312-7282\", \"Last Name\": \"Glanz\", \"Photo\": \"\", \"Address\": \"39 Hillside Ave.\", \"Current Status\": \"Active Member\", \"First Name\": \"Ellen\", \"Bio Information\": \"Ellen appreciates the tremendous positive impact HILR has had on her retirement, providing both intellectual stimulation and an incredible community of friends.\\nFor the previous 20 years, she built her own organizational consulting and executive coaching firm, focused on creating great places to work, culture change, enhancing performance, and fostering learning and growth. She sees learning as an active, engaging, and creative process and is delighted to have found kindred spirits at HILR.\\nEllen learned her craft over ten years at Digital Equipment Corporation where, after alternating among HR management, organizational development, and talent management roles, she led the transformation of the 3300-person HR organization worldwide.  She was a member of multiple networks of colleagues and an active board member, committee chair, conference co-chair, and President of two different professional organizations in her field. \\nEllen\\u2019s work life began on an Israeli kibbutz in \\u201971-72. On return to the US, she taught high school, where she had her class on China do manual labor and earn one collective grade so they could \\u201cexperience\\u201d the world through Chinese eyes. She led an alternative away-from-home internship program and enrolled as a student at the school where she\\u2019d taught, wrote up her experiences, and wound up on the national news media, including Time Magazine and TheToday Show.  After teaching, she developed a diversity program for urban and suburban students in the arts and media, using the city as her classroom. Her work in education culminated in a stint at the MA Governor\\u2019s Office of Educational Affairs, focused on educational reform and professional development for teachers.\\nA native New Yorker, she brings energy, enthusiasm, and a spirit of adventure to her endeavors. She is an avid explorer, having traveled to all continents except Antarctica. In ice cream shops, while others choose vanilla or chocolate, Ellen can\\u2019t believe they don\\u2019t carry Ginger-Fig Rhumba.\\nAdditionally, Ellen loves film, the arts, and design. She was on the board of New Rep Theatre and participates in a book club, film club, lecture series, and several theatre, dance, and music series. She is trying (so far unsuccessfully) to learn to slow down.\\nShe is the mom of two adult children and the wife of fellow HILR member Richard Berger, who encourages her photography (http://picasaweb.google.com/ellenglanz; http://ellenglanz.blogspot.com), cooking, sketching, and jewelry making/collecting to keep her out, only occasionally, of his garden. She is thrilled (though exhausted) to spend Fridays caring for their beyond-adorable granddaughter, Nessa.\\nEllen graduated from the Harvard Ed School and Cornell, where Michael Shinagel, our founding Dean, was her freshman English professor.\\n   \", \"City State Zip\": \"W. Newton, MA 02465\", \"Display name\": \"Ellen Glanz\", \"Member Since\": \"2012\", \"Email\": \"ellen@glanzassociates.com\"}", "Phone": "(617) 312-7282", "Last Name": "Glanz", "Photo": "", "Address": "39 Hillside Ave.", "Current Status": "Active Member", "First Name": "Ellen", "Bio Information": "Ellen appreciates the tremendous positive impact HILR has had on her retirement, providing both intellectual stimulation and an incredible community of friends.\nFor the previous 20 years, she built her own organizational consulting and executive coaching firm, focused on creating great places to work, culture change, enhancing performance, and fostering learning and growth. She sees learning as an active, engaging, and creative process and is delighted to have found kindred spirits at HILR.\nEllen learned her craft over ten years at Digital Equipment Corporation where, after alternating among HR management, organizational development, and talent management roles, she led the transformation of the 3300-person HR organization worldwide.  She was a member of multiple networks of colleagues and an active board member, committee chair, conference co-chair, and President of two different professional organizations in her field. \nEllen\u2019s work life began on an Israeli kibbutz in \u201971-72. On return to the US, she taught high school, where she had her class on China do manual labor and earn one collective grade so they could \u201cexperience\u201d the world through Chinese eyes. She led an alternative away-from-home internship program and enrolled as a student at the school where she\u2019d taught, wrote up her experiences, and wound up on the national news media, including Time Magazine and TheToday Show.  After teaching, she developed a diversity program for urban and suburban students in the arts and media, using the city as her classroom. Her work in education culminated in a stint at the MA Governor\u2019s Office of Educational Affairs, focused on educational reform and professional development for teachers.\nA native New Yorker, she brings energy, enthusiasm, and a spirit of adventure to her endeavors. She is an avid explorer, having traveled to all continents except Antarctica. In ice cream shops, while others choose vanilla or chocolate, Ellen can\u2019t believe they don\u2019t carry Ginger-Fig Rhumba.\nAdditionally, Ellen loves film, the arts, and design. She was on the board of New Rep Theatre and participates in a book club, film club, lecture series, and several theatre, dance, and music series. She is trying (so far unsuccessfully) to learn to slow down.\nShe is the mom of two adult children and the wife of fellow HILR member Richard Berger, who encourages her photography (http://picasaweb.google.com/ellenglanz; http://ellenglanz.blogspot.com), cooking, sketching, and jewelry making/collecting to keep her out, only occasionally, of his garden. She is thrilled (though exhausted) to spend Fridays caring for their beyond-adorable granddaughter, Nessa.\nEllen graduated from the Harvard Ed School and Cornell, where Michael Shinagel, our founding Dean, was her freshman English professor.\n   ", "City State Zip": "W. Newton, MA 02465", "Display name": "Ellen Glanz", "Member Since": "2012", "Email": "ellen@glanzassociates.com"}
