{"SafeDict": "{\"Phone\": \"617-864-3752\", \"Last Name\": \"Fisher\", \"Photo\": \"\", \"Address\": \"130 Mt. Auburn St. #508\", \"Current Status\": \"Cambridge, MA. 02318\", \"First Name\": \"Ellen\", \"Bio Information\": \"If you ask me where I'm from I'll tell you I'm from Brooklyn. But I've lived in Massachusetts since I was 17 except for a few sabbatical years and lots and lots of travel. I've spent my adult life as a \\\"professional volunteer\\\" doing things that must be done but for which there is never enough money. In Concord I was active in town affairs and served as chair of the Finance Committee and was the town representative to the MBTA advisory board. Since moving to Cambridge 25 years ago I've been a counselor at Planned Parenthood and ran their escort service (just call me madam) for about 14 years. I currently serve on the Board of Directors and the Board of Trustees of the Massachusetts ACLU.  I have volunteered interviewing asylum seekers for a legal clinic and served on the board of NARAL Pro-choice Mass . As you might gather from my recent activities, Human Rights and Civil Rights in general are my thing.  For reasons unknown to me I have become an expert in non-profit development in my old age.  Please save me.\", \"City State Zip\": \"Cambridge, MA. 02318\", \"Display name\": \"Ellen Fisher\", \"Member Since\": \"Cambridge, MA. 02318\", \"Email\": \"epfisher1@comcast.net\"}", "Phone": "617-864-3752", "Last Name": "Fisher", "Photo": "", "Address": "130 Mt. Auburn St. #508", "Current Status": "Cambridge, MA. 02318", "First Name": "Ellen", "Bio Information": "If you ask me where I'm from I'll tell you I'm from Brooklyn. But I've lived in Massachusetts since I was 17 except for a few sabbatical years and lots and lots of travel. I've spent my adult life as a \"professional volunteer\" doing things that must be done but for which there is never enough money. In Concord I was active in town affairs and served as chair of the Finance Committee and was the town representative to the MBTA advisory board. Since moving to Cambridge 25 years ago I've been a counselor at Planned Parenthood and ran their escort service (just call me madam) for about 14 years. I currently serve on the Board of Directors and the Board of Trustees of the Massachusetts ACLU.  I have volunteered interviewing asylum seekers for a legal clinic and served on the board of NARAL Pro-choice Mass . As you might gather from my recent activities, Human Rights and Civil Rights in general are my thing.  For reasons unknown to me I have become an expert in non-profit development in my old age.  Please save me.", "City State Zip": "Cambridge, MA. 02318", "Display name": "Ellen Fisher", "Member Since": "Cambridge, MA. 02318", "Email": "epfisher1@comcast.net"}
