{"SafeDict": "{\"Phone\": \"617-505-5667\", \"Last Name\": \"Ramin\", \"Photo\": \"\", \"Address\": \"2400 Beacon St. #609\", \"Current Status\": \"2005\", \"First Name\": \"Elsa\", \"Bio Information\": \"I've been married for 60+ years, having married as a Wellesley College undergraduate - not so uncommon in those days.  My husband (also at HILR) and I have enjoyed travel, long walks, friends, films, good food and wine. We have  three married sons and four grandchildren, one of them married.\\nI achieved my MSW at Simmons slowly due to my family responsibilities, and then had a gratifying twenty-five year career as a clinical social worker at Mass General.\\nI was a biker, swimmer and walker before skeletal infirmities made those activities impossible.\\nI'm an avid reader, mostly of fiction.  In the last year I've begun to reread some of the classics which I read before I had the wisdom (!) of age.\", \"City State Zip\": \"Chestnut Hill MA 02467\", \"Display name\": \"Elsa Ramin\", \"Member Since\": \"2005\", \"Email\": \"e.ramin@comcast.net\"}", "Phone": "617-505-5667", "Last Name": "Ramin", "Photo": "", "Address": "2400 Beacon St. #609", "Current Status": "2005", "First Name": "Elsa", "Bio Information": "I've been married for 60+ years, having married as a Wellesley College undergraduate - not so uncommon in those days.  My husband (also at HILR) and I have enjoyed travel, long walks, friends, films, good food and wine. We have  three married sons and four grandchildren, one of them married.\nI achieved my MSW at Simmons slowly due to my family responsibilities, and then had a gratifying twenty-five year career as a clinical social worker at Mass General.\nI was a biker, swimmer and walker before skeletal infirmities made those activities impossible.\nI'm an avid reader, mostly of fiction.  In the last year I've begun to reread some of the classics which I read before I had the wisdom (!) of age.", "City State Zip": "Chestnut Hill MA 02467", "Display name": "Elsa Ramin", "Member Since": "2005", "Email": "e.ramin@comcast.net"}
