{"SafeDict": "{\"Phone\": \"(781) 641-0791\", \"Last Name\": \"Cole\", \"Photo\": \"\", \"Address\": \"9 Glen Ave.\", \"Current Status\": \"2012\", \"First Name\": \"Emily\", \"Bio Information\": \"Emily grew up outside St. Louis in a family of art and science lovers, with oddball friends, and expectations of a life in art, anthropology, or worse. At the University of Wisconsin in the mid-1960s she was disillusioned with a country at war with Vietnam. It was impossible to focus on school, so she travelled in Europe on money from making lab pipettes, then worked in a microbiology lab which moved to Harvard. After three years at a nice dull job, chemistry became exciting. Premed followed, then a degree from BU, and an MD at Washington University.\\nWhile in St. Louis at medical school she joined up with architecture student John Cole, the love of her life, the father of her two children, and the designer of her best ever kitchen.\\nMedical practice took several turns over the years: primary care at the public health service tending merchant marines and Coast Guard on the Mississippi in St. Louis; a short stint in the French Alps; a rehab hospital in Woburn treating victims of brain injury and stroke; then the last full time job, and hardest of all, a primary care practice in suburban Boston.\\nEmily retired from full-time work in 2004 to pursue those artsy loves that had been kept up in small ways while she raised two kids and answered pagers. She had been making some pottery and painting. At HILR she plans to read and write in a more serious way about subjects not related to medicine; particularly the environment, history, other branches of science, social science, and literature.\", \"City State Zip\": \"Arlington, MA 02474\", \"Display name\": \"Emily Cole\", \"Member Since\": \"2012\", \"Email\": \"emilylcole@gmail.com\"}", "Phone": "(781) 641-0791", "Last Name": "Cole", "Photo": "", "Address": "9 Glen Ave.", "Current Status": "2012", "First Name": "Emily", "Bio Information": "Emily grew up outside St. Louis in a family of art and science lovers, with oddball friends, and expectations of a life in art, anthropology, or worse. At the University of Wisconsin in the mid-1960s she was disillusioned with a country at war with Vietnam. It was impossible to focus on school, so she travelled in Europe on money from making lab pipettes, then worked in a microbiology lab which moved to Harvard. After three years at a nice dull job, chemistry became exciting. Premed followed, then a degree from BU, and an MD at Washington University.\nWhile in St. Louis at medical school she joined up with architecture student John Cole, the love of her life, the father of her two children, and the designer of her best ever kitchen.\nMedical practice took several turns over the years: primary care at the public health service tending merchant marines and Coast Guard on the Mississippi in St. Louis; a short stint in the French Alps; a rehab hospital in Woburn treating victims of brain injury and stroke; then the last full time job, and hardest of all, a primary care practice in suburban Boston.\nEmily retired from full-time work in 2004 to pursue those artsy loves that had been kept up in small ways while she raised two kids and answered pagers. She had been making some pottery and painting. At HILR she plans to read and write in a more serious way about subjects not related to medicine; particularly the environment, history, other branches of science, social science, and literature.", "City State Zip": "Arlington, MA 02474", "Display name": "Emily Cole", "Member Since": "2012", "Email": "emilylcole@gmail.com"}
