{"SafeDict": "{\"Phone\": \"617-491-3864\", \"Last Name\": \"Norris\", \"Photo\": \"\", \"Address\": \"371 Harvard Street, 1-B\", \"Current Status\": \"Fall 2010\", \"First Name\": \"Emmy\", \"Bio Information\": \"In the 1970s Emmy Norris took on a part-time job at Harvard\\u2019s Busch-Reisinger Museum and stayed at Harvard for the next 33 years. Her museum job developed from membership and development into a curatorial one of research, planning exhibitions, and care of the collection.  In 2001 she proposed and received funding from Harvard\\u2019s provost to survey all of Harvard\\u2019s buildings to catalogue artworks, antiques, and other notable objects that had not been recorded in any previous data base.  She retired in 2009.\\nShe has travelled extensively, both for work and in free time, including some hiking where possible.\\nHer current activities include a book discussion group, meditation, exercise and volunteer work; and spending much time at the family country home in New Hampshire. At HILR she led three study groups on the materials used in works of art, and done scenery and props for a couple of HILR plays.\\n \", \"City State Zip\": \"Cambridge, MA 02138\", \"Display name\": \"Emmy Norris\", \"Member Since\": \"Fall 2010\", \"Email\": \"enorris@post.harvard.edu\"}", "Phone": "617-491-3864", "Last Name": "Norris", "Photo": "", "Address": "371 Harvard Street, 1-B", "Current Status": "Fall 2010", "First Name": "Emmy", "Bio Information": "In the 1970s Emmy Norris took on a part-time job at Harvard\u2019s Busch-Reisinger Museum and stayed at Harvard for the next 33 years. Her museum job developed from membership and development into a curatorial one of research, planning exhibitions, and care of the collection.  In 2001 she proposed and received funding from Harvard\u2019s provost to survey all of Harvard\u2019s buildings to catalogue artworks, antiques, and other notable objects that had not been recorded in any previous data base.  She retired in 2009.\nShe has travelled extensively, both for work and in free time, including some hiking where possible.\nHer current activities include a book discussion group, meditation, exercise and volunteer work; and spending much time at the family country home in New Hampshire. At HILR she led three study groups on the materials used in works of art, and done scenery and props for a couple of HILR plays.\n ", "City State Zip": "Cambridge, MA 02138", "Display name": "Emmy Norris", "Member Since": "Fall 2010", "Email": "enorris@post.harvard.edu"}
