{"SafeDict": "{\"Phone\": \"\", \"Last Name\": \"Kerman\", \"Photo\": \"\", \"Address\": \"\", \"Current Status\": \"Active Member\", \"First Name\": \"Enid\", \"Bio Information\": \"Enid Kerman lived in Manhattan and attended Hunter High School. She graduated from the University of Michigan in 1951, Katherine Gibbs School in 1952 and received a Masters degree from Tufts University in Psychology in 1982.\\n\\nShe lived in Denmark for three years\", \"City State Zip\": \"\", \"Display name\": \"Enid Kerman\", \"Member Since\": \"1994\", \"Email\": \"enid7297@gmail.com\"}", "Phone": "", "Last Name": "Kerman", "Photo": "", "Address": "", "Current Status": "Active Member", "First Name": "Enid", "Bio Information": "Enid Kerman lived in Manhattan and attended Hunter High School. She graduated from the University of Michigan in 1951, Katherine Gibbs School in 1952 and received a Masters degree from Tufts University in Psychology in 1982.\n\nShe lived in Denmark for three years", "City State Zip": "", "Display name": "Enid Kerman", "Member Since": "1994", "Email": "enid7297@gmail.com"}
