{"SafeDict": "{\"Phone\": \"\", \"Last Name\": \"Falco\", \"Photo\": \"\", \"Address\": \"\", \"Current Status\": \"2001\", \"First Name\": \"Enzo\", \"Bio Information\": \"Enzo has been a resident of Sudbury since 1972. He was born in Turin, Italy, and has lived in New York City, Pittsburgh, and Port Washington, New York.He obtained a BS and MS in electrical engineering from the Carnegie Institute of Technology (now Carnegie-Mellon). He worked at Sperry Gyroscope Company in Lake Success, New York,and at the Raytheon Company in Bedford.\\n\\nHe is an avid skier and has been active in many ski organizations, president of the US Eastern Amateur Ski Association, and director of the US Ski Association. He was the president of the Sudbury Buddy Werner Ski Team, a group that promoted junior ski racing. He has been active in the Sudbury Unitarian Church, teaching Sunday school and serving as its treasurer and trustee, and he was a bit player and treasurer in the Sudbury Players. Enzo is the family genealogist and has traced his roots as far back as the 1500s in Turin. He communicates with family members throughout the world, from Europe to Australia.\\n\\nHe has organized family reunions in three different countries. He taught how to use a genealogy program at the Sudbury Senior Center. He also enjoys music, especially baroque, the theater, and hiking. Enzo has two ,children, both married.\", \"City State Zip\": \"\", \"Display name\": \"Enzo Falco\", \"Member Since\": \"2001\", \"Email\": \"enzofalco@earthlink.net\"}", "Phone": "", "Last Name": "Falco", "Photo": "", "Address": "", "Current Status": "2001", "First Name": "Enzo", "Bio Information": "Enzo has been a resident of Sudbury since 1972. He was born in Turin, Italy, and has lived in New York City, Pittsburgh, and Port Washington, New York.He obtained a BS and MS in electrical engineering from the Carnegie Institute of Technology (now Carnegie-Mellon). He worked at Sperry Gyroscope Company in Lake Success, New York,and at the Raytheon Company in Bedford.\n\nHe is an avid skier and has been active in many ski organizations, president of the US Eastern Amateur Ski Association, and director of the US Ski Association. He was the president of the Sudbury Buddy Werner Ski Team, a group that promoted junior ski racing. He has been active in the Sudbury Unitarian Church, teaching Sunday school and serving as its treasurer and trustee, and he was a bit player and treasurer in the Sudbury Players. Enzo is the family genealogist and has traced his roots as far back as the 1500s in Turin. He communicates with family members throughout the world, from Europe to Australia.\n\nHe has organized family reunions in three different countries. He taught how to use a genealogy program at the Sudbury Senior Center. He also enjoys music, especially baroque, the theater, and hiking. Enzo has two ,children, both married.", "City State Zip": "", "Display name": "Enzo Falco", "Member Since": "2001", "Email": "enzofalco@earthlink.net"}
