{"SafeDict": "{\"Phone\": \"\", \"Last Name\": \"Kinas\", \"Photo\": \"\", \"Address\": \"\", \"Current Status\": \"Active Member\", \"First Name\": \"Ernest\", \"Bio Information\": \"Ernest N. Kinas received his B.S. in Engineering from Northeastern University. For over 35 years, he worked as a mechanical engineer in the field of materials research and development at Army Research Laboratories.\\n\\nSince retiring he has been involved in volunteer programs, physical fitness activities, and reading.\", \"City State Zip\": \"\", \"Display name\": \"Ernest Kinas\", \"Member Since\": \"1994\", \"Email\": \"ernkin@verizon.net\"}", "Phone": "", "Last Name": "Kinas", "Photo": "", "Address": "", "Current Status": "Active Member", "First Name": "Ernest", "Bio Information": "Ernest N. Kinas received his B.S. in Engineering from Northeastern University. For over 35 years, he worked as a mechanical engineer in the field of materials research and development at Army Research Laboratories.\n\nSince retiring he has been involved in volunteer programs, physical fitness activities, and reading.", "City State Zip": "", "Display name": "Ernest Kinas", "Member Since": "1994", "Email": "ernkin@verizon.net"}
