{"SafeDict": "{\"Phone\": \"\", \"Last Name\": \"Pittelli\", \"Photo\": \"\", \"Address\": \"\", \"Current Status\": \"2003\", \"First Name\": \"Ernie\", \"Bio Information\": \"Ernest was born in Kulpmont, Pennsylvania, the son of Italian immigrants. Both his father and grandfather worked as coal miners in the anthracite mines, but when Ernest was ten his family moved to Philadelphia, because his father\\u2019s health was threatened by miner\\u2019s silicosis.\\n\\nErnie earned a BS in physics from Villanova and a PhD in theoretical physics from the University of Pennsylvania before joining NASA\\u2019s Electronic Research Laboratory in Cambridge as a theoretical device research physicist. There he concentrated on the thermal and electromagnetic properties of solids at the high temperatures and pressures expected on the planet Venus. When President Nixon closed the laboratory in 1970, Ernie began teaching at Middlesex School in Concord, where for 30 years he was chair of the Science Department and head of the Math-Science Division. He taught three levels of physics, philosophy of science, astronomy, electromagnetic theory, calculus, and Italian. He also introduced cross-country skiing as a competitive sport and was its coach for many years.\\n\\nErnie is an avid gardener, an enthusiastic cook, plays tournament backgammon, has traveled extensively, and enjoys opera, movies, and reading\\u2014especially history, politics, current events, and fiction. He is looking forward to taking advantage of all the learning opportunities at HILR and hopes to make new friends with whom he can share his interests.\", \"City State Zip\": \"\", \"Display name\": \"Ernie Pittelli\", \"Member Since\": \"2003\", \"Email\": \"docpittelli@yahoo.com\"}", "Phone": "", "Last Name": "Pittelli", "Photo": "", "Address": "", "Current Status": "2003", "First Name": "Ernie", "Bio Information": "Ernest was born in Kulpmont, Pennsylvania, the son of Italian immigrants. Both his father and grandfather worked as coal miners in the anthracite mines, but when Ernest was ten his family moved to Philadelphia, because his father\u2019s health was threatened by miner\u2019s silicosis.\n\nErnie earned a BS in physics from Villanova and a PhD in theoretical physics from the University of Pennsylvania before joining NASA\u2019s Electronic Research Laboratory in Cambridge as a theoretical device research physicist. There he concentrated on the thermal and electromagnetic properties of solids at the high temperatures and pressures expected on the planet Venus. When President Nixon closed the laboratory in 1970, Ernie began teaching at Middlesex School in Concord, where for 30 years he was chair of the Science Department and head of the Math-Science Division. He taught three levels of physics, philosophy of science, astronomy, electromagnetic theory, calculus, and Italian. He also introduced cross-country skiing as a competitive sport and was its coach for many years.\n\nErnie is an avid gardener, an enthusiastic cook, plays tournament backgammon, has traveled extensively, and enjoys opera, movies, and reading\u2014especially history, politics, current events, and fiction. He is looking forward to taking advantage of all the learning opportunities at HILR and hopes to make new friends with whom he can share his interests.", "City State Zip": "", "Display name": "Ernie Pittelli", "Member Since": "2003", "Email": "docpittelli@yahoo.com"}
