{"SafeDict": "{\"Phone\": \"\", \"Last Name\": \"Guralnick\", \"Photo\": \"\", \"Address\": \"\", \"Current Status\": \"Active Member\", \"First Name\": \"Estelle\", \"Bio Information\": \"A lifelong journalist, Estelle Bond Guralnick started her career at the Boston Bureau of United Press International, covering the gamut of breaking news from the State House to the court house to celebrity interviews. Subsequently, to maintain a good balance between work, marriage and three children, she narrowed her field to writing about design\\u2014interior, architectural, landscape plus some lifestyle\\u2014a niche that she says always allowed her to put family first.\\n\\nThrough the decades, her professional associations have remained constant: as regional editor for Meredith Corp., contributing feature writer for the Boston Globe Sunday Magazine, and now Design & Interiors Editor for Design/new england, a new biannual magazine published by The Globe Media Co. \\u201cAs an Independent Contractor, I can make my own schedule, as long as I meet my deadlines,\\u201d she says.\\n\\nHer late husband, Gene Guralnick, was a wonderful enlightened partner, who practiced general surgery and held a clinical lectureship post at Harvard Medical School. She describes herself as a political junkie, a movie buff, rusty tennis player, reader, and now a novice trying to master the internet. She\\u2019s excited at the prospect of broadening her horizons at HILR. Most fun recent event: dinner with George Clooney, no kidding!\", \"City State Zip\": \"\", \"Display name\": \"Estelle Guralnick\", \"Member Since\": \"2008\", \"Email\": \"ebondg@verizon.net\"}", "Phone": "", "Last Name": "Guralnick", "Photo": "", "Address": "", "Current Status": "Active Member", "First Name": "Estelle", "Bio Information": "A lifelong journalist, Estelle Bond Guralnick started her career at the Boston Bureau of United Press International, covering the gamut of breaking news from the State House to the court house to celebrity interviews. Subsequently, to maintain a good balance between work, marriage and three children, she narrowed her field to writing about design\u2014interior, architectural, landscape plus some lifestyle\u2014a niche that she says always allowed her to put family first.\n\nThrough the decades, her professional associations have remained constant: as regional editor for Meredith Corp., contributing feature writer for the Boston Globe Sunday Magazine, and now Design & Interiors Editor for Design/new england, a new biannual magazine published by The Globe Media Co. \u201cAs an Independent Contractor, I can make my own schedule, as long as I meet my deadlines,\u201d she says.\n\nHer late husband, Gene Guralnick, was a wonderful enlightened partner, who practiced general surgery and held a clinical lectureship post at Harvard Medical School. She describes herself as a political junkie, a movie buff, rusty tennis player, reader, and now a novice trying to master the internet. She\u2019s excited at the prospect of broadening her horizons at HILR. Most fun recent event: dinner with George Clooney, no kidding!", "City State Zip": "", "Display name": "Estelle Guralnick", "Member Since": "2008", "Email": "ebondg@verizon.net"}
