{"SafeDict": "{\"Phone\": \"\", \"Last Name\": \"Tapper\", \"Photo\": \"\", \"Address\": \"\", \"Current Status\": \"2005\", \"First Name\": \"Estelle\", \"Bio Information\": \"Estelle was born and raised in Revere and had the wonderful opportunity of living near the ocean, which is still very important to her. She spent three years at Indiana University as a theater major but returned to Boston University for her senior year. There she received a BA in English literature. She worked in Filene\\u2019s where she went through the Executive Training Program. In 1984 she received her Certificate in Administration and Management from the Division of Continuing Education.\\n\\nEstelle spent many years (since she was 10) doing volunteer work for charitable and religious organizations and for some political campaigns. She worked with her husband, Frederick, in his business (which he had started after his naval service in World War II) before they were married.\\n\\nShe has four children, who are very special, each in his own way. She also has four grandchildren who are always surprising her with their imagination and their social skills. She has been an avid reader since she first learned to read, and she looks forward to the arrival of spring when she will start planting her garden.\", \"City State Zip\": \"\", \"Display name\": \"Estelle Tapper\", \"Member Since\": \"2005\", \"Email\": \"estelleandfred@msn.com\"}", "Phone": "", "Last Name": "Tapper", "Photo": "", "Address": "", "Current Status": "2005", "First Name": "Estelle", "Bio Information": "Estelle was born and raised in Revere and had the wonderful opportunity of living near the ocean, which is still very important to her. She spent three years at Indiana University as a theater major but returned to Boston University for her senior year. There she received a BA in English literature. She worked in Filene\u2019s where she went through the Executive Training Program. In 1984 she received her Certificate in Administration and Management from the Division of Continuing Education.\n\nEstelle spent many years (since she was 10) doing volunteer work for charitable and religious organizations and for some political campaigns. She worked with her husband, Frederick, in his business (which he had started after his naval service in World War II) before they were married.\n\nShe has four children, who are very special, each in his own way. She also has four grandchildren who are always surprising her with their imagination and their social skills. She has been an avid reader since she first learned to read, and she looks forward to the arrival of spring when she will start planting her garden.", "City State Zip": "", "Display name": "Estelle Tapper", "Member Since": "2005", "Email": "estelleandfred@msn.com"}
