{"SafeDict": "{\"Phone\": \"(617) 277-4998\", \"Last Name\": \"Weil\", \"Photo\": \"\", \"Address\": \"125 Pleasant St. #205\", \"Current Status\": \"2010\", \"First Name\": \"Esther\", \"Bio Information\": \"A gypsy at heart, Esther has lived and worked in a number of places.  Her parents agreed to remain in one place for high school, and that place was Houston, home to Rice University, which was tuition-free at that time.  She was lucky: admitted to Rice and given a scholarship, she completed her first year.  At that point she took a break for a few years, during which time she married and moved to Germany for a year.  On her return to Houston, she was readmitted to Rice but three years later moved to Lexington, Kentucky, where she completed both a bachelor\\u2019s and a master\\u2019s degree in cultural anthropology.  There were breaks for raising children and accompanying her husband on sabbatical, but finally in 1975 she reentered the work force and started moving again. \\nShe worked in various capacities:  as a research assistant on a social impact assessment, a chef in three different restaurants (thinking of opening a food business), a research associate for a consulting firm focusing on industrial psychology, production editor and circulation manager of \\u201cPersonnel Psychology,\\u201d a free-lance editor/compositor for technical books, an education specialist at a zoo, and finally a database designer and data analyst for the Kellogg Company.  During these times she also participated in community theatre, social justice, and animal welfare activities.\\nFinally in 2003 she retired and returned to her first love, study---now of early Anglo-Saxon history, the cognitive science of religion, and human evolution.\", \"City State Zip\": \"Brookline, MA 02446\", \"Display name\": \"Esther Weil\", \"Member Since\": \"2010\", \"Email\": \"estherweil@mac.com\"}", "Phone": "(617) 277-4998", "Last Name": "Weil", "Photo": "", "Address": "125 Pleasant St. #205", "Current Status": "2010", "First Name": "Esther", "Bio Information": "A gypsy at heart, Esther has lived and worked in a number of places.  Her parents agreed to remain in one place for high school, and that place was Houston, home to Rice University, which was tuition-free at that time.  She was lucky: admitted to Rice and given a scholarship, she completed her first year.  At that point she took a break for a few years, during which time she married and moved to Germany for a year.  On her return to Houston, she was readmitted to Rice but three years later moved to Lexington, Kentucky, where she completed both a bachelor\u2019s and a master\u2019s degree in cultural anthropology.  There were breaks for raising children and accompanying her husband on sabbatical, but finally in 1975 she reentered the work force and started moving again. \nShe worked in various capacities:  as a research assistant on a social impact assessment, a chef in three different restaurants (thinking of opening a food business), a research associate for a consulting firm focusing on industrial psychology, production editor and circulation manager of \u201cPersonnel Psychology,\u201d a free-lance editor/compositor for technical books, an education specialist at a zoo, and finally a database designer and data analyst for the Kellogg Company.  During these times she also participated in community theatre, social justice, and animal welfare activities.\nFinally in 2003 she retired and returned to her first love, study---now of early Anglo-Saxon history, the cognitive science of religion, and human evolution.", "City State Zip": "Brookline, MA 02446", "Display name": "Esther Weil", "Member Since": "2010", "Email": "estherweil@mac.com"}
