{"SafeDict": "{\"Phone\": \"617-325-0695\", \"Last Name\": \"Sadowsky\", \"Photo\": \"\", \"Address\": \"216B Allandale Road\", \"Current Status\": \"2000\", \"First Name\": \"Ethel\", \"Bio Information\": \"Ethel Sadowsky was born and raised in Worcester but moved to Cambridge to attend Radcliffe College. She has lived in the Boston area ever since. Ethel received EdM and EdD degrees from the Harvard Graduate School of Education.\\n\\nShe worked as a teacher of English, assistant to the headmaster, and housemaster at Brookline High School. She retired in June, 1998, after serving as principal of the Heath School in Brookline for 12 years.\\n\\nFor a year after retirement, she returned to BHS to teach one section of Latin 1 to high school freshmen, a position that required her to reestablish connection with conjugations, declensions, the predicate nominative, and irregular verbs, while entreating 14-year-olds to grapple with these arcane concepts.\\n\\nAfter joining HILR, Ethel became interested in the subject of Catholic/Jewish Relations.  Co-teaching with Jane McGrath, they have led several study groups on various aspects of this compelling topic:  Constantine's Sword, Catholic/Jewish Relations Since Vatican 2, and The Impact of Three Popes on Catholic/Jewish Relations.\\n\\nCurrently, Ethel is a member of two book clubs, is a member of the Advisory Committee of the Brookline Education Foundation, and is doing an increasing amount of travel with her husband, who currently is working part-time as a breast cancer diagnostician.  They have four children and three grandsons. \", \"City State Zip\": \"Chestnut Hill, MA 02467\", \"Display name\": \"Ethel Sadowsky\", \"Member Since\": \"2000\", \"Email\": \"ethelheath@comcast.net\"}", "Phone": "617-325-0695", "Last Name": "Sadowsky", "Photo": "", "Address": "216B Allandale Road", "Current Status": "2000", "First Name": "Ethel", "Bio Information": "Ethel Sadowsky was born and raised in Worcester but moved to Cambridge to attend Radcliffe College. She has lived in the Boston area ever since. Ethel received EdM and EdD degrees from the Harvard Graduate School of Education.\n\nShe worked as a teacher of English, assistant to the headmaster, and housemaster at Brookline High School. She retired in June, 1998, after serving as principal of the Heath School in Brookline for 12 years.\n\nFor a year after retirement, she returned to BHS to teach one section of Latin 1 to high school freshmen, a position that required her to reestablish connection with conjugations, declensions, the predicate nominative, and irregular verbs, while entreating 14-year-olds to grapple with these arcane concepts.\n\nAfter joining HILR, Ethel became interested in the subject of Catholic/Jewish Relations.  Co-teaching with Jane McGrath, they have led several study groups on various aspects of this compelling topic:  Constantine's Sword, Catholic/Jewish Relations Since Vatican 2, and The Impact of Three Popes on Catholic/Jewish Relations.\n\nCurrently, Ethel is a member of two book clubs, is a member of the Advisory Committee of the Brookline Education Foundation, and is doing an increasing amount of travel with her husband, who currently is working part-time as a breast cancer diagnostician.  They have four children and three grandsons. ", "City State Zip": "Chestnut Hill, MA 02467", "Display name": "Ethel Sadowsky", "Member Since": "2000", "Email": "ethelheath@comcast.net"}
