{"SafeDict": "{\"Phone\": \"617-332-2642\", \"Last Name\": \"Ferrari\", \"Photo\": \"\", \"Address\": \"209 Commonwealth Ave. Unit 2E\", \"Current Status\": \"Active\", \"First Name\": \"Eugene\", \"Bio Information\": \"Eugene Ferrari retired from the MITRE Corp. having served as a Vice-President of the Corporation after a 35-year career as an engineer and engineering manager . He holds BS and MS degrees in electrical engineering and has done research and development with several industrial companies and the Department of Transportation.\\n\\nSince joining HILR Gene has focused on his interests in astronomy, history, and Earth science. He has been a member and President of the HILR Council and served on several committees, including Admissions, Curriculum, Membership and the New Member Review Committee.\\n\\nHis interests include science, music (particularly Italian Opera), literature and biking,\", \"City State Zip\": \"Newton, MA 02467\", \"Display name\": \"Eugene Ferrari\", \"Member Since\": \"1997\", \"Email\": \"eugenejferrari@gmail.com\"}", "Phone": "617-332-2642", "Last Name": "Ferrari", "Photo": "", "Address": "209 Commonwealth Ave. Unit 2E", "Current Status": "Active", "First Name": "Eugene", "Bio Information": "Eugene Ferrari retired from the MITRE Corp. having served as a Vice-President of the Corporation after a 35-year career as an engineer and engineering manager . He holds BS and MS degrees in electrical engineering and has done research and development with several industrial companies and the Department of Transportation.\n\nSince joining HILR Gene has focused on his interests in astronomy, history, and Earth science. He has been a member and President of the HILR Council and served on several committees, including Admissions, Curriculum, Membership and the New Member Review Committee.\n\nHis interests include science, music (particularly Italian Opera), literature and biking,", "City State Zip": "Newton, MA 02467", "Display name": "Eugene Ferrari", "Member Since": "1997", "Email": "eugenejferrari@gmail.com"}
