{"SafeDict": "{\"Phone\": \"781-646-2796\", \"Last Name\": \"Arnott\", \"Photo\": \"\", \"Address\": \"8 Lake Street @12\", \"Current Status\": \"Active\", \"First Name\": \"Eva\", \"Bio Information\": \"     I was born in Vienna  to an assimilated Jewish father and non-Jewish mother and became a refugee in Derry, Northern Ireland two years later. I grew up there and in Cardiff, South Wales and met my late husband, Peter Arnott when we were both students at the University of Wales, Bangor.    My degree of Joint Honours in English and Philosophy prepared me for a lifetime of reading and ruminating but not for gainful employment.  \\n     Fortunately this left me free to help with the research and editing of Peter's twenty-odd books, managing the travel schedule for his lectures and marionette performances of his own translations of ancient Greek plays and bringing up our three children.  That included many years of teaching Sunday School in an Episcopal and, after we converted, a Catholic church and much time with  Brownies, Girl Scouts, Pony Club and 4H. \\n          For several years I coordinated a group of women from Winchester  who ran a school library under the auspices of School Volunteers for Boston in South Boston during the busing crisis and later at the pre-gentrification Columbia  Point.  I would sometimes be there one day and in a Winchester school that our own children attended on the next day.  The children were so alike and the financial resources that adults devoted to them were so different.\\n        In the past decade I've graduated from the Archdiocesan Institute of Ministry, a program to train lay people to do some of the pastoral work previously done by clergy and am very much involved with my parish, St Eulalia's in Winchester.  I'm currently a candidate to become an Associate of the Sisters of St Joseph.\\n    I'd grown up among Viennese refugees who constantly discussed what had  caused the destruction of their pre-1914 Arcadia which had been benignly overseen by the Emperor Franz Joseph whose portrait hung in all their living rooms.  With  this sad example in mind I've tried to learn about how our own relatively stable society works.  Many years as a Town Meeting member in Winchester and now in Arlington and involvement in local political campaigns have left me convinced that the key is in involving large numbers of people in the process and in always showing respect for those who have a different point of view. \\n  \", \"City State Zip\": \"Arlington, Ma. 02474\", \"Display name\": \"Eva Arnott\", \"Member Since\": \"2000\", \"Email\": \"evaarnott@comcast.net\"}", "Phone": "781-646-2796", "Last Name": "Arnott", "Photo": "", "Address": "8 Lake Street @12", "Current Status": "Active", "First Name": "Eva", "Bio Information": "     I was born in Vienna  to an assimilated Jewish father and non-Jewish mother and became a refugee in Derry, Northern Ireland two years later. I grew up there and in Cardiff, South Wales and met my late husband, Peter Arnott when we were both students at the University of Wales, Bangor.    My degree of Joint Honours in English and Philosophy prepared me for a lifetime of reading and ruminating but not for gainful employment.  \n     Fortunately this left me free to help with the research and editing of Peter's twenty-odd books, managing the travel schedule for his lectures and marionette performances of his own translations of ancient Greek plays and bringing up our three children.  That included many years of teaching Sunday School in an Episcopal and, after we converted, a Catholic church and much time with  Brownies, Girl Scouts, Pony Club and 4H. \n          For several years I coordinated a group of women from Winchester  who ran a school library under the auspices of School Volunteers for Boston in South Boston during the busing crisis and later at the pre-gentrification Columbia  Point.  I would sometimes be there one day and in a Winchester school that our own children attended on the next day.  The children were so alike and the financial resources that adults devoted to them were so different.\n        In the past decade I've graduated from the Archdiocesan Institute of Ministry, a program to train lay people to do some of the pastoral work previously done by clergy and am very much involved with my parish, St Eulalia's in Winchester.  I'm currently a candidate to become an Associate of the Sisters of St Joseph.\n    I'd grown up among Viennese refugees who constantly discussed what had  caused the destruction of their pre-1914 Arcadia which had been benignly overseen by the Emperor Franz Joseph whose portrait hung in all their living rooms.  With  this sad example in mind I've tried to learn about how our own relatively stable society works.  Many years as a Town Meeting member in Winchester and now in Arlington and involvement in local political campaigns have left me convinced that the key is in involving large numbers of people in the process and in always showing respect for those who have a different point of view. \n  ", "City State Zip": "Arlington, Ma. 02474", "Display name": "Eva Arnott", "Member Since": "2000", "Email": "evaarnott@comcast.net"}
