{"SafeDict": "{\"Phone\": \"(617) 735-9395\", \"Last Name\": \"Weyl\", \"Photo\": \"\", \"Address\": \"287 Kent St\", \"Current Status\": \"2011\", \"First Name\": \"Eveline\", \"Bio Information\": \"I was born and raised in the French Alps. The city is Annecy. I graduated from the Lycee and went on to Ecole Superieure de Commerce in Lyon. I dropped out and went for a 6 months study program in Los Angeles in 1964. Six months later, I was married to another French expatriate. We lived in LA until he earned his doctorate and moved to Lexington where we lived for 35 years and had 3 daughters. Now, as empty nesters, we enjoy our condo in Brookline.\\nMy career was fun, for the most part. I planned special events for corporations, small conferences for foreign trade groups and incentives for French speaking groups. Public Relations being my forte, I have continued practicing the art in retirement. I have been instrumental in setting up several non profits, from the Jewish film festival to the Brandeis Learning Institute.\\nI am a hiker and love to use a bike to discover the world. I can climb and I can ski. I am a film buff and support the national Jewish film center\", \"City State Zip\": \"Brookline, MA 02446\", \"Display name\": \"Eveline Weyl\", \"Member Since\": \"2011\", \"Email\": \"eweyl@comcast.net\"}", "Phone": "(617) 735-9395", "Last Name": "Weyl", "Photo": "", "Address": "287 Kent St", "Current Status": "2011", "First Name": "Eveline", "Bio Information": "I was born and raised in the French Alps. The city is Annecy. I graduated from the Lycee and went on to Ecole Superieure de Commerce in Lyon. I dropped out and went for a 6 months study program in Los Angeles in 1964. Six months later, I was married to another French expatriate. We lived in LA until he earned his doctorate and moved to Lexington where we lived for 35 years and had 3 daughters. Now, as empty nesters, we enjoy our condo in Brookline.\nMy career was fun, for the most part. I planned special events for corporations, small conferences for foreign trade groups and incentives for French speaking groups. Public Relations being my forte, I have continued practicing the art in retirement. I have been instrumental in setting up several non profits, from the Jewish film festival to the Brandeis Learning Institute.\nI am a hiker and love to use a bike to discover the world. I can climb and I can ski. I am a film buff and support the national Jewish film center", "City State Zip": "Brookline, MA 02446", "Display name": "Eveline Weyl", "Member Since": "2011", "Email": "eweyl@comcast.net"}
