{"SafeDict": "{\"Phone\": \"(508) 798-3011\", \"Last Name\": \"Karet\", \"Photo\": \"\", \"Address\": \"15 Denison Rd.\", \"Current Status\": \"New\", \"First Name\": \"Evelyn\", \"Bio Information\": \"Ph.D and M. Phil from Columbia University where her specialization was Italian Renaissance Art History; M.A. in Art History from Wellesley College and B.A. from Barnard College. She taught Renaissance Art History at Boston College, Wheaton College and for many years at Clark University. After retiring from teaching a number of years ago, Evelyn was named Visiting Scholar in the Department of Visual and Performing Arts at Clark where she devoted her energy to research and publications which include a number of books and numerous articles on the artist Stefano da Verona, the International Gothic Style, early northern Italian drawings and the history of collecting drawings. Her recent book concerns a rare album of 100 early drawings predating Vasari\\u2019s famous album of 1550. Over the past 35 years Evelyn has lived and worked in Florence and Verona, Italy for extended periods of time where she pursued research and taught at the University of Georgia Studies Abroad Program. In 1999 Evelyn was awarded the Diploma di Benemerenza from the Istituto per la Storia dell\\u2019 Arte Lombarda and in 2005 was elected Socio Onorario by the Accademia di Scienze e Lettere di Verona, Istituto per gli studi storici Veronese, the oldest Accademia in Italy, in recognition of her research and publications on northern Italian Renaissance and Veronese Renaissance art history. She has conducted research in the major drawing cabinets of the world. In March of 2016 Evelyn will be a speaker at a Symposium on Collecting Old Master Drawings in New York City sponsored by the Center foir the History of Collecting and the Drawing Institute at the Morgan Library and Museum and the Frick Museums. \\n  As a volunteer, Evelyn has been a member of the Corporation of the Worcester Art Museum, and served as a Trustee of the Higgins Armory Museum; the Worcester Community School for the Performing Arts; the Worcester Heritage Preservation Society, and currently the Worcester Chamber Music Society. Wife of HILR recently deceased member Jim Karet, Evelyn is the mother of two grown children, has 5 grandchildren, 2 Sharpei dogs (Cappuccino and Espresso) and 3 grand-dogs. She is an inveterate traveler and travelled extensively with her husband to numerous European countries, China, Peru, Thailand, South Seas, Galapagos, New Zealand, and throughout the Caribbean. Most recent travels include India, Nepal, Savoia, Morocco, Hawaii and St. Barths. Evelyn\\u2019s varied interests include visiting museums, Italian language and anything Italian (especially Italian food and Amarone wines!), reading, pilates and walking. She attends the BSO regularly and is a member of a small Music group in Worcester, called Soiree, with home performances. She attends informative meetings of the Worcester World Affairs Council. Her newest interest is learning about Burgundian and Bordeaux wines. She is thrilled to be a third year member of HILR.\", \"City State Zip\": \"Worcester, MA, 01609\", \"Display name\": \"Evelyn Karet\", \"Member Since\": \"Fall 2013\", \"Email\": \"evelynkaret@charter.net\"}", "Phone": "(508) 798-3011", "Last Name": "Karet", "Photo": "", "Address": "15 Denison Rd.", "Current Status": "New", "First Name": "Evelyn", "Bio Information": "Ph.D and M. Phil from Columbia University where her specialization was Italian Renaissance Art History; M.A. in Art History from Wellesley College and B.A. from Barnard College. She taught Renaissance Art History at Boston College, Wheaton College and for many years at Clark University. After retiring from teaching a number of years ago, Evelyn was named Visiting Scholar in the Department of Visual and Performing Arts at Clark where she devoted her energy to research and publications which include a number of books and numerous articles on the artist Stefano da Verona, the International Gothic Style, early northern Italian drawings and the history of collecting drawings. Her recent book concerns a rare album of 100 early drawings predating Vasari\u2019s famous album of 1550. Over the past 35 years Evelyn has lived and worked in Florence and Verona, Italy for extended periods of time where she pursued research and taught at the University of Georgia Studies Abroad Program. In 1999 Evelyn was awarded the Diploma di Benemerenza from the Istituto per la Storia dell\u2019 Arte Lombarda and in 2005 was elected Socio Onorario by the Accademia di Scienze e Lettere di Verona, Istituto per gli studi storici Veronese, the oldest Accademia in Italy, in recognition of her research and publications on northern Italian Renaissance and Veronese Renaissance art history. She has conducted research in the major drawing cabinets of the world. In March of 2016 Evelyn will be a speaker at a Symposium on Collecting Old Master Drawings in New York City sponsored by the Center foir the History of Collecting and the Drawing Institute at the Morgan Library and Museum and the Frick Museums. \n  As a volunteer, Evelyn has been a member of the Corporation of the Worcester Art Museum, and served as a Trustee of the Higgins Armory Museum; the Worcester Community School for the Performing Arts; the Worcester Heritage Preservation Society, and currently the Worcester Chamber Music Society. Wife of HILR recently deceased member Jim Karet, Evelyn is the mother of two grown children, has 5 grandchildren, 2 Sharpei dogs (Cappuccino and Espresso) and 3 grand-dogs. She is an inveterate traveler and travelled extensively with her husband to numerous European countries, China, Peru, Thailand, South Seas, Galapagos, New Zealand, and throughout the Caribbean. Most recent travels include India, Nepal, Savoia, Morocco, Hawaii and St. Barths. Evelyn\u2019s varied interests include visiting museums, Italian language and anything Italian (especially Italian food and Amarone wines!), reading, pilates and walking. She attends the BSO regularly and is a member of a small Music group in Worcester, called Soiree, with home performances. She attends informative meetings of the Worcester World Affairs Council. Her newest interest is learning about Burgundian and Bordeaux wines. She is thrilled to be a third year member of HILR.", "City State Zip": "Worcester, MA, 01609", "Display name": "Evelyn Karet", "Member Since": "Fall 2013", "Email": "evelynkaret@charter.net"}
