{"SafeDict": "{\"Phone\": \"\", \"Last Name\": \"de Marneffe\", \"Photo\": \"\", \"Address\": \"\", \"Current Status\": \"\", \"First Name\": \"Francis\", \"Bio Information\": \"\", \"City State Zip\": \"\", \"Display name\": \"Francis de Marneffe\", \"Member Since\": \"\", \"Email\": \"francisdemarneffe@verizon.net\"}", "Phone": "", "Last Name": "de Marneffe", "Photo": "", "Address": "", "Current Status": "", "First Name": "Francis", "Bio Information": "", "City State Zip": "", "Display name": "Francis de Marneffe", "Member Since": "", "Email": "francisdemarneffe@verizon.net"}
