{"SafeDict": "{\"Phone\": \"(617) 864-4252\", \"Last Name\": \"Wacht\", \"Photo\": \"\", \"Address\": \"225 Walden St. 1C\", \"Current Status\": \"Active\", \"First Name\": \"Francine\", \"Bio Information\": \"Although a native New Yorker, Fran has felt at home in Boston for many years.  After earning her B.A. in English Literature from Boston University, and her M.A.T. from New York University, she began teaching high school English in New Jersey.  Although instruction in grammar, vocabulary, and composition was necessary, and sometimes even enjoyable, Fran's favorite part of teaching was the opportunity to study and discuss literary works with her students.  Sometimes she took classes to nearby Manhattan to see related films and plays, and the most memorable response to these outings was from a student who saw Franco Zeffirelli's film version of Romeo and Juliet. \\\"Wow,\\\" he exclaimed on his way out of the theater. \\\"I thought I lived in a tough neighborhood!\\\"  While Fran continued to enjoy her work, she found it much more demanding and time-consuming than she had expected, and she wondered how the nation's teachers managed to handle the work load. Soon, however, she found the answer in her own classroom; and from then on, whenever she felt overwhelmed by the constant lesson planning, paper grading, conferences, and meetings, she would think about Jimmy G.  He was an underachieving high school senior whom she had sought to make aware of his academic and personal potential.  Fran seated him right in front of her desk and made sure he challenged himself.  Jimmy worked hard all year and did well.  On the last day of school, when he passed Fran in the hallway, he silently slipped her a note and then kept walking.  The note read, in part, \\\"You made a scholar out of me.  Thank you.\\\"  Those words kept Fran in the teaching profession for forty years, over thirty of which were at Brookline (MA) High School.  She still has Jimmy's note.\\n \\nIn 1986, the publication of Fran's book, I Remember:An AutobiographyText, led to numerous presentations and workshops at local, state, regional, and national conferences on education.  As she was writing her book, which contains pieces by students, faculty members, and published authors, Fran was fortunate to meet with some of the autobiographers whose work she had excerpted, including Elie Wiesel, Eudora Welty, Edward Rivera, and Senator Paul Tsongas.  In addition, she had the pleasure of corresponding with others whose writing is in her book, such as Russell Baker and Donald Murray.  In the fall of 1988, Fran became a Lucretia Crocker Fellow for the Massachusetts Department of Education and spent a year traveling throughout the Commonwealth, conferring with teachers and administrators on the teaching of autobiographical writing.  Visiting numerous schools in urban, suburban, and rural areas was a treat, as was talking with students in these schools.\\n \\nRetirement has offered Fran the opportunity to see faraway family and friends more frequently; to do volunteer work (especially for WBUR fundraising); to provide private tutoring in both English and SAT preparation; to see more films and visit more museums; and of course to read more literature.  She has even had time to carry out her long-delayed plan to subscribe to The New Yorker.  Best of all, she can do any of the above whenever she pleases, even on a school night.  Now happily ensconced in HILR, Fran is back in the classroom, but this time she is sharing the space exclusively with post-adolescents.\", \"City State Zip\": \"Cambridge, MA. 02140\", \"Display name\": \"Francine Wacht\", \"Member Since\": \"Fall 2013\", \"Email\": \"fran.author@gmail.com\"}", "Phone": "(617) 864-4252", "Last Name": "Wacht", "Photo": "", "Address": "225 Walden St. 1C", "Current Status": "Active", "First Name": "Francine", "Bio Information": "Although a native New Yorker, Fran has felt at home in Boston for many years.  After earning her B.A. in English Literature from Boston University, and her M.A.T. from New York University, she began teaching high school English in New Jersey.  Although instruction in grammar, vocabulary, and composition was necessary, and sometimes even enjoyable, Fran's favorite part of teaching was the opportunity to study and discuss literary works with her students.  Sometimes she took classes to nearby Manhattan to see related films and plays, and the most memorable response to these outings was from a student who saw Franco Zeffirelli's film version of Romeo and Juliet. \"Wow,\" he exclaimed on his way out of the theater. \"I thought I lived in a tough neighborhood!\"  While Fran continued to enjoy her work, she found it much more demanding and time-consuming than she had expected, and she wondered how the nation's teachers managed to handle the work load. Soon, however, she found the answer in her own classroom; and from then on, whenever she felt overwhelmed by the constant lesson planning, paper grading, conferences, and meetings, she would think about Jimmy G.  He was an underachieving high school senior whom she had sought to make aware of his academic and personal potential.  Fran seated him right in front of her desk and made sure he challenged himself.  Jimmy worked hard all year and did well.  On the last day of school, when he passed Fran in the hallway, he silently slipped her a note and then kept walking.  The note read, in part, \"You made a scholar out of me.  Thank you.\"  Those words kept Fran in the teaching profession for forty years, over thirty of which were at Brookline (MA) High School.  She still has Jimmy's note.\n \nIn 1986, the publication of Fran's book, I Remember:An AutobiographyText, led to numerous presentations and workshops at local, state, regional, and national conferences on education.  As she was writing her book, which contains pieces by students, faculty members, and published authors, Fran was fortunate to meet with some of the autobiographers whose work she had excerpted, including Elie Wiesel, Eudora Welty, Edward Rivera, and Senator Paul Tsongas.  In addition, she had the pleasure of corresponding with others whose writing is in her book, such as Russell Baker and Donald Murray.  In the fall of 1988, Fran became a Lucretia Crocker Fellow for the Massachusetts Department of Education and spent a year traveling throughout the Commonwealth, conferring with teachers and administrators on the teaching of autobiographical writing.  Visiting numerous schools in urban, suburban, and rural areas was a treat, as was talking with students in these schools.\n \nRetirement has offered Fran the opportunity to see faraway family and friends more frequently; to do volunteer work (especially for WBUR fundraising); to provide private tutoring in both English and SAT preparation; to see more films and visit more museums; and of course to read more literature.  She has even had time to carry out her long-delayed plan to subscribe to The New Yorker.  Best of all, she can do any of the above whenever she pleases, even on a school night.  Now happily ensconced in HILR, Fran is back in the classroom, but this time she is sharing the space exclusively with post-adolescents.", "City State Zip": "Cambridge, MA. 02140", "Display name": "Francine Wacht", "Member Since": "Fall 2013", "Email": "fran.author@gmail.com"}
