{"SafeDict": "{\"Phone\": \"617-868-5944\", \"Last Name\": \"Speizer\", \"Photo\": \"\", \"Address\": \"1010 Memorial Dr. Apt 4A\", \"Current Status\": \"2008\", \"First Name\": \"Frank\", \"Bio Information\": \"I first came to Boston in 1961 from San Francisco, where I was born and raised. My undergraduate and medical degrees are both from Stanford University. Except for 2 years during which I returned to Stanford and two years living in London, England while working for the Medical Research Council of Great Britain, my entire professional career has been on the faculty of Harvard Medical School with an additional appointment at the Harvard Schoolof Public Health. For 25 years Idirected the first training program in the country on the epidemiology of chronic respiratory diseases that produced over 50 faculty and leaders in many medical schools and schools of public health. Most of my research career has been in the field of population-based studies assessing risk factors for chronic diseases. I am a member of the Institute of Medicine of the National Academies of Science and the founding Principal Investigator of the Nurses\\u2019 Health Study, a study of risk factors for a wide variety of chronic diseases among over 120,000 women that is currently in its 35th year. In addition I have been involved in environmental health in health studies related to the effects of air pollution and I currently serve on the Clean Air Science Advisory Committee of the US Environmental Protection Agency. Jeanne and I have four children they and their spouses have produced among them 8 grandchildren that provide plenty of opportunities to continue my mentoring roles, and attendance at soccer and baseball games. In the last 7-8 years I have taken up painting, and although I do not consider myself an artist, I do have fun with color, form and perspective. I look forward to continued learning in HILR and most importantly to making new friends as I move on into this next phase of my life.\", \"City State Zip\": \"Cambridge, MA 02138\", \"Display name\": \"Frank Speizer\", \"Member Since\": \"2008\", \"Email\": \"speizerf@yahoo.com\"}", "Phone": "617-868-5944", "Last Name": "Speizer", "Photo": "", "Address": "1010 Memorial Dr. Apt 4A", "Current Status": "2008", "First Name": "Frank", "Bio Information": "I first came to Boston in 1961 from San Francisco, where I was born and raised. My undergraduate and medical degrees are both from Stanford University. Except for 2 years during which I returned to Stanford and two years living in London, England while working for the Medical Research Council of Great Britain, my entire professional career has been on the faculty of Harvard Medical School with an additional appointment at the Harvard Schoolof Public Health. For 25 years Idirected the first training program in the country on the epidemiology of chronic respiratory diseases that produced over 50 faculty and leaders in many medical schools and schools of public health. Most of my research career has been in the field of population-based studies assessing risk factors for chronic diseases. I am a member of the Institute of Medicine of the National Academies of Science and the founding Principal Investigator of the Nurses\u2019 Health Study, a study of risk factors for a wide variety of chronic diseases among over 120,000 women that is currently in its 35th year. In addition I have been involved in environmental health in health studies related to the effects of air pollution and I currently serve on the Clean Air Science Advisory Committee of the US Environmental Protection Agency. Jeanne and I have four children they and their spouses have produced among them 8 grandchildren that provide plenty of opportunities to continue my mentoring roles, and attendance at soccer and baseball games. In the last 7-8 years I have taken up painting, and although I do not consider myself an artist, I do have fun with color, form and perspective. I look forward to continued learning in HILR and most importantly to making new friends as I move on into this next phase of my life.", "City State Zip": "Cambridge, MA 02138", "Display name": "Frank Speizer", "Member Since": "2008", "Email": "speizerf@yahoo.com"}
