{"SafeDict": "{\"Phone\": \"\", \"Last Name\": \"Vaughan\", \"Photo\": \"\", \"Address\": \"\", \"Current Status\": \"Associate\", \"First Name\": \"Frances\", \"Bio Information\": \"Radcliffe A.B Eng. Lit., courses at Albany Business College, University of Michigan, McGill University, Aquinas College, Boston and Cambridge Centers for Adult Ed, Radcliffe Seminars before joining HILR where I led 22 study groups in reading and writing poetry.\\nVolunteer in areas of politics, education and art while raising a son and daughter in Michigan. Edited social -studies textbooks, moving to Boston as a college-textbook editor at Allyn & Bacon. Recorded books on tape and read a radio program (\\u201cPoetry Now\\u201d) on WATD, Marshfield, for the blind and print-handicapped; named local poet laureate.\\nEssays, short stories, poems in a variety of chapbooks and journals, a column in the Beacon Hill News and, most recently, self-published a family history. Current interests, beyond extended family, include volunteering at the art museum and library on Monhegan Island in Maine\", \"City State Zip\": \"\", \"Display name\": \"Frances Vaughan\", \"Member Since\": \"1989\", \"Email\": \"monbill@comcast.net\"}", "Phone": "", "Last Name": "Vaughan", "Photo": "", "Address": "", "Current Status": "Associate", "First Name": "Frances", "Bio Information": "Radcliffe A.B Eng. Lit., courses at Albany Business College, University of Michigan, McGill University, Aquinas College, Boston and Cambridge Centers for Adult Ed, Radcliffe Seminars before joining HILR where I led 22 study groups in reading and writing poetry.\nVolunteer in areas of politics, education and art while raising a son and daughter in Michigan. Edited social -studies textbooks, moving to Boston as a college-textbook editor at Allyn & Bacon. Recorded books on tape and read a radio program (\u201cPoetry Now\u201d) on WATD, Marshfield, for the blind and print-handicapped; named local poet laureate.\nEssays, short stories, poems in a variety of chapbooks and journals, a column in the Beacon Hill News and, most recently, self-published a family history. Current interests, beyond extended family, include volunteering at the art museum and library on Monhegan Island in Maine", "City State Zip": "", "Display name": "Frances Vaughan", "Member Since": "1989", "Email": "monbill@comcast.net"}
