{"SafeDict": "{\"Phone\": \"(617) 624-0929\", \"Last Name\": \"Antin\", \"Photo\": \"\", \"Address\": \"93 Revere St.\", \"Current Status\": \"Active\", \"First Name\": \"Francis\", \"Bio Information\": \"Frank was born the eldest of four children in New Haven, Connecticut to Marie and Frank Antin.  He spent his youth attending local Catholic and public schools and in 1972 graduated from Southern Connecticut State University with a degree in History and Political Science.  While in college, Frank was a member of the Varsity Football team and had aspirations of a career in coaching upon graduation.  After graduating, he taught and coached at the High School level from 1972-1975 before being lured by the challenges and rewards of the business world.\\nIn 1976, Frank joined the IBM Company where he would spend the next ten years in various capacities that would eventually lead him to a senior management position in Boston.  In 1985, Frank was recruited to join State Street Bank and Trust by former IBM executives who were members of the executive management team.  During his ten years at State Street, he held a host of management positions including the Director of the Global Custody and Master Trust Services.   Ten years later, Frank joined Mellon Financial Group where he led several of their  businesses, most notably President and Chief Executive Officer of The Boston Company Asset Management and President and Chief Executive Officer of Mellon Growth Advisors.   Frank has also served as Finance Chairman of the Boston Private Industry Council, Chairman of the Southern Connecticut State University Foundation, Trustee of Everybody Wins Metro Boston, and benefactor of Nativity Prep of New Bedford.\\nIn 2008, Frank decided to hang up his suits, cash in his air miles, put aside his briefcase and retire from the business environment.  In the fall of 2008, Frank resumed a career and passion that he left 32 years ago.  He is currently the Head Freshmen Football coach at the Old Rochester Regional High School in Mattapoisett, Massachusetts.\\nFrank is the proud father of two daughters and five grandchildren.  He and his wife Deborah enjoy an active life that is divided between their two residences in Boston and Marion, Massachusetts.\", \"City State Zip\": \"Boston, MA 02114\", \"Display name\": \"Francis Antin\", \"Member Since\": \"2011\", \"Email\": \"fdantin1@aol.com\"}", "Phone": "(617) 624-0929", "Last Name": "Antin", "Photo": "", "Address": "93 Revere St.", "Current Status": "Active", "First Name": "Francis", "Bio Information": "Frank was born the eldest of four children in New Haven, Connecticut to Marie and Frank Antin.  He spent his youth attending local Catholic and public schools and in 1972 graduated from Southern Connecticut State University with a degree in History and Political Science.  While in college, Frank was a member of the Varsity Football team and had aspirations of a career in coaching upon graduation.  After graduating, he taught and coached at the High School level from 1972-1975 before being lured by the challenges and rewards of the business world.\nIn 1976, Frank joined the IBM Company where he would spend the next ten years in various capacities that would eventually lead him to a senior management position in Boston.  In 1985, Frank was recruited to join State Street Bank and Trust by former IBM executives who were members of the executive management team.  During his ten years at State Street, he held a host of management positions including the Director of the Global Custody and Master Trust Services.   Ten years later, Frank joined Mellon Financial Group where he led several of their  businesses, most notably President and Chief Executive Officer of The Boston Company Asset Management and President and Chief Executive Officer of Mellon Growth Advisors.   Frank has also served as Finance Chairman of the Boston Private Industry Council, Chairman of the Southern Connecticut State University Foundation, Trustee of Everybody Wins Metro Boston, and benefactor of Nativity Prep of New Bedford.\nIn 2008, Frank decided to hang up his suits, cash in his air miles, put aside his briefcase and retire from the business environment.  In the fall of 2008, Frank resumed a career and passion that he left 32 years ago.  He is currently the Head Freshmen Football coach at the Old Rochester Regional High School in Mattapoisett, Massachusetts.\nFrank is the proud father of two daughters and five grandchildren.  He and his wife Deborah enjoy an active life that is divided between their two residences in Boston and Marion, Massachusetts.", "City State Zip": "Boston, MA 02114", "Display name": "Francis Antin", "Member Since": "2011", "Email": "fdantin1@aol.com"}
