{"SafeDict": "{\"Phone\": \"\", \"Last Name\": \"Kafker\", \"Photo\": \"\", \"Address\": \"\", \"Current Status\": \"Active Member\", \"First Name\": \"Frank\", \"Bio Information\": \"Active Member\", \"City State Zip\": \"\", \"Display name\": \"Frank Kafker\", \"Member Since\": \"1998\", \"Email\": \"fkafker@gmail.com\"}", "Phone": "", "Last Name": "Kafker", "Photo": "", "Address": "", "Current Status": "Active Member", "First Name": "Frank", "Bio Information": "Active Member", "City State Zip": "", "Display name": "Frank Kafker", "Member Since": "1998", "Email": "fkafker@gmail.com"}
