{"SafeDict": "{\"Phone\": \"(617) 621-6017\", \"Last Name\": \"Putnoi\", \"Photo\": \"\", \"Address\": \"75 Cambridge Pkwy, 1206E\", \"Current Status\": \"2011\", \"First Name\": \"Frances\", \"Bio Information\": \"I was born in New York City during World War II to a Turkish mother and a Viennese father who both emigrated to the United States where they met and married.  My father's journey was more complicated as he had spent time in Dachau and came her a penniless refugee at 29 years old.  We lived in Eastport, Maine and Rockville Centre, NY as my parent's struggled to make it in America and raise three daughters.\\nI  graduated from New York University and met my husband Donald during my sophomore year of college when he was at Columbia.  We married while he was a second year medical student at Harvard  and  we raised our son and daughter in Newton.  For three years I ran the Peace Boutique in Newtonville which was a craft shop and the location of a lot of the local anti war activity during the Nixon era.  We were the headquarters of Voice of Women, the local branch of Women Strike for Peace and housed Vietnam Veterans Against the War. \\nI have spent my adult life as an art consultant, community volunteer and organizer. I have a corporate art consulting business, portfolio art consultants, where I advised on corporate collections, and helped artists build professional careers.   My personal areas of interest are especially focused on folk,  outsider art and Judaica. I spearheaded the founding of a the Wyner  museum at Temple Israel of Boston. I  spent many years volunteering in a variety of positions at the synagogue and became it's first woman president in 1989.  After 135 years it decided that we could have a voice in governance. \\nI worked hard to solidify community through involvement with Facing History and Ourselves, the Boston Jewish Film Festival, Jewish Women Archives and Jewish Community Relations Council where I chaired the synagogue social justice committee leading to our communal involvement with Greater Boston Interfaith Organization. I serve on the Art Committees for the AstraZeneca Hope Lodge in Boston and  Mayyim Hayyim in Newton.  \\nEducation, art, and travel have been part of the glue of a wonderful exciting marriage and we travel extensively as we explore our areas of interest and learn from those we meet along the way. Our grandchildren provide us with new insights and observations and we look forward to watching them grow up to be keenly aware of the world they inhabit.   \", \"City State Zip\": \"Cambridge, MA 02142\", \"Display name\": \"Frances Putnoi\", \"Member Since\": \"2011\", \"Email\": \"fputnoi@comcast.net\"}", "Phone": "(617) 621-6017", "Last Name": "Putnoi", "Photo": "", "Address": "75 Cambridge Pkwy, 1206E", "Current Status": "2011", "First Name": "Frances", "Bio Information": "I was born in New York City during World War II to a Turkish mother and a Viennese father who both emigrated to the United States where they met and married.  My father's journey was more complicated as he had spent time in Dachau and came her a penniless refugee at 29 years old.  We lived in Eastport, Maine and Rockville Centre, NY as my parent's struggled to make it in America and raise three daughters.\nI  graduated from New York University and met my husband Donald during my sophomore year of college when he was at Columbia.  We married while he was a second year medical student at Harvard  and  we raised our son and daughter in Newton.  For three years I ran the Peace Boutique in Newtonville which was a craft shop and the location of a lot of the local anti war activity during the Nixon era.  We were the headquarters of Voice of Women, the local branch of Women Strike for Peace and housed Vietnam Veterans Against the War. \nI have spent my adult life as an art consultant, community volunteer and organizer. I have a corporate art consulting business, portfolio art consultants, where I advised on corporate collections, and helped artists build professional careers.   My personal areas of interest are especially focused on folk,  outsider art and Judaica. I spearheaded the founding of a the Wyner  museum at Temple Israel of Boston. I  spent many years volunteering in a variety of positions at the synagogue and became it's first woman president in 1989.  After 135 years it decided that we could have a voice in governance. \nI worked hard to solidify community through involvement with Facing History and Ourselves, the Boston Jewish Film Festival, Jewish Women Archives and Jewish Community Relations Council where I chaired the synagogue social justice committee leading to our communal involvement with Greater Boston Interfaith Organization. I serve on the Art Committees for the AstraZeneca Hope Lodge in Boston and  Mayyim Hayyim in Newton.  \nEducation, art, and travel have been part of the glue of a wonderful exciting marriage and we travel extensively as we explore our areas of interest and learn from those we meet along the way. Our grandchildren provide us with new insights and observations and we look forward to watching them grow up to be keenly aware of the world they inhabit.   ", "City State Zip": "Cambridge, MA 02142", "Display name": "Frances Putnoi", "Member Since": "2011", "Email": "fputnoi@comcast.net"}
