{"SafeDict": "{\"Phone\": \"617 949-1053\", \"Last Name\": \"McCormick\", \"Photo\": \"\", \"Address\": \"4 Tannery Brook Row unit 11\", \"Current Status\": \"1994\", \"First Name\": \"Frances\", \"Bio Information\": \"Frances Pitochelli McCormick\\nEmmanuel College BA, Art Major; BFA, Sculpture;  Boston University, History of Art;    London College of Printing, Life Drawing, Papermaking & Book Arts; Radcliffe Seminars, Creative Writing; Mass Art, Boston & Bennington, Vt, Ceramics, Painting, Life Drawing.\\nTeacher; Calligrapher; Illustrator; Papermaker; Bookbinder; Poet.\\nArt Specialist, Andover Public Schools; Art History & Visual Arts Instructor, Phillips Academy; Instructor in drawing, bookmaking, calligraphy and ceramics, Andover Community Schools.\\nTravels - to the botanical gardens, museums & beaches of Australia & Tasmania; a sabbatical year of art study & the museums, theater & rainy charm of England; the cities & out-to-the hedgerows in Ireland (the Book of Kells!); the hiking at Cinque Terre & the Appenines, & the art, the gondolas, the food, the glory of all-over Italy; to the wintery Christmas markets in the Rhine cities of Germany & France; Lapin Agile, Montmarte, Bateau Mouches on the Seine & the Louvre & the Musee D'Orsay; on to the castles, paella, & Prado in Spain; snorkeling in the turquoise shallows of S Lucia; tasty gallo pinto for breakfast by the playa in Costa Rica; frequent escapes to the Yucatan- its Mayan sites, beaches & friendly fishing villages; Santa Fe, Taos, Santa Cruz, San Franciso, Yosemite; &, at last, the terra cotta warriors, Huangshan's heights & the Great Wall of China!\\n \", \"City State Zip\": \"Somerville, MA 02144\", \"Display name\": \"Frances McCormick\", \"Member Since\": \"1994\", \"Email\": \"fmpmc@yahoo.com\"}", "Phone": "617 949-1053", "Last Name": "McCormick", "Photo": "", "Address": "4 Tannery Brook Row unit 11", "Current Status": "1994", "First Name": "Frances", "Bio Information": "Frances Pitochelli McCormick\nEmmanuel College BA, Art Major; BFA, Sculpture;  Boston University, History of Art;    London College of Printing, Life Drawing, Papermaking & Book Arts; Radcliffe Seminars, Creative Writing; Mass Art, Boston & Bennington, Vt, Ceramics, Painting, Life Drawing.\nTeacher; Calligrapher; Illustrator; Papermaker; Bookbinder; Poet.\nArt Specialist, Andover Public Schools; Art History & Visual Arts Instructor, Phillips Academy; Instructor in drawing, bookmaking, calligraphy and ceramics, Andover Community Schools.\nTravels - to the botanical gardens, museums & beaches of Australia & Tasmania; a sabbatical year of art study & the museums, theater & rainy charm of England; the cities & out-to-the hedgerows in Ireland (the Book of Kells!); the hiking at Cinque Terre & the Appenines, & the art, the gondolas, the food, the glory of all-over Italy; to the wintery Christmas markets in the Rhine cities of Germany & France; Lapin Agile, Montmarte, Bateau Mouches on the Seine & the Louvre & the Musee D'Orsay; on to the castles, paella, & Prado in Spain; snorkeling in the turquoise shallows of S Lucia; tasty gallo pinto for breakfast by the playa in Costa Rica; frequent escapes to the Yucatan- its Mayan sites, beaches & friendly fishing villages; Santa Fe, Taos, Santa Cruz, San Franciso, Yosemite; &, at last, the terra cotta warriors, Huangshan's heights & the Great Wall of China!\n ", "City State Zip": "Somerville, MA 02144", "Display name": "Frances McCormick", "Member Since": "1994", "Email": "fmpmc@yahoo.com"}
