{"SafeDict": "{\"Phone\": \"\", \"Last Name\": \"Quint\", \"Photo\": \"\", \"Address\": \"\", \"Current Status\": \"1988\", \"First Name\": \"Frances\", \"Bio Information\": \"1988\", \"City State Zip\": \"\", \"Display name\": \"Frances Quint\", \"Member Since\": \"1988\", \"Email\": \"fequint@verizon.net\"}", "Phone": "", "Last Name": "Quint", "Photo": "", "Address": "", "Current Status": "1988", "First Name": "Frances", "Bio Information": "1988", "City State Zip": "", "Display name": "Frances Quint", "Member Since": "1988", "Email": "fequint@verizon.net"}
