{"SafeDict": "{\"Phone\": \"781-861-8773\", \"Last Name\": \"Martin\", \"Photo\": \"\", \"Address\": \"29 Dewey Road\", \"Current Status\": \"2004\", \"First Name\": \"Fred\", \"Bio Information\": \"Fred Martin was born in New York City, attended Stuyvesant High School and City College, graduating with a degree in electrical engineering. Fred received a Doctor of Science degree from MIT while working at the Instrumentation Laboratory (now Draper Lab). At Draper, Fred was part of the managerial team that developed the guidance and navigation system for the Apollo spacecraft. He was involved in supporting most of the Apollo flights and worked along with the NASA engineers and many of the astronauts. Later, as a principal in Intermetrics, Inc., Fred led an industrial team in developing the HAL/S programming language still in use for the Shuttle. He recently retired from the Titan Corporation where he was pursuing and teaching professional project management.\\n\\nFred lives in Lexington with his wife, Sheila, a psychotherapist. They have three children and seven grandchildren. History, politics, interesting travel, and continuing Spanish conversation are his favorite avocations, rivaled only by the joy of being a grandpa. Fred is involved in local politics as a Lexington Town Meeting member.\", \"City State Zip\": \"Lexington MA 02420\", \"Display name\": \"Fred Martin\", \"Member Since\": \"2004\", \"Email\": \"smartin29@rcn.com\"}", "Phone": "781-861-8773", "Last Name": "Martin", "Photo": "", "Address": "29 Dewey Road", "Current Status": "2004", "First Name": "Fred", "Bio Information": "Fred Martin was born in New York City, attended Stuyvesant High School and City College, graduating with a degree in electrical engineering. Fred received a Doctor of Science degree from MIT while working at the Instrumentation Laboratory (now Draper Lab). At Draper, Fred was part of the managerial team that developed the guidance and navigation system for the Apollo spacecraft. He was involved in supporting most of the Apollo flights and worked along with the NASA engineers and many of the astronauts. Later, as a principal in Intermetrics, Inc., Fred led an industrial team in developing the HAL/S programming language still in use for the Shuttle. He recently retired from the Titan Corporation where he was pursuing and teaching professional project management.\n\nFred lives in Lexington with his wife, Sheila, a psychotherapist. They have three children and seven grandchildren. History, politics, interesting travel, and continuing Spanish conversation are his favorite avocations, rivaled only by the joy of being a grandpa. Fred is involved in local politics as a Lexington Town Meeting member.", "City State Zip": "Lexington MA 02420", "Display name": "Fred Martin", "Member Since": "2004", "Email": "smartin29@rcn.com"}
