{"SafeDict": "{\"Phone\": \"617 965 2305\", \"Last Name\": \"Wanger\", \"Photo\": \"\", \"Address\": \"25 Arlington Street\", \"Current Status\": \"active\", \"First Name\": \"Fredrik\", \"Bio Information\": \"Frederik Wanger is a member of the All-Newton Music School faculty and a freelance performer in the Boston area. He began his piano study in Pueblo, Colorado with Margaret Paige and Charles DeHeart and went on to receive his Bachelor\\u2019s degree from Oberlin Conservatory studying there with Joseph Hungate and a Master\\u2019s of Music from Peabody Conservatory where he studied with Leon Fleisher.\\n\\nMr. Wanger was a recipient of a Fulbright Scholarship for study at the Academie f\\u00fcr Musik in Vienna, Austria from 1969-71 where he studied with Alexander Jenner, and served on the Music Faculty of Boston University\\u2019s School of Fine Arts from 1972-82. He has played recitals with many of the principal chair players and members of the Boston Symphony Orchestra as well as Leslie Parnas, Walter Trampler and Roman Totenberg.\\n\\nMr. Wanger has performed the majority of Piano Duet literature with his wife Jane, here and abroad and has appeared as accompanist in Carnegie Hall, Jordan Hall, the Concertgebouw, Palais de Beaux Arts in Brussels, and the Place des Arts in Montreal. He has recorded live with Malcolm Lowe, Concertmaster of the Boston Symphony Orchestra and noted Canadian cellist Gisela Depkat for the Canadian Broadcasting System and with his wife for Kol Israel Radio.\\n\\nMr. Wanger\\u2019s recordings include a solo release of the \\u201cChopin Waltzes\\u201d; \\u201cAmerican Trombone Music,\\u201d \\u201cHindemith on Trombone,\\u201d \\u201cLe Trombone Francais\\u201d and \\u201cLe Trombone Francais II\\u201d on the Boston Brass Series with the BSO\\u2019s principal trombone, Ronald Barron; and on the \\u201cMusic Minus One\\u201d Laureate Series, a three-record set with Doriot Dwyer, retired principal flutist of the BSO.\\n\\nCurrently Mr. Wanger is working on a recording of Brazilian tangos and Spanish music, a few selections of which can be found on YouTube!\", \"City State Zip\": \"Newton, Ma 02458\", \"Display name\": \"Fredrik Wanger\", \"Member Since\": \"2008\", \"Email\": \"fred_wanger@verizon.net\"}", "Phone": "617 965 2305", "Last Name": "Wanger", "Photo": "", "Address": "25 Arlington Street", "Current Status": "active", "First Name": "Fredrik", "Bio Information": "Frederik Wanger is a member of the All-Newton Music School faculty and a freelance performer in the Boston area. He began his piano study in Pueblo, Colorado with Margaret Paige and Charles DeHeart and went on to receive his Bachelor\u2019s degree from Oberlin Conservatory studying there with Joseph Hungate and a Master\u2019s of Music from Peabody Conservatory where he studied with Leon Fleisher.\n\nMr. Wanger was a recipient of a Fulbright Scholarship for study at the Academie f\u00fcr Musik in Vienna, Austria from 1969-71 where he studied with Alexander Jenner, and served on the Music Faculty of Boston University\u2019s School of Fine Arts from 1972-82. He has played recitals with many of the principal chair players and members of the Boston Symphony Orchestra as well as Leslie Parnas, Walter Trampler and Roman Totenberg.\n\nMr. Wanger has performed the majority of Piano Duet literature with his wife Jane, here and abroad and has appeared as accompanist in Carnegie Hall, Jordan Hall, the Concertgebouw, Palais de Beaux Arts in Brussels, and the Place des Arts in Montreal. He has recorded live with Malcolm Lowe, Concertmaster of the Boston Symphony Orchestra and noted Canadian cellist Gisela Depkat for the Canadian Broadcasting System and with his wife for Kol Israel Radio.\n\nMr. Wanger\u2019s recordings include a solo release of the \u201cChopin Waltzes\u201d; \u201cAmerican Trombone Music,\u201d \u201cHindemith on Trombone,\u201d \u201cLe Trombone Francais\u201d and \u201cLe Trombone Francais II\u201d on the Boston Brass Series with the BSO\u2019s principal trombone, Ronald Barron; and on the \u201cMusic Minus One\u201d Laureate Series, a three-record set with Doriot Dwyer, retired principal flutist of the BSO.\n\nCurrently Mr. Wanger is working on a recording of Brazilian tangos and Spanish music, a few selections of which can be found on YouTube!", "City State Zip": "Newton, Ma 02458", "Display name": "Fredrik Wanger", "Member Since": "2008", "Email": "fred_wanger@verizon.net"}
