{"SafeDict": "{\"Phone\": \"(339) 223-9100\", \"Last Name\": \"Davis\", \"Photo\": \"\", \"Address\": \"75 Cambridge Pkwy #E808\", \"Current Status\": \"2017\", \"First Name\": \"Fred\", \"Bio Information\": \"After growing up in the coal-mining region of Northeastern Pennsylvania, graduating from Cornell and completing medical school in Philadelphia, I came to Boston City Hospital for my surgical training. This was interrupted by a tour in Vietnam, a change to a residency in anesthesiology at Massachusetts General Hospital and two fascinating years in Mississippi. I have been a clinical anesthesiologist in the Boston area for over forty years. During that period most of my non-clinical time has been spent in activities related to medical students and anesthesiology residents. I have also been actively involved in professional activities related to my specialty. My wife Jane who has her own career and I raised two daughters who are now married and we are enjoying our four grandchildren who live nearby.\\nWhen I first retired from active clinical practice at Lahey Clinic in 2012, I maintained my teaching involvement with residency programs at Tufts Medical Center and St. Elizabeth\\u2019s Hospital. During the last 4 years, I have been very involved as a volunteer 2-3 days /week teaching with the Crisis Resource Management program for Harvard anesthesiologists using Medical Simulation. I have given presentations at my children\\u2019s and now grandchildren\\u2019s elementary schools. I have also presented to senior citizen centers for the Anesthesiology Society. I\\u2019ve served as Medical director for the Amigos, a volunteer health care program for American high school students who volunteer in Public Health Services in Central and South America. Jane and I have enjoyed travelling with our grandchildren. A high school teammate of mine and I have recently renewed our interest in college wrestling and have travelled to the national championships the last four years.\", \"City State Zip\": \"Cambridge, MA 02142\", \"Display name\": \"Fred Davis\", \"Member Since\": \"2017\", \"Email\": \"fredgdavis@comcast.net\"}", "Phone": "(339) 223-9100", "Last Name": "Davis", "Photo": "", "Address": "75 Cambridge Pkwy #E808", "Current Status": "2017", "First Name": "Fred", "Bio Information": "After growing up in the coal-mining region of Northeastern Pennsylvania, graduating from Cornell and completing medical school in Philadelphia, I came to Boston City Hospital for my surgical training. This was interrupted by a tour in Vietnam, a change to a residency in anesthesiology at Massachusetts General Hospital and two fascinating years in Mississippi. I have been a clinical anesthesiologist in the Boston area for over forty years. During that period most of my non-clinical time has been spent in activities related to medical students and anesthesiology residents. I have also been actively involved in professional activities related to my specialty. My wife Jane who has her own career and I raised two daughters who are now married and we are enjoying our four grandchildren who live nearby.\nWhen I first retired from active clinical practice at Lahey Clinic in 2012, I maintained my teaching involvement with residency programs at Tufts Medical Center and St. Elizabeth\u2019s Hospital. During the last 4 years, I have been very involved as a volunteer 2-3 days /week teaching with the Crisis Resource Management program for Harvard anesthesiologists using Medical Simulation. I have given presentations at my children\u2019s and now grandchildren\u2019s elementary schools. I have also presented to senior citizen centers for the Anesthesiology Society. I\u2019ve served as Medical director for the Amigos, a volunteer health care program for American high school students who volunteer in Public Health Services in Central and South America. Jane and I have enjoyed travelling with our grandchildren. A high school teammate of mine and I have recently renewed our interest in college wrestling and have travelled to the national championships the last four years.", "City State Zip": "Cambridge, MA 02142", "Display name": "Fred Davis", "Member Since": "2017", "Email": "fredgdavis@comcast.net"}
