{"SafeDict": "{\"Phone\": \"617 244-7092\", \"Last Name\": \"Brustman\", \"Photo\": \"\", \"Address\": \"48 Lantern Ln\", \"Current Status\": \"2005\", \"First Name\": \"Fred\", \"Bio Information\": \"Fred was raised in Brooklyn and educated at PS 130, JHS 230, Brooklyn Technical HS, Cornell U, U Conn Law, and even at other places. He arrived in Boston in 1968, after working in engineering elsewhere, to enter the patent law field with Polaroid. He began sailing on the Charles River the following spring, quit the patent field five years later, but he continues to sail on the Charles.\\n\\nAfter a stint studying silversmithing at the MFA he rejoined the workforce at a small pharmaceutical start-up, and in 1978 returned to Polaroid as a manufacturing engineer, remaining there in various industrial roles until retiring when Polaroid tanked in 2001.\\n\\nSince retirement Fred has entertained himself by working on a couple of political campaigns, volunteering for a variety of non-profits (mainly the Museum of Science, the MIT Museum, and the Newton Energy Commission), and participating in various HILR programs. But, best of all, sailing as often as practical on the Charles and Buzzards Bay.\", \"City State Zip\": \"Newton, MA 02459\", \"Display name\": \"Fred Brustman\", \"Member Since\": \"2005\", \"Email\": \"fbrustman@juno.com\"}", "Phone": "617 244-7092", "Last Name": "Brustman", "Photo": "", "Address": "48 Lantern Ln", "Current Status": "2005", "First Name": "Fred", "Bio Information": "Fred was raised in Brooklyn and educated at PS 130, JHS 230, Brooklyn Technical HS, Cornell U, U Conn Law, and even at other places. He arrived in Boston in 1968, after working in engineering elsewhere, to enter the patent law field with Polaroid. He began sailing on the Charles River the following spring, quit the patent field five years later, but he continues to sail on the Charles.\n\nAfter a stint studying silversmithing at the MFA he rejoined the workforce at a small pharmaceutical start-up, and in 1978 returned to Polaroid as a manufacturing engineer, remaining there in various industrial roles until retiring when Polaroid tanked in 2001.\n\nSince retirement Fred has entertained himself by working on a couple of political campaigns, volunteering for a variety of non-profits (mainly the Museum of Science, the MIT Museum, and the Newton Energy Commission), and participating in various HILR programs. But, best of all, sailing as often as practical on the Charles and Buzzards Bay.", "City State Zip": "Newton, MA 02459", "Display name": "Fred Brustman", "Member Since": "2005", "Email": "fbrustman@juno.com"}
