{"SafeDict": "{\"Phone\": \"(703) 975-3925\", \"Last Name\": \"Chanania\", \"Photo\": \"\", \"Address\": \"47 Coffin Street\", \"Current Status\": \"New\", \"First Name\": \"Fredric\", \"Bio Information\": \"After graduating from Cornell in 1970 (the protest era) and Rutgers-Newark Law School in 1973 (the social justice years in post-riot Newark), Fred has had three chapters in his working life.\\nFirst, he practiced law and supervised attorneys in several venues including three federal agencies in Washington DC: the Nuclear Regulatory Commission; the Federal Energy Regulatory Commission; and, starting in 1986, the Environmental Protection Agency. Finding that the affairs of nature were far closer to his heart than the affairs of men (and women), Fred went back to school at George Mason University to become a biologist also starting in 1986. He focused on environmental and marine science and graduated with an M.S. in environmental biology in 1994.   By that time, Fred had moved into EPA's hazardous waste program office where, among other roles, he was Branch Chief for EPA's hazardous waste treatment and and disposal program.  \\nIn 2000, at age 52, Fred left EPA and began the third chapter -- his true \\\"dream job\\\" of teaching high school science. During his 12-year teaching career at a private school in northern Virginia, he served as science department coordinator and introduced courses in AP Environmental Science, marine science, and earth science, Fred also brought advanced molecular genetics lab studies into the biology curriculum. Fred led field trips to study coral reefs in the Bahamas, coastal ecology on the Outer Banks, and marine science at William and Mary's coastal research station. He also mentored many students as their sophomore and senior class dean.\\nIn 1981 while at the Nuclear Regulatory Commission, Fred met Elisa Grammer, his wife of 32 years (still going strong!). They raised two sons in Northern Virginia and, after the youngest entered college in 2012, he and Elisa retired to West Newbury on the north shore of Massachusetts. Fred has become a member of the West Newbury energy advisory committee and recently authored its five-year energy reduction plan as part of West Newbury's effort to be certified as a Massachusetts Green Community.\\nFred and Elisa love the country life on the North Shore and are also enjoying their new role as commuting-to-Montana grandparents. Fred continues to stay in contact with many former students, and his passions still lie in the sciences and teaching. He looks forward to exploring these passions and to expanding into new areas with HILR. Achieving greater social justice and preparing young adults to take over from aging '60s hippies remain at the core of his lifelong pursuits.\", \"City State Zip\": \"West Newbury, MA, 01985\", \"Display name\": \"Fredric Chanania\", \"Member Since\": \"Spring 2014\", \"Email\": \"fchanania@gmail.com\"}", "Phone": "(703) 975-3925", "Last Name": "Chanania", "Photo": "", "Address": "47 Coffin Street", "Current Status": "New", "First Name": "Fredric", "Bio Information": "After graduating from Cornell in 1970 (the protest era) and Rutgers-Newark Law School in 1973 (the social justice years in post-riot Newark), Fred has had three chapters in his working life.\nFirst, he practiced law and supervised attorneys in several venues including three federal agencies in Washington DC: the Nuclear Regulatory Commission; the Federal Energy Regulatory Commission; and, starting in 1986, the Environmental Protection Agency. Finding that the affairs of nature were far closer to his heart than the affairs of men (and women), Fred went back to school at George Mason University to become a biologist also starting in 1986. He focused on environmental and marine science and graduated with an M.S. in environmental biology in 1994.   By that time, Fred had moved into EPA's hazardous waste program office where, among other roles, he was Branch Chief for EPA's hazardous waste treatment and and disposal program.  \nIn 2000, at age 52, Fred left EPA and began the third chapter -- his true \"dream job\" of teaching high school science. During his 12-year teaching career at a private school in northern Virginia, he served as science department coordinator and introduced courses in AP Environmental Science, marine science, and earth science, Fred also brought advanced molecular genetics lab studies into the biology curriculum. Fred led field trips to study coral reefs in the Bahamas, coastal ecology on the Outer Banks, and marine science at William and Mary's coastal research station. He also mentored many students as their sophomore and senior class dean.\nIn 1981 while at the Nuclear Regulatory Commission, Fred met Elisa Grammer, his wife of 32 years (still going strong!). They raised two sons in Northern Virginia and, after the youngest entered college in 2012, he and Elisa retired to West Newbury on the north shore of Massachusetts. Fred has become a member of the West Newbury energy advisory committee and recently authored its five-year energy reduction plan as part of West Newbury's effort to be certified as a Massachusetts Green Community.\nFred and Elisa love the country life on the North Shore and are also enjoying their new role as commuting-to-Montana grandparents. Fred continues to stay in contact with many former students, and his passions still lie in the sciences and teaching. He looks forward to exploring these passions and to expanding into new areas with HILR. Achieving greater social justice and preparing young adults to take over from aging '60s hippies remain at the core of his lifelong pursuits.", "City State Zip": "West Newbury, MA, 01985", "Display name": "Fredric Chanania", "Member Since": "Spring 2014", "Email": "fchanania@gmail.com"}
