{"SafeDict": "{\"Phone\": \"\", \"Last Name\": \"Friedler\", \"Photo\": \"\", \"Address\": \"\", \"Current Status\": \"Active Member\", \"First Name\": \"Gaby\", \"Bio Information\": \"I was born in Lewiston, Maine. After attending the Lewiston public schools, I received my B.A. from the University of Maine; an M.A. in Genetics from the University of Pennsylvania and a PhD in Medical Sciences from Boston University. After postgraduate study in neuroparmacology at UC San Francisco Medical Center (UCSF) , I returned to the Boston area and a research fellowship at Harvard Medical School ( 1970 to 1972). From 1972 -1999, I was on the faculty of Boston University School of Medicine in Pharmacology and Psychiatry and in the graduate school. [complete from here..... She was one of the first to study paternal effects of various drugs on the fetus.\\n\\nIn her research on rodents, Friedler pointed out that exposure \\\"can induce long-term changes in the normal developmental and behavioral patterns of subsequent offspring\\u201d of males exposed to addictive and therapeutic drugs, environmental toxins, and alcohol. She received national attention in the media when she organized a session \\u201cThe Father and the Fetus\\u201d in March 1991 at the AAAS meeting in Washington, DC. Since that time, her work has been often cited as ground-breaking. She was awarded a Bunting fellowship at Radcliffe in 1991 and has remained active in that organization. She is presently professor emerita at Boston University.\\n\\nA skilled singer, Gaby Friedler sang folk songs in the caf\\u00e9s of Cambridge in the late 50s and continues to sing with choral groups in Cambridge, Arlington, and Woods Hole. She has been politically active in the life of Cambridge throughout her residency in the city.\", \"City State Zip\": \"\", \"Display name\": \"Gaby Friedler\", \"Member Since\": \"2008\", \"Email\": \"gfriedl@bu.edu\"}", "Phone": "", "Last Name": "Friedler", "Photo": "", "Address": "", "Current Status": "Active Member", "First Name": "Gaby", "Bio Information": "I was born in Lewiston, Maine. After attending the Lewiston public schools, I received my B.A. from the University of Maine; an M.A. in Genetics from the University of Pennsylvania and a PhD in Medical Sciences from Boston University. After postgraduate study in neuroparmacology at UC San Francisco Medical Center (UCSF) , I returned to the Boston area and a research fellowship at Harvard Medical School ( 1970 to 1972). From 1972 -1999, I was on the faculty of Boston University School of Medicine in Pharmacology and Psychiatry and in the graduate school. [complete from here..... She was one of the first to study paternal effects of various drugs on the fetus.\n\nIn her research on rodents, Friedler pointed out that exposure \"can induce long-term changes in the normal developmental and behavioral patterns of subsequent offspring\u201d of males exposed to addictive and therapeutic drugs, environmental toxins, and alcohol. She received national attention in the media when she organized a session \u201cThe Father and the Fetus\u201d in March 1991 at the AAAS meeting in Washington, DC. Since that time, her work has been often cited as ground-breaking. She was awarded a Bunting fellowship at Radcliffe in 1991 and has remained active in that organization. She is presently professor emerita at Boston University.\n\nA skilled singer, Gaby Friedler sang folk songs in the caf\u00e9s of Cambridge in the late 50s and continues to sing with choral groups in Cambridge, Arlington, and Woods Hole. She has been politically active in the life of Cambridge throughout her residency in the city.", "City State Zip": "", "Display name": "Gaby Friedler", "Member Since": "2008", "Email": "gfriedl@bu.edu"}
