{"SafeDict": "{\"Phone\": \"(617) 536-3784\", \"Last Name\": \"Gail\", \"Photo\": \"\", \"Address\": \"416 Marlborough St, #804\", \"Current Status\": \"Boston, MA 02115\", \"First Name\": \"Patt\", \"Bio Information\": \"I have been a member of the work force since early childhood. At age 4 I performed as a tap dancer on a Sunday children's radio show! After that I acted as the 'cute kid' in short morale-boosting films made by  the U.S. Army to send to troops in the field during WWII. From there, attendance at Julliard's Saturday school for children prepared me to teach piano to neighborhood children who, despite their mother's wishes, really did not want to be taking piano lessons! Sometime during early teenage-hood I decided that I did not want to be in 'show-business' because that mostly meant working on weekends, when I would have preferred to be watching that new invention, television!\\nAfter 2 years of high school I entered Oberlin College, one of the few colleges that did not require a high school diploma. By 1963 I had earned my PhD in Biology, and I joined the BU faculty. Other than a sabbatical at Cambridge University, I have been there ever since. I will be fully retired in 2013, at which time I will have been a 50-year faculty member. During much of my time at BU, I was married to another member of the Biology faculty, Donald Patt, and then in the early 2000's our son, Anthony Patt, was on the faculty in the Geography Department. I believe we were the only mother-son faculty combo, and, although my late-husband's BU career did not overlap that of my son, I am pretty sure we have been the only father-mother-son grouping.\\nFor much of my academic career I concentrated on mammalian embryology, changing gradually into physiology within the last decade. With the approach of retirement, my focus in physiology is sliding inexorably into the relationship between neurophysiology and the appearance of magic. Although I never was a practicing magician, I have always been fascinated when watching magicians, and now we are beginning to understand enough about brain function to begin to explain how normal brain function leads us astray.\\nFor more than a decade I have lived in Boston's Back Bay, but before then I lived with my family on a farm in Harvard, MA. The farm became reality when several neglected chicken eggs in the embryology incubator at BU hatched out. I brought the cute little chicks home, then in Belmont, MA, only to be told by the selectmen of our town that live chicks were not permitted within town borders. \\\"Get rid of them or move\\\", they told us. The next day, we put the Belmont house up for sale, and found an abandoned orchard in Harvard, MA. Thus began what I now consider to be the most pivotal time of my life. We developed a working apple orchard, and raised a variety of animals including horses, sheep, a cow, a variety of birds, and my late spouse's beloved donkey. We raised most of our own food, learning day-by-day how to do those tasks. I had thought I had 'worked' as a city child, but it was nothing like working simultaneously as a professor as well as a farmer.\\nI am looking forward to the next phase of my life. Although it will be as different from my past as each of my past stages has been, I would bet all of my assets that I will 'work' and love it.\", \"City State Zip\": \"Boston, MA 02115\", \"Display name\": \"Gail Patt\", \"Member Since\": \"Boston, MA 02115\", \"Email\": \"patt@bu.edu\"}", "Phone": "(617) 536-3784", "Last Name": "Gail", "Photo": "", "Address": "416 Marlborough St, #804", "Current Status": "Boston, MA 02115", "First Name": "Patt", "Bio Information": "I have been a member of the work force since early childhood. At age 4 I performed as a tap dancer on a Sunday children's radio show! After that I acted as the 'cute kid' in short morale-boosting films made by  the U.S. Army to send to troops in the field during WWII. From there, attendance at Julliard's Saturday school for children prepared me to teach piano to neighborhood children who, despite their mother's wishes, really did not want to be taking piano lessons! Sometime during early teenage-hood I decided that I did not want to be in 'show-business' because that mostly meant working on weekends, when I would have preferred to be watching that new invention, television!\nAfter 2 years of high school I entered Oberlin College, one of the few colleges that did not require a high school diploma. By 1963 I had earned my PhD in Biology, and I joined the BU faculty. Other than a sabbatical at Cambridge University, I have been there ever since. I will be fully retired in 2013, at which time I will have been a 50-year faculty member. During much of my time at BU, I was married to another member of the Biology faculty, Donald Patt, and then in the early 2000's our son, Anthony Patt, was on the faculty in the Geography Department. I believe we were the only mother-son faculty combo, and, although my late-husband's BU career did not overlap that of my son, I am pretty sure we have been the only father-mother-son grouping.\nFor much of my academic career I concentrated on mammalian embryology, changing gradually into physiology within the last decade. With the approach of retirement, my focus in physiology is sliding inexorably into the relationship between neurophysiology and the appearance of magic. Although I never was a practicing magician, I have always been fascinated when watching magicians, and now we are beginning to understand enough about brain function to begin to explain how normal brain function leads us astray.\nFor more than a decade I have lived in Boston's Back Bay, but before then I lived with my family on a farm in Harvard, MA. The farm became reality when several neglected chicken eggs in the embryology incubator at BU hatched out. I brought the cute little chicks home, then in Belmont, MA, only to be told by the selectmen of our town that live chicks were not permitted within town borders. \"Get rid of them or move\", they told us. The next day, we put the Belmont house up for sale, and found an abandoned orchard in Harvard, MA. Thus began what I now consider to be the most pivotal time of my life. We developed a working apple orchard, and raised a variety of animals including horses, sheep, a cow, a variety of birds, and my late spouse's beloved donkey. We raised most of our own food, learning day-by-day how to do those tasks. I had thought I had 'worked' as a city child, but it was nothing like working simultaneously as a professor as well as a farmer.\nI am looking forward to the next phase of my life. Although it will be as different from my past as each of my past stages has been, I would bet all of my assets that I will 'work' and love it.", "City State Zip": "Boston, MA 02115", "Display name": "Gail Patt", "Member Since": "Boston, MA 02115", "Email": "patt@bu.edu"}
