{"SafeDict": "{\"Phone\": \"401-885-3581\", \"Last Name\": \"Ciminero\", \"Photo\": \"\", \"Address\": \"401-885-3581\", \"Current Status\": \"2010\", \"First Name\": \"Gary\", \"Bio Information\": \"Born and raised in Ohio, Gary Ciminero holds a BS in engineering science/physics from Case Institute of Technology and an MBA/SM from MIT\\u2019s Sloan School of Management. While at Sloan he met and married Anita, his recently-deceased wife of 45 years, who was then an administrator in MIT's Industrial Liaison Office.\\nTheir two adult children have long since fledged to begin professional lives of their own. Son Steven is a Philadelphia investment banker and lives with his wife and young twin daughters in Radnor.  Daughter Sabina applied her dual majors in economics and international relations from Wellesley College as a staff case author at the Harvard Business School. Now with an Executive MBA from the University of Chicago, she is a consultant at Harvard Business Schooling Publishing.\\nGary\\u2019s professional life has included positions in management consultancy, economics, and investments with Booz Allen, The Boston Company, Data Resources Incorporated of Lexington, MA (DRI, now IHS Global Insight), and Merrill Lynch in New York City. He also served as Chief Economist for Fleet Financial Group (now part of BankAmerica, Boston) and was the Executive Director of Policy and Research staff in state government.\\nA sometime PhD candidate in Business Economics at Harvard University (incomplete), he later earned a Chartered Financial Analyst (CFA) designation in 2000. A member of the Boston Security Analysts Society, he also served on BSAS\\u2019s education faculty. He is also an active member of the Boston Economic Club, the Boston Committee on Foreign Relations, and the National Association for Business Economics where he was a past-director. He is also a director and past-president of the New England Economic Partnership and serves on the board of the World Affairs Council of Rhode Island.\\nRecently semi-retired from fulltime professional occupation, he launched GLC Financial Economics, a consultancy that improves the investment and operating performance of financial service firms.\\nHe enjoys reading on a wide range of topics. An amateur musician, he also enjoys classical music concerts, plays, ballets, and opera performances. With an abiding interest in physics, he recently attended a professional short program course in cosmology at MIT and behavioral finance at Harvard Summer School.\\nA member since 2010, Gary serves on the Vision 2020 and Econonic Forum Steering Committees and was a member of HILR's 35th Anniversary Program Committee.\", \"City State Zip\": \"401-885-3581\", \"Display name\": \"Gary Ciminero\", \"Member Since\": \"2010\", \"Email\": \"gciminero@alum.mit.edu\"}", "Phone": "401-885-3581", "Last Name": "Ciminero", "Photo": "", "Address": "401-885-3581", "Current Status": "2010", "First Name": "Gary", "Bio Information": "Born and raised in Ohio, Gary Ciminero holds a BS in engineering science/physics from Case Institute of Technology and an MBA/SM from MIT\u2019s Sloan School of Management. While at Sloan he met and married Anita, his recently-deceased wife of 45 years, who was then an administrator in MIT's Industrial Liaison Office.\nTheir two adult children have long since fledged to begin professional lives of their own. Son Steven is a Philadelphia investment banker and lives with his wife and young twin daughters in Radnor.  Daughter Sabina applied her dual majors in economics and international relations from Wellesley College as a staff case author at the Harvard Business School. Now with an Executive MBA from the University of Chicago, she is a consultant at Harvard Business Schooling Publishing.\nGary\u2019s professional life has included positions in management consultancy, economics, and investments with Booz Allen, The Boston Company, Data Resources Incorporated of Lexington, MA (DRI, now IHS Global Insight), and Merrill Lynch in New York City. He also served as Chief Economist for Fleet Financial Group (now part of BankAmerica, Boston) and was the Executive Director of Policy and Research staff in state government.\nA sometime PhD candidate in Business Economics at Harvard University (incomplete), he later earned a Chartered Financial Analyst (CFA) designation in 2000. A member of the Boston Security Analysts Society, he also served on BSAS\u2019s education faculty. He is also an active member of the Boston Economic Club, the Boston Committee on Foreign Relations, and the National Association for Business Economics where he was a past-director. He is also a director and past-president of the New England Economic Partnership and serves on the board of the World Affairs Council of Rhode Island.\nRecently semi-retired from fulltime professional occupation, he launched GLC Financial Economics, a consultancy that improves the investment and operating performance of financial service firms.\nHe enjoys reading on a wide range of topics. An amateur musician, he also enjoys classical music concerts, plays, ballets, and opera performances. With an abiding interest in physics, he recently attended a professional short program course in cosmology at MIT and behavioral finance at Harvard Summer School.\nA member since 2010, Gary serves on the Vision 2020 and Econonic Forum Steering Committees and was a member of HILR's 35th Anniversary Program Committee.", "City State Zip": "401-885-3581", "Display name": "Gary Ciminero", "Member Since": "2010", "Email": "gciminero@alum.mit.edu"}
