{"SafeDict": "{\"Phone\": \"617-731-1611\", \"Last Name\": \"Jones\", \"Photo\": \"\", \"Address\": \"70 Francis Street\", \"Current Status\": \"Active Member\", \"First Name\": \"Gary\", \"Bio Information\": \"Gary grew up in Middleborough, Massachusetts, with his grandparents, Anna and Albert Heath. He graduated from Sacred Heart High School in Kingston and from the University of Notre Dame in 1965. He became an English teacher in Michigan and California and later in Boston. Elected a state representative from Middleborough and Duxbury in 1976, he was the only Democrat ever to represent those towns in the Great and General Court.\\n\\nGary became a senior researcher in the Massachusetts House, writing legislation and reports on legislation. He applied to the John F. Kennedy School and in 1983 graduated with a Master\\u2019s in Public Policy.\\n\\nIn 1980 Gary married Marsha Salter and has three stepchildren in their thirties, as well as one grandson. Marsha is a bookkeeper with the Brigham and Women\\u2019s Physicians Organization. She speaks fluent French and is a member of the French Library. Marsha and Gary enjoy traveling to places like China and France and spending time at their house in Falmouth on Cape Cod.\\n\\nLast October Gary took early retirement from the Commonwealth. So far he has enjoyed his retirement and is looking forward to taking classes at HILR. He is working on a couple of writing projects, a play and a historical novel. He is an elected library trustee in Brookline, treasurer of the Brookline Public Library, treasurer of the Massachusetts Library Trustees Association, treasurer of Brookline Pax, and Secretary of the Massachusetts Legislator\\u2019s Association. He enjoys reading novels, biography, history, and books about world religions, especially Taoism and Zen. He looks forward to many years at HILR and hopes to make some new friends.\", \"City State Zip\": \"Brookline MA 02446-6642\", \"Display name\": \"Gary Jones\", \"Member Since\": \"2004\", \"Email\": \"garymarsh1@earthlink.net\"}", "Phone": "617-731-1611", "Last Name": "Jones", "Photo": "", "Address": "70 Francis Street", "Current Status": "Active Member", "First Name": "Gary", "Bio Information": "Gary grew up in Middleborough, Massachusetts, with his grandparents, Anna and Albert Heath. He graduated from Sacred Heart High School in Kingston and from the University of Notre Dame in 1965. He became an English teacher in Michigan and California and later in Boston. Elected a state representative from Middleborough and Duxbury in 1976, he was the only Democrat ever to represent those towns in the Great and General Court.\n\nGary became a senior researcher in the Massachusetts House, writing legislation and reports on legislation. He applied to the John F. Kennedy School and in 1983 graduated with a Master\u2019s in Public Policy.\n\nIn 1980 Gary married Marsha Salter and has three stepchildren in their thirties, as well as one grandson. Marsha is a bookkeeper with the Brigham and Women\u2019s Physicians Organization. She speaks fluent French and is a member of the French Library. Marsha and Gary enjoy traveling to places like China and France and spending time at their house in Falmouth on Cape Cod.\n\nLast October Gary took early retirement from the Commonwealth. So far he has enjoyed his retirement and is looking forward to taking classes at HILR. He is working on a couple of writing projects, a play and a historical novel. He is an elected library trustee in Brookline, treasurer of the Brookline Public Library, treasurer of the Massachusetts Library Trustees Association, treasurer of Brookline Pax, and Secretary of the Massachusetts Legislator\u2019s Association. He enjoys reading novels, biography, history, and books about world religions, especially Taoism and Zen. He looks forward to many years at HILR and hopes to make some new friends.", "City State Zip": "Brookline MA 02446-6642", "Display name": "Gary Jones", "Member Since": "2004", "Email": "garymarsh1@earthlink.net"}
