{"SafeDict": "{\"Phone\": \"(617) 407-6255\", \"Last Name\": \"Blumenreich\", \"Photo\": \"\", \"Address\": \"123 Brattle St\", \"Current Status\": \"New\", \"First Name\": \"Gene\", \"Bio Information\": \"Gene Blumenreich has been a business or corporate lawyer (he does not sue people) since 1967. Over the course of his career, he served as general counsel to the American Association of Nurse Anesthetists (a nursing specialty that competes with Anesthesiologists in administering anesthesia), several banks, and a number of firms involved in computer software. He also provided legal services to clients in other areas such as high technology, sports, and health care. He has served as a Board director of two banks and he has represented underwriters in a number of public offerings of securities.\\nGrowing up in the South, Gene graduated from the University of Virginia where he majored in Mathematics, took all of the English courses he could work into his schedule, edited the student literary magazine and developed a lifelong interest in Thomas Jefferson. He then graduated Harvard Law School.  At Harvard, other than meeting and marrying his wife, Gene pretty much stuck to studying law. After a brief period in Washington, DC, he and his wife returned to Boston.\\nAs General Counsel to the American Association of Nurse Anesthetists, Gene wrote chapters on the US legal system for two textbooks used in the education of nurse anesthetists as well as a column for the Association\\u2019s bi-monthly journal, often highlighting a recent case on a legal principle involving a nurse anesthetist. Surveys conducted for advertisers in the journal consistently ranked Gene\\u2019s column as the most widely read article in the Journal. Upon retiring as their General Counsel and being made an Honorary Member in 2011, a number of these columns were collected and published as a book. Gene also served a 4 year term as a member of the National Institute of Nursing Research Advisory panel (a part of the National Institute of Health). He has served on a task force for the Joint Commission, which accredits hospitals and healthcare institutions. From 2000 to 2010, he also served as a Trustee of the New England Baptist Hospital, where he chaired the Ethics Council.\\nHe has spoken and lectured on a number of legal and health care topics including Informed Consent and Legal Liability. For several years he has taught a module on the legal system to student nurse anesthetists attending Northeastern University, Boston, MA and the University of New England, Portland, ME.\", \"City State Zip\": \"Cambridge, MA. 02138\", \"Display name\": \"Gene Blumenreich\", \"Member Since\": \"Fall 2014\", \"Email\": \"geneblumenreich@hotmail.com\"}", "Phone": "(617) 407-6255", "Last Name": "Blumenreich", "Photo": "", "Address": "123 Brattle St", "Current Status": "New", "First Name": "Gene", "Bio Information": "Gene Blumenreich has been a business or corporate lawyer (he does not sue people) since 1967. Over the course of his career, he served as general counsel to the American Association of Nurse Anesthetists (a nursing specialty that competes with Anesthesiologists in administering anesthesia), several banks, and a number of firms involved in computer software. He also provided legal services to clients in other areas such as high technology, sports, and health care. He has served as a Board director of two banks and he has represented underwriters in a number of public offerings of securities.\nGrowing up in the South, Gene graduated from the University of Virginia where he majored in Mathematics, took all of the English courses he could work into his schedule, edited the student literary magazine and developed a lifelong interest in Thomas Jefferson. He then graduated Harvard Law School.  At Harvard, other than meeting and marrying his wife, Gene pretty much stuck to studying law. After a brief period in Washington, DC, he and his wife returned to Boston.\nAs General Counsel to the American Association of Nurse Anesthetists, Gene wrote chapters on the US legal system for two textbooks used in the education of nurse anesthetists as well as a column for the Association\u2019s bi-monthly journal, often highlighting a recent case on a legal principle involving a nurse anesthetist. Surveys conducted for advertisers in the journal consistently ranked Gene\u2019s column as the most widely read article in the Journal. Upon retiring as their General Counsel and being made an Honorary Member in 2011, a number of these columns were collected and published as a book. Gene also served a 4 year term as a member of the National Institute of Nursing Research Advisory panel (a part of the National Institute of Health). He has served on a task force for the Joint Commission, which accredits hospitals and healthcare institutions. From 2000 to 2010, he also served as a Trustee of the New England Baptist Hospital, where he chaired the Ethics Council.\nHe has spoken and lectured on a number of legal and health care topics including Informed Consent and Legal Liability. For several years he has taught a module on the legal system to student nurse anesthetists attending Northeastern University, Boston, MA and the University of New England, Portland, ME.", "City State Zip": "Cambridge, MA. 02138", "Display name": "Gene Blumenreich", "Member Since": "Fall 2014", "Email": "geneblumenreich@hotmail.com"}
