{"SafeDict": "{\"Phone\": \"617-623-3817\", \"Last Name\": \"Sussman\", \"Photo\": \"\", \"Address\": \"43 Park St., #12\", \"Current Status\": \"2006\", \"First Name\": \"Gennifer\", \"Bio Information\": \"Gennifer Pearson Sussman moved to the Midwest from England with her family at the age of twelve, coming east for college and an MA in economics from Duke University. She had a varied career in government and economic research institutes in the Washington, Denver and Montreal before joining the team planning the new Denver International Airport at its inception. She was involved in every aspect of the airport planning, ultimately becoming Finance Director for the Denver airport system and managing the project financing team. After the completion of the new airport, she moved back to Washington to join the Office of Technical Assistance of the US Treasury, where she traveled to 22 countries in Eastern Europe, the former Soviet Union and elsewhere, to work with ministries of Finance and central banks to place and manage advisors on the issuance and management of sovereign debt. Recently she has had short-term assignments on airport finance in Central America and has taken up study of Spanish.\\n\\nGennifer has played the viola in chamber music groups and community orchestras everywhere she has lived. Since retirement, her involvement with the Yellow Barn Music School and Festival in Putney, Vermont led to her move to Brattleboro in 2004 with a pied-a-terre in Somerville. As of fall 2014 she became a full-time Somerville resident. She's always happy to join in informal chamber music sessions.\\n\\nIn addition to concerts and opera, her interests include French, theater, tennis, gardening and a wide range of reading. She has three children and four grandchildren, some living in the Boston area.\", \"City State Zip\": \"Somerville, MA 02143\", \"Display name\": \"Gennifer Sussman\", \"Member Since\": \"2006\", \"Email\": \"gennsuss@icloud.com\"}", "Phone": "617-623-3817", "Last Name": "Sussman", "Photo": "", "Address": "43 Park St., #12", "Current Status": "2006", "First Name": "Gennifer", "Bio Information": "Gennifer Pearson Sussman moved to the Midwest from England with her family at the age of twelve, coming east for college and an MA in economics from Duke University. She had a varied career in government and economic research institutes in the Washington, Denver and Montreal before joining the team planning the new Denver International Airport at its inception. She was involved in every aspect of the airport planning, ultimately becoming Finance Director for the Denver airport system and managing the project financing team. After the completion of the new airport, she moved back to Washington to join the Office of Technical Assistance of the US Treasury, where she traveled to 22 countries in Eastern Europe, the former Soviet Union and elsewhere, to work with ministries of Finance and central banks to place and manage advisors on the issuance and management of sovereign debt. Recently she has had short-term assignments on airport finance in Central America and has taken up study of Spanish.\n\nGennifer has played the viola in chamber music groups and community orchestras everywhere she has lived. Since retirement, her involvement with the Yellow Barn Music School and Festival in Putney, Vermont led to her move to Brattleboro in 2004 with a pied-a-terre in Somerville. As of fall 2014 she became a full-time Somerville resident. She's always happy to join in informal chamber music sessions.\n\nIn addition to concerts and opera, her interests include French, theater, tennis, gardening and a wide range of reading. She has three children and four grandchildren, some living in the Boston area.", "City State Zip": "Somerville, MA 02143", "Display name": "Gennifer Sussman", "Member Since": "2006", "Email": "gennsuss@icloud.com"}
