{"SafeDict": "{\"Phone\": \"617-731-2176\", \"Last Name\": \"Cha\", \"Photo\": \"\", \"Address\": \"5 Willow Crescent\", \"Current Status\": \"Brookline, MA 02445-4110\", \"First Name\": \"George\", \"Bio Information\": \"George Cha was born in Shanghai, China, and grew up in Flushing, New York. He received his BSME from Purdue University and his post graduate degree from Polytechnic University of New York.\\n\\nAn engineer for 40 years, he was part of Corporate America for the first 30, and founded his own engineering consulting firm in nuclear power plant inspection for the last ten years. Engineering and finance are integrally related, whereby he has gradually shifted from engineering into finance, with a complete transformation in the past six years. Today, he is the president of AG Capital Management Co. Inc., specializing in the financial management of various Boston-based non-profit organizations. In the past two years, as the Vice Chair of the Legacy Fund for the Organization of Chinese Americans, Inc. (OCA), he was involved in the acquisition and renovation of OCA\\u2019s National Headquarters in Washington, DC.\\n\\nCurrently, he is a Trustee of WGBH Education Foundation, one of the most prominent PBS stations in the country, and of Chinatown Main Street. He is also the Vice President of Finance for OCA, and a member of Brookline Building Commission, responsible for the renovation of all of the public facilities in Brookline, MA.\", \"City State Zip\": \"Brookline, MA 02445-4110\", \"Display name\": \"George Cha\", \"Member Since\": \"Brookline, MA 02445-4110\", \"Email\": \"yumaycha@aol.com\"}", "Phone": "617-731-2176", "Last Name": "Cha", "Photo": "", "Address": "5 Willow Crescent", "Current Status": "Brookline, MA 02445-4110", "First Name": "George", "Bio Information": "George Cha was born in Shanghai, China, and grew up in Flushing, New York. He received his BSME from Purdue University and his post graduate degree from Polytechnic University of New York.\n\nAn engineer for 40 years, he was part of Corporate America for the first 30, and founded his own engineering consulting firm in nuclear power plant inspection for the last ten years. Engineering and finance are integrally related, whereby he has gradually shifted from engineering into finance, with a complete transformation in the past six years. Today, he is the president of AG Capital Management Co. Inc., specializing in the financial management of various Boston-based non-profit organizations. In the past two years, as the Vice Chair of the Legacy Fund for the Organization of Chinese Americans, Inc. (OCA), he was involved in the acquisition and renovation of OCA\u2019s National Headquarters in Washington, DC.\n\nCurrently, he is a Trustee of WGBH Education Foundation, one of the most prominent PBS stations in the country, and of Chinatown Main Street. He is also the Vice President of Finance for OCA, and a member of Brookline Building Commission, responsible for the renovation of all of the public facilities in Brookline, MA.", "City State Zip": "Brookline, MA 02445-4110", "Display name": "George Cha", "Member Since": "Brookline, MA 02445-4110", "Email": "yumaycha@aol.com"}
