{"SafeDict": "{\"Phone\": \"\", \"Last Name\": \"Theodosiou\", \"Photo\": \"\", \"Address\": \"\", \"Current Status\": \"2003\", \"First Name\": \"George\", \"Bio Information\": \"Born and educated behind the Iron Curtain, George used his Greek ancestry to escape Romania. In Greece, he married Nicoleta, who at the time was in graduate school in Boston, and he immigrated to the United States in 1967.\\n\\nFor the next 35 years he worked as a cardiologist at Boston University Medical School and then the University of Massachusetts Medical School in Worcester, where he became full Professor of Medicine.\\n\\nAfter his recent retirement, he discovered and continues to be amazed by the extent of life \\u201cbeyond cardiology.\\u201d Foreign policy (member of the Worcester Chapter of the Council for Foreign Affairs for over 25 years) and classical music are his major paraprofessional interests.\\n\\nDiversifying his previously limited horizons is an important priority as his application essay states: \\u201cwhen you stop learning, you stop living.\\u201d\", \"City State Zip\": \"\", \"Display name\": \"George Theodosiou\", \"Member Since\": \"2003\", \"Email\": \"theodosiou@comcast.net\"}", "Phone": "", "Last Name": "Theodosiou", "Photo": "", "Address": "", "Current Status": "2003", "First Name": "George", "Bio Information": "Born and educated behind the Iron Curtain, George used his Greek ancestry to escape Romania. In Greece, he married Nicoleta, who at the time was in graduate school in Boston, and he immigrated to the United States in 1967.\n\nFor the next 35 years he worked as a cardiologist at Boston University Medical School and then the University of Massachusetts Medical School in Worcester, where he became full Professor of Medicine.\n\nAfter his recent retirement, he discovered and continues to be amazed by the extent of life \u201cbeyond cardiology.\u201d Foreign policy (member of the Worcester Chapter of the Council for Foreign Affairs for over 25 years) and classical music are his major paraprofessional interests.\n\nDiversifying his previously limited horizons is an important priority as his application essay states: \u201cwhen you stop learning, you stop living.\u201d", "City State Zip": "", "Display name": "George Theodosiou", "Member Since": "2003", "Email": "theodosiou@comcast.net"}
