{"SafeDict": "{\"Phone\": \"\", \"Last Name\": \"Ramin\", \"Photo\": \"\", \"Address\": \"\", \"Current Status\": \"1998\", \"First Name\": \"Gerald\", \"Bio Information\": \"Gerald Ramin, a life-long resident of Brookline, graduated from\\nColby College with a major in economics and a strong and continuing\\ninterest in history. In the sixties he took graduate courses in\\nhistory at Boston College, but life's commitments prevented him\\nfrom pursuing this further.\\n\\nNow retired from a career in the\\nrestaurant business, he looks forward to active participation in\\nthe intellectual life of HILR. He has always found much pleasure in\\nhis extensive travel, reading, and Cape Cod beach walks with his\\ndog. For exercise, he and his wife, Elsa, swim, cycle, and scull on\\nlake Wequaquet.\", \"City State Zip\": \"\", \"Display name\": \"Gerald Ramin\", \"Member Since\": \"1998\", \"Email\": \"g.ramin@comcast.net\"}", "Phone": "", "Last Name": "Ramin", "Photo": "", "Address": "", "Current Status": "1998", "First Name": "Gerald", "Bio Information": "Gerald Ramin, a life-long resident of Brookline, graduated from\nColby College with a major in economics and a strong and continuing\ninterest in history. In the sixties he took graduate courses in\nhistory at Boston College, but life's commitments prevented him\nfrom pursuing this further.\n\nNow retired from a career in the\nrestaurant business, he looks forward to active participation in\nthe intellectual life of HILR. He has always found much pleasure in\nhis extensive travel, reading, and Cape Cod beach walks with his\ndog. For exercise, he and his wife, Elsa, swim, cycle, and scull on\nlake Wequaquet.", "City State Zip": "", "Display name": "Gerald Ramin", "Member Since": "1998", "Email": "g.ramin@comcast.net"}
