{"SafeDict": "{\"Phone\": \"+1(617) 398-6202\", \"Last Name\": \"Keusch\", \"Photo\": \"\", \"Address\": \"197 8th St. Unit 730\", \"Current Status\": \"New\", \"First Name\": \"Gerald\", \"Bio Information\": \"Jerry grew up in New York City, specifically in Brooklyn and the Bronx. He first came to Boston in 1958 as a student at Harvard Medical School and has been based in the Boston area ever since, with the exception of a few years in Bangkok, Thailand, 8 years back in New York on the Faculty of Mt. Sinai Medical School, and 5 years commuting between Lexington MA and Bethesda MD when he directed the Fogarty International Center at the National Institutes of Health. \\u201cBased in\\u201d, however, is a relative term, as he has traveled extensively and often in the course of his professional work in international health and his specific interests in tropical infectious diseases, especially in developing countries in Asia, Africa and Latin America. His middle child was born in Bangkok.\\nJerry remains affiliated, part time, with a new maximum containment laboratory at Boston University, with responsibility for developing international collaborations in emerging infectious diseases research. He also serves on the advisory boards of a number of local and international non-profit organizations concerned with global poverty and poor health, As these activities wind down he is very much looking forward to actively participating in HILR, its courses and other diverse activities. He and his wife Kass moved from Lexington into the Navy Yard 5 years ago to downsize and have greater proximity to the city, while still able to enjoy a less urban setting at their second home in the Berkshires, and the abundant year-round music, dance, theater and art in the area. The opportunity to pursue interests long dormant in the course of an academic medical career, to find new understanding through a structured intellectual environment, and to become part of a new circle of bright people with diverse interests and expertise, has been the driving force to join HILR.\\nIn addition to travel, he enjoys reading, writing, and home maintenance, and has put away his motorcycle and skis in favor of flip-flops and snow shoes.\", \"City State Zip\": \"Charlestown, MA. 02129\", \"Display name\": \"Gerald Keusch\", \"Member Since\": \"Fall 2013\", \"Email\": \"keusch@bu.edu\"}", "Phone": "+1(617) 398-6202", "Last Name": "Keusch", "Photo": "", "Address": "197 8th St. Unit 730", "Current Status": "New", "First Name": "Gerald", "Bio Information": "Jerry grew up in New York City, specifically in Brooklyn and the Bronx. He first came to Boston in 1958 as a student at Harvard Medical School and has been based in the Boston area ever since, with the exception of a few years in Bangkok, Thailand, 8 years back in New York on the Faculty of Mt. Sinai Medical School, and 5 years commuting between Lexington MA and Bethesda MD when he directed the Fogarty International Center at the National Institutes of Health. \u201cBased in\u201d, however, is a relative term, as he has traveled extensively and often in the course of his professional work in international health and his specific interests in tropical infectious diseases, especially in developing countries in Asia, Africa and Latin America. His middle child was born in Bangkok.\nJerry remains affiliated, part time, with a new maximum containment laboratory at Boston University, with responsibility for developing international collaborations in emerging infectious diseases research. He also serves on the advisory boards of a number of local and international non-profit organizations concerned with global poverty and poor health, As these activities wind down he is very much looking forward to actively participating in HILR, its courses and other diverse activities. He and his wife Kass moved from Lexington into the Navy Yard 5 years ago to downsize and have greater proximity to the city, while still able to enjoy a less urban setting at their second home in the Berkshires, and the abundant year-round music, dance, theater and art in the area. The opportunity to pursue interests long dormant in the course of an academic medical career, to find new understanding through a structured intellectual environment, and to become part of a new circle of bright people with diverse interests and expertise, has been the driving force to join HILR.\nIn addition to travel, he enjoys reading, writing, and home maintenance, and has put away his motorcycle and skis in favor of flip-flops and snow shoes.", "City State Zip": "Charlestown, MA. 02129", "Display name": "Gerald Keusch", "Member Since": "Fall 2013", "Email": "keusch@bu.edu"}
