{"SafeDict": "{\"Phone\": \"(617) 354-6644\", \"Last Name\": \"Prado\", \"Photo\": \"\", \"Address\": \"64 Grozier Rd.\", \"Current Status\": \"2010\", \"First Name\": \"Gervasio\", \"Bio Information\": \"I am a retired engineer with a passion for history and art that has lived in Cambridge for almost 50 years. I arrived with my family in the US in the summer of 1960 in one of the first waves of Cuban immigrants/refugees, finished high school in Miami and then moved to Cambridge to start my freshman year at MIT. The rest of my family moved to Puerto Rico at that time.\\nAfter completing a PhD in electrical engineering at MIT, I worked in several local high-tech institutions: MIT Lincoln Laboratory, C.S. Draper Laboratory, Bolt Beranek and Newman, and Textron\\u2019s AVCO-Everett Laboratory where I formed a new sensor group for the company.\\nI ran my own R&D-oriented company, SenTech, Inc., from 1993-2009, when I retired. We worked in the development of acoustic, seismic, and electromagnetic surveillance sensors for the Defense Department. Currently, currently I do limited consulting work for the Army.\\nMy wife Mary Pat and I are confirmed Cantabridgeans. Our son Thomas earned his BFA last year and is now living the artist\\u2019s life in New York.\\nSince my college days, I have maintained a strong interest in history and art, feeding my interests with heavy doses of reading and travel through Europe, especially Italy and Spain. I very much look forward to pursuing those interests at HILR.\", \"City State Zip\": \"Cambridge, MA 02138\", \"Display name\": \"Gervasio Prado\", \"Member Since\": \"2010\", \"Email\": \"g.prado@sentech-acoustic.com\"}", "Phone": "(617) 354-6644", "Last Name": "Prado", "Photo": "", "Address": "64 Grozier Rd.", "Current Status": "2010", "First Name": "Gervasio", "Bio Information": "I am a retired engineer with a passion for history and art that has lived in Cambridge for almost 50 years. I arrived with my family in the US in the summer of 1960 in one of the first waves of Cuban immigrants/refugees, finished high school in Miami and then moved to Cambridge to start my freshman year at MIT. The rest of my family moved to Puerto Rico at that time.\nAfter completing a PhD in electrical engineering at MIT, I worked in several local high-tech institutions: MIT Lincoln Laboratory, C.S. Draper Laboratory, Bolt Beranek and Newman, and Textron\u2019s AVCO-Everett Laboratory where I formed a new sensor group for the company.\nI ran my own R&D-oriented company, SenTech, Inc., from 1993-2009, when I retired. We worked in the development of acoustic, seismic, and electromagnetic surveillance sensors for the Defense Department. Currently, currently I do limited consulting work for the Army.\nMy wife Mary Pat and I are confirmed Cantabridgeans. Our son Thomas earned his BFA last year and is now living the artist\u2019s life in New York.\nSince my college days, I have maintained a strong interest in history and art, feeding my interests with heavy doses of reading and travel through Europe, especially Italy and Spain. I very much look forward to pursuing those interests at HILR.", "City State Zip": "Cambridge, MA 02138", "Display name": "Gervasio Prado", "Member Since": "2010", "Email": "g.prado@sentech-acoustic.com"}
