{"SafeDict": "{\"Phone\": \"\", \"Last Name\": \"Tilles-Falco\", \"Photo\": \"\", \"Address\": \"\", \"Current Status\": \"2000\", \"First Name\": \"Gloria\", \"Bio Information\": \"2000\", \"City State Zip\": \"\", \"Display name\": \"Gloria Tilles-Falco\", \"Member Since\": \"2000\", \"Email\": \"gbtilles@earthlink.net\"}", "Phone": "", "Last Name": "Tilles-Falco", "Photo": "", "Address": "", "Current Status": "2000", "First Name": "Gloria", "Bio Information": "2000", "City State Zip": "", "Display name": "Gloria Tilles-Falco", "Member Since": "2000", "Email": "gbtilles@earthlink.net"}
