{"SafeDict": "{\"Phone\": \"718-861-6725\", \"Last Name\": \"Baty\", \"Photo\": \"\", \"Address\": \"11 Castle Rd.\", \"Current Status\": \"Active Member\", \"First Name\": \"Gordon\", \"Bio Information\": \"Gordon Baty has spent a career practicing and preaching entrepreneurship. In so doing, he as occupied all the seats around the new-ventures table: founder, CEO, venture capitalist, angel investor, director, advisor, professor and author. He has had the good fortune to be part of the growth of the Boston high-tech community, starting with his first venture in 1964, a period of explosive growth during which high tech became the principal driver of the Massachusetts economy.\\n\\nGordon was founder/CEO of three technology companies, founding partner of Zero Stage Capital Co., senior lecturer at Northeastern University and MIT Sloan School, author several books and numerous articles on entrepreneurship. He currently serves on several corporate and not-for-profit boards. He holds BS, MS and PhD(finance) degrees from MIT.\\n\\nAn avid reader and traveler, his interests tend to be world history, archaeology, literature and drama. ( He served several years as a director at Huntington Theatre Company) His wife, Kate Baty shares many of these interests. She is the recently-retired head of the MIT Hosts to International Students program, which she ran for twelve years. This is the source of many rewarding friends and experiences representing many years and many countries. They have lived in Lexington since 1974 and have two grown children, an engineer and an opera singer, as well as three young grandsons.\\n\\nGordon grew up in rural Oregon, coming to MIT as a freshman. Finding Boston fascinating, he never got around to leaving.\\nAt HILR, Gordon is on the Fianace Committee, Development Committee and Economic Forum Steering Committee.  He has led an SG on the ancient Maya.\", \"City State Zip\": \"Lexington MA 02420\", \"Display name\": \"Gordon Baty\", \"Member Since\": \"2008\", \"Email\": \"gbaty@alum.mit.edu\"}", "Phone": "718-861-6725", "Last Name": "Baty", "Photo": "", "Address": "11 Castle Rd.", "Current Status": "Active Member", "First Name": "Gordon", "Bio Information": "Gordon Baty has spent a career practicing and preaching entrepreneurship. In so doing, he as occupied all the seats around the new-ventures table: founder, CEO, venture capitalist, angel investor, director, advisor, professor and author. He has had the good fortune to be part of the growth of the Boston high-tech community, starting with his first venture in 1964, a period of explosive growth during which high tech became the principal driver of the Massachusetts economy.\n\nGordon was founder/CEO of three technology companies, founding partner of Zero Stage Capital Co., senior lecturer at Northeastern University and MIT Sloan School, author several books and numerous articles on entrepreneurship. He currently serves on several corporate and not-for-profit boards. He holds BS, MS and PhD(finance) degrees from MIT.\n\nAn avid reader and traveler, his interests tend to be world history, archaeology, literature and drama. ( He served several years as a director at Huntington Theatre Company) His wife, Kate Baty shares many of these interests. She is the recently-retired head of the MIT Hosts to International Students program, which she ran for twelve years. This is the source of many rewarding friends and experiences representing many years and many countries. They have lived in Lexington since 1974 and have two grown children, an engineer and an opera singer, as well as three young grandsons.\n\nGordon grew up in rural Oregon, coming to MIT as a freshman. Finding Boston fascinating, he never got around to leaving.\nAt HILR, Gordon is on the Fianace Committee, Development Committee and Economic Forum Steering Committee.  He has led an SG on the ancient Maya.", "City State Zip": "Lexington MA 02420", "Display name": "Gordon Baty", "Member Since": "2008", "Email": "gbaty@alum.mit.edu"}
