{"SafeDict": "{\"Phone\": \"(617) 924-0157\", \"Last Name\": \"Romagnoli\", \"Photo\": \"\", \"Address\": \"199 Coolidge Ave, #113\", \"Current Status\": \"2012\", \"First Name\": \"Gwen\", \"Bio Information\": \"Gwen grew up in Philadelphia and received her B.A. at Syracuse University.\\n       After graduation, she worked for a few years at a TV station in New York, after which she embarked on a somewhat unconventional career. She went to live in Paris where she married her first husband. They subsequently moved to Bari, Italy, where she taught English for several years at the American Studies Center.\\n       After becoming a single parent, Gwen moved to Rome and worked for the NBC News bureau for about seven years.     \\n       In 1976, she moved back to the U.S. with her young son and settled in Cambridge. Spurred on by the women\\u2019s movement and the desire for a fulfilling career, Gwen went to law school, graduating in 1983 from Northeastern. Her subsequent jobs include: clerk for the Superior Court Judges; personal injury lawyer; Assistant Attorney General; and Deputy General Counsel with the Mass. Department of Public Health.\\n       In 1998 Gwen married Franco Romagnoli. She retired from the practice of law when they went to live in Rome in 2000 where Franco wrote a book about his native city, \\u201cA Thousand Bells at Noon.\\u201d She then began to write travel articles which have been published in The Los Angeles Times, The Boston Globe, and the American Express magazine. \\n       Gwen and Franco wrote a book together: \\\"Italy, The Romagnoli Way: A Culinary Journey\\u201d about lesser-known places in Italy. Sadly, Franco died in December 2008. \\n       Gwen currently writes articles for the Boston Globe Sunday Magazine. She is working on a book, \\u201cLearning to be a Widow.\\u201d Her two grandchildren live in Columbus where their father is a professor at Ohio State.\", \"City State Zip\": \"Watertown, MA 02472\", \"Display name\": \"Gwen Romagnoli\", \"Member Since\": \"2012\", \"Email\": \"gwenfranco@comcast.net\"}", "Phone": "(617) 924-0157", "Last Name": "Romagnoli", "Photo": "", "Address": "199 Coolidge Ave, #113", "Current Status": "2012", "First Name": "Gwen", "Bio Information": "Gwen grew up in Philadelphia and received her B.A. at Syracuse University.\n       After graduation, she worked for a few years at a TV station in New York, after which she embarked on a somewhat unconventional career. She went to live in Paris where she married her first husband. They subsequently moved to Bari, Italy, where she taught English for several years at the American Studies Center.\n       After becoming a single parent, Gwen moved to Rome and worked for the NBC News bureau for about seven years.     \n       In 1976, she moved back to the U.S. with her young son and settled in Cambridge. Spurred on by the women\u2019s movement and the desire for a fulfilling career, Gwen went to law school, graduating in 1983 from Northeastern. Her subsequent jobs include: clerk for the Superior Court Judges; personal injury lawyer; Assistant Attorney General; and Deputy General Counsel with the Mass. Department of Public Health.\n       In 1998 Gwen married Franco Romagnoli. She retired from the practice of law when they went to live in Rome in 2000 where Franco wrote a book about his native city, \u201cA Thousand Bells at Noon.\u201d She then began to write travel articles which have been published in The Los Angeles Times, The Boston Globe, and the American Express magazine. \n       Gwen and Franco wrote a book together: \"Italy, The Romagnoli Way: A Culinary Journey\u201d about lesser-known places in Italy. Sadly, Franco died in December 2008. \n       Gwen currently writes articles for the Boston Globe Sunday Magazine. She is working on a book, \u201cLearning to be a Widow.\u201d Her two grandchildren live in Columbus where their father is a professor at Ohio State.", "City State Zip": "Watertown, MA 02472", "Display name": "Gwen Romagnoli", "Member Since": "2012", "Email": "gwenfranco@comcast.net"}
