{"SafeDict": "{\"Phone\": \"\", \"Last Name\": \"Frankfeldt\", \"Photo\": \"\", \"Address\": \"\", \"Current Status\": \"\", \"First Name\": \"Gwen\", \"Bio Information\": \"\", \"City State Zip\": \"\", \"Display name\": \"Gwen Frankfeldt\", \"Member Since\": \"\", \"Email\": \"gwenfrankfeldt@hotmail.com\"}", "Phone": "", "Last Name": "Frankfeldt", "Photo": "", "Address": "", "Current Status": "", "First Name": "Gwen", "Bio Information": "", "City State Zip": "", "Display name": "Gwen Frankfeldt", "Member Since": "", "Email": "gwenfrankfeldt@hotmail.com"}
