{"SafeDict": "{\"Phone\": \"\", \"Last Name\": \"Jacobs\", \"Photo\": \"\", \"Address\": \"\", \"Current Status\": \"Active Member\", \"First Name\": \"Harold\", \"Bio Information\": \"Active Member\", \"City State Zip\": \"\", \"Display name\": \"Harold Jacobs\", \"Member Since\": \"1982\", \"Email\": \"harold.jacobs@verizon.net\"}", "Phone": "", "Last Name": "Jacobs", "Photo": "", "Address": "", "Current Status": "Active Member", "First Name": "Harold", "Bio Information": "Active Member", "City State Zip": "", "Display name": "Harold Jacobs", "Member Since": "1982", "Email": "harold.jacobs@verizon.net"}
