{"SafeDict": "{\"Phone\": \"\", \"Last Name\": \"Basser\", \"Photo\": \"\", \"Address\": \"\", \"Current Status\": \"Active Member\", \"First Name\": \"Harold\", \"Bio Information\": \"Active Member\", \"City State Zip\": \"\", \"Display name\": \"Harold Basser\", \"Member Since\": \"1991\", \"Email\": \"hgbasser@comcast.net\"}", "Phone": "", "Last Name": "Basser", "Photo": "", "Address": "", "Current Status": "Active Member", "First Name": "Harold", "Bio Information": "Active Member", "City State Zip": "", "Display name": "Harold Basser", "Member Since": "1991", "Email": "hgbasser@comcast.net"}
