{"SafeDict": "{\"Phone\": \"\", \"Last Name\": \"Relman\", \"Photo\": \"\", \"Address\": \"\", \"Current Status\": \"1995\", \"First Name\": \"Harriet\", \"Bio Information\": \"Harriet ReIman received an AB from Bryn Mawr College in 1948 and an AM in History from Radcliffe in 1952. She has been teaching History since 1952, with several years off while raising children. She retired in 1994.\\n\\nHer extra-teaching interests include gardening and landscape architecture, French literature, history, travel and music.\", \"City State Zip\": \"\", \"Display name\": \"Harriet Relman\", \"Member Since\": \"1995\", \"Email\": \"harriet48@comcast.net\"}", "Phone": "", "Last Name": "Relman", "Photo": "", "Address": "", "Current Status": "1995", "First Name": "Harriet", "Bio Information": "Harriet ReIman received an AB from Bryn Mawr College in 1948 and an AM in History from Radcliffe in 1952. She has been teaching History since 1952, with several years off while raising children. She retired in 1994.\n\nHer extra-teaching interests include gardening and landscape architecture, French literature, history, travel and music.", "City State Zip": "", "Display name": "Harriet Relman", "Member Since": "1995", "Email": "harriet48@comcast.net"}
