{"SafeDict": "{\"Phone\": \"617-332-2996\", \"Last Name\": \"Vernon\", \"Photo\": \"\", \"Address\": \"617-332-2996\", \"Current Status\": \"2008\", \"First Name\": \"Heidi\", \"Bio Information\": \"Heidi Vernon\\u2019s career has been a m\\u00e9lange of opportunity flavored with a soup\\u00e7on of serendipity. Her son and daughter were born while her husband was studying at HBS. In 1969 HILR member Estelle Bond Guralnick featured her in an article in the Boston Globe that said she wanted to start a cooking school. The family moved to Paris where she studied at Cordon Bleu and subsequently taught cooking in Newton until 1976.\\n\\nIn 1976 she entered Boston University\\u2019s PhD program in American Business History. Her dissertation, Lowell: The Corporations and the City is the seminal work on Lowell, MA during the Civil War. She joined Northeastern University\\u2019s College of Business faculty in 1980 and taught International Business until her retirement in 2007. She consulted for international and foreign institutions in Asia and Africa and is the author of numerous articles.\\n\\nFor more than a decade, she taught summers at Prasetiya Mulya Graduate School of Management in Indonesia, and also taught at other universities in Asia. She is the author of two additional books, Strategic Management of Multinationals and Business and Society: A Managerial Approach. Her late husband, Lawrence Wortzel, (HBS MBA \\u201863 and DBA \\u201966) was Professor of International Marketing at BU, her father, Raymond Vernon, was the Johnson Professor of International Business at HBS and Dillon Professor of International Relations at the Kennedy School.\\n\\nIn 1997 she married F. Gerard (Jerry) Adams, Professor Emeritus of Economics at UPenn. He passed away in January 2011. She lives in Newton with her two Burmese cats. She has six children and10 grandchildren and is an active and adventuresome traveler. She is a dedicated knitter who has had several exhibitions of her handiwork. She has a prize-winning garden and enjoys cooking for others, 18th century music, theater, and family.\", \"City State Zip\": \"617-332-2996\", \"Display name\": \"Heidi Vernon\", \"Member Since\": \"2008\", \"Email\": \"heidivernon@yahoo.com\"}", "Phone": "617-332-2996", "Last Name": "Vernon", "Photo": "", "Address": "617-332-2996", "Current Status": "2008", "First Name": "Heidi", "Bio Information": "Heidi Vernon\u2019s career has been a m\u00e9lange of opportunity flavored with a soup\u00e7on of serendipity. Her son and daughter were born while her husband was studying at HBS. In 1969 HILR member Estelle Bond Guralnick featured her in an article in the Boston Globe that said she wanted to start a cooking school. The family moved to Paris where she studied at Cordon Bleu and subsequently taught cooking in Newton until 1976.\n\nIn 1976 she entered Boston University\u2019s PhD program in American Business History. Her dissertation, Lowell: The Corporations and the City is the seminal work on Lowell, MA during the Civil War. She joined Northeastern University\u2019s College of Business faculty in 1980 and taught International Business until her retirement in 2007. She consulted for international and foreign institutions in Asia and Africa and is the author of numerous articles.\n\nFor more than a decade, she taught summers at Prasetiya Mulya Graduate School of Management in Indonesia, and also taught at other universities in Asia. She is the author of two additional books, Strategic Management of Multinationals and Business and Society: A Managerial Approach. Her late husband, Lawrence Wortzel, (HBS MBA \u201863 and DBA \u201966) was Professor of International Marketing at BU, her father, Raymond Vernon, was the Johnson Professor of International Business at HBS and Dillon Professor of International Relations at the Kennedy School.\n\nIn 1997 she married F. Gerard (Jerry) Adams, Professor Emeritus of Economics at UPenn. He passed away in January 2011. She lives in Newton with her two Burmese cats. She has six children and10 grandchildren and is an active and adventuresome traveler. She is a dedicated knitter who has had several exhibitions of her handiwork. She has a prize-winning garden and enjoys cooking for others, 18th century music, theater, and family.", "City State Zip": "617-332-2996", "Display name": "Heidi Vernon", "Member Since": "2008", "Email": "heidivernon@yahoo.com"}
