{"SafeDict": "{\"Phone\": \"617-969-8403\", \"Last Name\": \"Golann\", \"Photo\": \"\", \"Address\": \"221 Islington Road\", \"Current Status\": \"Active Member\", \"First Name\": \"Helaine\", \"Bio Information\": \"Helaine grew up in New Jersey, did her undergraduate in Pennsylvania, and earned a PhD in clinical psychology from Clark University in Worcester, MA. After an internship at the Beth Israel Hospital in Boston, she began working for the Brandon Schools in Natick and Petersham\\u2014taking a break to direct research in Child Psychiatry at Tufts New England Medical Center\\u2014 then returning as Brandon\\u2019s clinical director. At Brandon she was deeply moved by the profound positive changes a therapeutic milieu can promote not just for children, but for teachers and therapists as well. Her interest in training therapists led to graduate teaching at Massachusetts School for Professional Psychology and Lesley University. She\\u2019s also served as adjunct faculty member at Harvard Medical School and taught intensive summer courses at Wheelock College.\\n\\nA central theme of Helaine\\u2019s work and personal life has been facilitating personal transformation as reflected in her teaching and practice as a clinical psychologist. She is especially interested in the integrative and healing power of personal and memoir writing. In the past decade, she\\u2019s been teaching Kripalu yoga and its nuturing of body, mind and spirit.\\n\\nHaving reviewed the rich selection of courses offered at HILR, she\\u2019s wondering how yoga might contribute to the community\\u2014 not as a course, but a few minutes of stretching without ever leaving one\\u2019s chair can offer enormous benefits. Helaine is looking forward to becoming an active member of HILR\\u2019s learning community.\", \"City State Zip\": \"Auburndale, MA 02466\", \"Display name\": \"Helaine Golann\", \"Member Since\": \"2008\", \"Email\": \"hsgolann@comcast.net\"}", "Phone": "617-969-8403", "Last Name": "Golann", "Photo": "", "Address": "221 Islington Road", "Current Status": "Active Member", "First Name": "Helaine", "Bio Information": "Helaine grew up in New Jersey, did her undergraduate in Pennsylvania, and earned a PhD in clinical psychology from Clark University in Worcester, MA. After an internship at the Beth Israel Hospital in Boston, she began working for the Brandon Schools in Natick and Petersham\u2014taking a break to direct research in Child Psychiatry at Tufts New England Medical Center\u2014 then returning as Brandon\u2019s clinical director. At Brandon she was deeply moved by the profound positive changes a therapeutic milieu can promote not just for children, but for teachers and therapists as well. Her interest in training therapists led to graduate teaching at Massachusetts School for Professional Psychology and Lesley University. She\u2019s also served as adjunct faculty member at Harvard Medical School and taught intensive summer courses at Wheelock College.\n\nA central theme of Helaine\u2019s work and personal life has been facilitating personal transformation as reflected in her teaching and practice as a clinical psychologist. She is especially interested in the integrative and healing power of personal and memoir writing. In the past decade, she\u2019s been teaching Kripalu yoga and its nuturing of body, mind and spirit.\n\nHaving reviewed the rich selection of courses offered at HILR, she\u2019s wondering how yoga might contribute to the community\u2014 not as a course, but a few minutes of stretching without ever leaving one\u2019s chair can offer enormous benefits. Helaine is looking forward to becoming an active member of HILR\u2019s learning community.", "City State Zip": "Auburndale, MA 02466", "Display name": "Helaine Golann", "Member Since": "2008", "Email": "hsgolann@comcast.net"}
