{"SafeDict": "{\"Phone\": \"617-864-6632\", \"Last Name\": \"Sprey\", \"Photo\": \"\", \"Address\": \"988 Memorial Drive, Apt. 686\", \"Current Status\": \"1992\", \"First Name\": \"Helen\", \"Bio Information\": \"Helen Sprey is presently living both in Cleveland Heights, Ohio and Cambridge. Her primary residence is Cleveland Heights.\\n\\nShe has a BA from Wellesley College, an MA from Case Western Reserve University, and has also studied at Columbia University and the University of Amsterdam in the Netherlands, where she lived for four years.\", \"City State Zip\": \"Cambridge MA 02138-5782\", \"Display name\": \"Helen Sprey\", \"Member Since\": \"1992\", \"Email\": \"hsprey@mindspring.com\"}", "Phone": "617-864-6632", "Last Name": "Sprey", "Photo": "", "Address": "988 Memorial Drive, Apt. 686", "Current Status": "1992", "First Name": "Helen", "Bio Information": "Helen Sprey is presently living both in Cleveland Heights, Ohio and Cambridge. Her primary residence is Cleveland Heights.\n\nShe has a BA from Wellesley College, an MA from Case Western Reserve University, and has also studied at Columbia University and the University of Amsterdam in the Netherlands, where she lived for four years.", "City State Zip": "Cambridge MA 02138-5782", "Display name": "Helen Sprey", "Member Since": "1992", "Email": "hsprey@mindspring.com"}
