{"SafeDict": "{\"Phone\": \"617-484-0267\", \"Last Name\": \"Bakeman\", \"Photo\": \"\", \"Address\": \"92 Lexington St.\", \"Current Status\": \"Active Member\", \"First Name\": \"Helen\", \"Bio Information\": \"During more than 25 years as Vice President at Abt Associates in Cambridge, Helen Bakeman engaged in numerous research and consulting assignments. Her initial assignment was a continuation of her work for the US Department of HUD (in Philadelphia). Several projects designed and tested alternatives to the US policy of constructing large public housing, resulting in today\\u2019s approach of providing housing vouchers (although inadequate). Helen managed several of the company\\u2019s corporate functions, and was operations manager for some new ventures in business strategy and clinical trials for bio-tech and pharmaceutical companies. She also managed aspects of the company\\u2019s international portfolio, directing a two-year housing project in Russia and overseeing Abt\\u2019s international health division.\\n\\nHelen has been an independent consultant since leaving Abt in 2000: her assignments have included six-month in-country projects in Iraq and Croatia, and managing the development of a nursing school in Egypt for Simmons College. Helen has traveled a great deal. She has served on the Board of Sharing a New Song, a chorus with a mission to promote intercultural understanding. Her travels with this group have included Cuba, South Africa and Vietnam. She has visited cities in Mexico with a troupe of clowns to entertain in hospitals, schools and orphanages.\\n\\nOther interests include politics, (national, state and local); tennis; cooking; fiction and non-fiction reading. Helen has a BA in history from the University of Pennsylvania and an MPA from Syracuse University.\", \"City State Zip\": \"Belmont, MA 2202478\", \"Display name\": \"Helen Bakeman\", \"Member Since\": \"2007\", \"Email\": \"hebakeman@yahoo.com\"}", "Phone": "617-484-0267", "Last Name": "Bakeman", "Photo": "", "Address": "92 Lexington St.", "Current Status": "Active Member", "First Name": "Helen", "Bio Information": "During more than 25 years as Vice President at Abt Associates in Cambridge, Helen Bakeman engaged in numerous research and consulting assignments. Her initial assignment was a continuation of her work for the US Department of HUD (in Philadelphia). Several projects designed and tested alternatives to the US policy of constructing large public housing, resulting in today\u2019s approach of providing housing vouchers (although inadequate). Helen managed several of the company\u2019s corporate functions, and was operations manager for some new ventures in business strategy and clinical trials for bio-tech and pharmaceutical companies. She also managed aspects of the company\u2019s international portfolio, directing a two-year housing project in Russia and overseeing Abt\u2019s international health division.\n\nHelen has been an independent consultant since leaving Abt in 2000: her assignments have included six-month in-country projects in Iraq and Croatia, and managing the development of a nursing school in Egypt for Simmons College. Helen has traveled a great deal. She has served on the Board of Sharing a New Song, a chorus with a mission to promote intercultural understanding. Her travels with this group have included Cuba, South Africa and Vietnam. She has visited cities in Mexico with a troupe of clowns to entertain in hospitals, schools and orphanages.\n\nOther interests include politics, (national, state and local); tennis; cooking; fiction and non-fiction reading. Helen has a BA in history from the University of Pennsylvania and an MPA from Syracuse University.", "City State Zip": "Belmont, MA 2202478", "Display name": "Helen Bakeman", "Member Since": "2007", "Email": "hebakeman@yahoo.com"}
