{"SafeDict": "{\"Phone\": \"\", \"Last Name\": \"Kagan\", \"Photo\": \"\", \"Address\": \"\", \"Current Status\": \"Active Member\", \"First Name\": \"Helen\", \"Bio Information\": \"Helen Kagan was born in Boston, MA and attended the Boston Public Schools which she says gave her an excellent education. She studied both piano and violin while growing up, and whenever she has extra time, she plays for her family. Before attending college, she worked at the Boston Naval Shipyard in the Purchasing Department where she met her future husband who was auditing her department for the Bureau of Audits, Boston Division. His work took them to Europe and Morocco where they spent two and onehalf years. Helen traveled extensively throughout Europe and England learning about the different cultures while studying the different languages. In Morocco, she employed a Fatima for her young daughter who learned Arabic before she spoke English. Helen still maintains friendship with her European friends and they visit while traveling.\\n\\nHelen received an AB in history from the University of Rhode Island and a MA in English as a Second Language from Rhode Island College. She taught both history and ESL in the Rhode Island public schools and at the Community College of Rhode Island. Since retiring, she has taken essay writing classes at Harvard Extension, and now does private tutoring at her home in Essay writing, primarily for high school students who are preparing for the SATs. In September, Helen and her husband toured Turkey with the World Affairs Council. She loved the country and found the Turkish people friendly and helpful. Since returning home, she has been giving presentations on Turkey to assisted-living communities, community centers, and this spring, she will be a group leader at the Brown University Learning in Retirement on \\u201cTurkey, a Bridge Between Cultures.\\u201d\\n\\nHer interests are travel, languages and customs, Ikebana flower arrangements, foreign affairs, yoga, and essay writing. She and her husband live in Providence where they are active in The World Affairs Council of Rhode Island.\", \"City State Zip\": \"\", \"Display name\": \"Helen Kagan\", \"Member Since\": \"2007\", \"Email\": \"kaganhelen@hotmail.com\"}", "Phone": "", "Last Name": "Kagan", "Photo": "", "Address": "", "Current Status": "Active Member", "First Name": "Helen", "Bio Information": "Helen Kagan was born in Boston, MA and attended the Boston Public Schools which she says gave her an excellent education. She studied both piano and violin while growing up, and whenever she has extra time, she plays for her family. Before attending college, she worked at the Boston Naval Shipyard in the Purchasing Department where she met her future husband who was auditing her department for the Bureau of Audits, Boston Division. His work took them to Europe and Morocco where they spent two and onehalf years. Helen traveled extensively throughout Europe and England learning about the different cultures while studying the different languages. In Morocco, she employed a Fatima for her young daughter who learned Arabic before she spoke English. Helen still maintains friendship with her European friends and they visit while traveling.\n\nHelen received an AB in history from the University of Rhode Island and a MA in English as a Second Language from Rhode Island College. She taught both history and ESL in the Rhode Island public schools and at the Community College of Rhode Island. Since retiring, she has taken essay writing classes at Harvard Extension, and now does private tutoring at her home in Essay writing, primarily for high school students who are preparing for the SATs. In September, Helen and her husband toured Turkey with the World Affairs Council. She loved the country and found the Turkish people friendly and helpful. Since returning home, she has been giving presentations on Turkey to assisted-living communities, community centers, and this spring, she will be a group leader at the Brown University Learning in Retirement on \u201cTurkey, a Bridge Between Cultures.\u201d\n\nHer interests are travel, languages and customs, Ikebana flower arrangements, foreign affairs, yoga, and essay writing. She and her husband live in Providence where they are active in The World Affairs Council of Rhode Island.", "City State Zip": "", "Display name": "Helen Kagan", "Member Since": "2007", "Email": "kaganhelen@hotmail.com"}
