{"SafeDict": "{\"Phone\": \"\", \"Last Name\": \"Wood\", \"Photo\": \"\", \"Address\": \"\", \"Current Status\": \"2000\", \"First Name\": \"Henry\", \"Bio Information\": \"Henry graduated from Harvard College (as had his father and grandfather), majoring in physics, and then worked for Eastman Kodak for 3 years.\\n\\nAn itch for architecture led to his giving up his military deferment and being drafted as a private in the army. After watching over a dozen A-bombs and H-bombs go off at Bikini and Eniwetok, he returned to Harvard to get an MA in architecture. He has since spent over a third of century with Kallmann McKinnell and Wood, whom he believes to be more than just the best architects in Boston. Henry joined them to build Boston City Hall and other subsequent illustrious local buildings, including the American Academy of Arts and Sciences and the new Suffolk County Courthouse. Foreign commissions have included U.S. Embassies in Bangkok and Bangladesh and the Headquarters for the United Nations\\u2019 Organization for the Prohibition of Chemical Weapons in the Hague.\\n\\nHenry\\u2019s other passion is the island \\u201cClingstone\\u201d, the 23-room \\u201chouse on the rock\\u201d off Newport RI, which he bought 40 years ago for $3,500. It takes up his excess hours, reinforcing his bonds with his three sons. It is an exemplar of alternative living with an electric windmill, photo voltaic cells, and rainwater collection with solar hot water (with mussels and blue fish for sustenance).\", \"City State Zip\": \"\", \"Display name\": \"Henry Wood\", \"Member Since\": \"2000\", \"Email\": \"hawarch@rcn.com\"}", "Phone": "", "Last Name": "Wood", "Photo": "", "Address": "", "Current Status": "2000", "First Name": "Henry", "Bio Information": "Henry graduated from Harvard College (as had his father and grandfather), majoring in physics, and then worked for Eastman Kodak for 3 years.\n\nAn itch for architecture led to his giving up his military deferment and being drafted as a private in the army. After watching over a dozen A-bombs and H-bombs go off at Bikini and Eniwetok, he returned to Harvard to get an MA in architecture. He has since spent over a third of century with Kallmann McKinnell and Wood, whom he believes to be more than just the best architects in Boston. Henry joined them to build Boston City Hall and other subsequent illustrious local buildings, including the American Academy of Arts and Sciences and the new Suffolk County Courthouse. Foreign commissions have included U.S. Embassies in Bangkok and Bangladesh and the Headquarters for the United Nations\u2019 Organization for the Prohibition of Chemical Weapons in the Hague.\n\nHenry\u2019s other passion is the island \u201cClingstone\u201d, the 23-room \u201chouse on the rock\u201d off Newport RI, which he bought 40 years ago for $3,500. It takes up his excess hours, reinforcing his bonds with his three sons. It is an exemplar of alternative living with an electric windmill, photo voltaic cells, and rainwater collection with solar hot water (with mussels and blue fish for sustenance).", "City State Zip": "", "Display name": "Henry Wood", "Member Since": "2000", "Email": "hawarch@rcn.com"}
