{"SafeDict": "{\"Phone\": \"\", \"Last Name\": \"Hershfang\", \"Photo\": \"\", \"Address\": \"\", \"Current Status\": \"Active Member\", \"First Name\": \"Herbert\", \"Bio Information\": \"Herbert received his BA from the City College of New York in 1953 and his JD from Harvard Law School in 1956. He spent 25 years in private, mainly civil, practice in a Boston law firm and is currently a volunteer trial lawyer representing indigents in Probate and Family Court. From 1985 to 2001, Herbert was a judge in the Massachusetts Trial Court Boston, Municipal Court Department. He also served as a judge in the District and Probate and Family Court departments. In June 2001 he received the Massachusetts Judges Conference Judicial Excellence Award. Recently he served as Executive Director of Harvard University\\u2019s Kennedy School of Government\\u2019s Program on the Judiciary, designed to explore and evaluate the structure and policies of the judicial branch of government. While at the Kennedy School he created and directed its \\u201cAmerica Law Works\\u201d program. At the same time he chaired a committee to evaluate candidates for Chief Justice of Probate and Family Court Department in Massachusetts.\\n\\nHerbert has been married since 1963 to Ann Myers Hershfang, who has an impressive career of her own in the Massachusetts state transportation field. He counts highest among his list of accomplishments his two daughters, one of whom has a JD from Yale (Law Journal), and the other a JD cum laude from Harvard, although he credits their mother with their achievements.\", \"City State Zip\": \"\", \"Display name\": \"Herbert Hershfang\", \"Member Since\": \"2004\", \"Email\": \"hhershfang@post.harvard.edu\"}", "Phone": "", "Last Name": "Hershfang", "Photo": "", "Address": "", "Current Status": "Active Member", "First Name": "Herbert", "Bio Information": "Herbert received his BA from the City College of New York in 1953 and his JD from Harvard Law School in 1956. He spent 25 years in private, mainly civil, practice in a Boston law firm and is currently a volunteer trial lawyer representing indigents in Probate and Family Court. From 1985 to 2001, Herbert was a judge in the Massachusetts Trial Court Boston, Municipal Court Department. He also served as a judge in the District and Probate and Family Court departments. In June 2001 he received the Massachusetts Judges Conference Judicial Excellence Award. Recently he served as Executive Director of Harvard University\u2019s Kennedy School of Government\u2019s Program on the Judiciary, designed to explore and evaluate the structure and policies of the judicial branch of government. While at the Kennedy School he created and directed its \u201cAmerica Law Works\u201d program. At the same time he chaired a committee to evaluate candidates for Chief Justice of Probate and Family Court Department in Massachusetts.\n\nHerbert has been married since 1963 to Ann Myers Hershfang, who has an impressive career of her own in the Massachusetts state transportation field. He counts highest among his list of accomplishments his two daughters, one of whom has a JD from Yale (Law Journal), and the other a JD cum laude from Harvard, although he credits their mother with their achievements.", "City State Zip": "", "Display name": "Herbert Hershfang", "Member Since": "2004", "Email": "hhershfang@post.harvard.edu"}
