{"SafeDict": "{\"Phone\": \"\", \"Last Name\": \"Kagan\", \"Photo\": \"\", \"Address\": \"\", \"Current Status\": \"Active Member\", \"First Name\": \"Herbert\", \"Bio Information\": \"I was born and grew up in Boston. Indeed my birth year coincided with the first election of Franklin Delano Roosevelt to the Presidency, which, coupled with the 13 years of his tenure in that public office, accounts for my continuing affinities for the public policies which he espoused. My education included a 6 year curriculum in languages and classics at Boston Latin School and continued with the award of B.S. and M.S degrees in Microbiology at the University of Massachusetts. This was immediately followed by an unsolicited offer of a two year Instructorship from the Microbiology Department at Purdue University which I was happy to accept and which presented the opportunity for my first teaching experience.\\nAlthough the broad A\\u2019s and misplaced R\\u2019s of my Boston accent were initially puzzling to my midwestern students, these were gradually overcome to the degree that my students fully recognized that I was, in fact , lecturing in English. The tug of my Boston roots proved sufficiently strong for me to return to the Athens of America initially pursuing a mixture of basic and applied research at Arthur D. Little, Inc.\\nMy interests soon refocussed on the discipline of Bioochemistry, thus leading me to pursue a Ph.D. in that subject at Tufts Medical School. That experience remains a highlight of my career and alerted me to the subdisciplines of enzymology and protein chemistry which were the bases of much of my subsequent research career. Following a three year postdoctoral research fellowship at Harvard Medical School, I joined the Department of Biochemistry at Boston University School of Medicine in 1969 where I taught graduate and medical students and carried out a nearly 40 year, NIH-funded research program on the catalytic mechanisms, biosynthetic pathways and genetic regulation of key enzymes involved in the biosynthesis, metabolic degradation and repair of the collagen and elastin components of the extracellular matrix.\\nI partially retired in 2008 retaining a 10% Professorship and fully retired as Professor Emeritus as of August, 2011. My non-professional activities include my largely self-taught efforts at playing the piano, capturing the pictorial essence of landscapes and still-life settings by oil painting, maneuvering Soling sail boats among the islands of Boston Harbor, and 150+ hours of instructional and solo flights in Cessna 172 aircraft. My long held fascination with photography has blossomed since my retirement and, although Alfred Steiglitz has nothing to fear for his well earned reputation as a masterful photographer, I continue to greatly enjoy that now-digital process. My wife, Elly, and I have been fortunate enough to have traveled to several national and international conferences to which I have been invited as a speaker as well as travel purely for the experience. Our destinations have included many trips to Italy and other European countries, Kenya, Budapest, China, Argentina and, perhaps most memorably, our crossing of the South Atlantic for our visit to the Antarctic Penninsula. Thousands of Adelie, Chinstrap and Gentoo penguins as well as whales, seals and a variety of avian creatures were among our animal hosts as we explored the coastal regions of that remarkable continent.\", \"City State Zip\": \"\", \"Display name\": \"Herbert Kagan\", \"Member Since\": \"2011\", \"Email\": \"hmkag@verizon.net\"}", "Phone": "", "Last Name": "Kagan", "Photo": "", "Address": "", "Current Status": "Active Member", "First Name": "Herbert", "Bio Information": "I was born and grew up in Boston. Indeed my birth year coincided with the first election of Franklin Delano Roosevelt to the Presidency, which, coupled with the 13 years of his tenure in that public office, accounts for my continuing affinities for the public policies which he espoused. My education included a 6 year curriculum in languages and classics at Boston Latin School and continued with the award of B.S. and M.S degrees in Microbiology at the University of Massachusetts. This was immediately followed by an unsolicited offer of a two year Instructorship from the Microbiology Department at Purdue University which I was happy to accept and which presented the opportunity for my first teaching experience.\nAlthough the broad A\u2019s and misplaced R\u2019s of my Boston accent were initially puzzling to my midwestern students, these were gradually overcome to the degree that my students fully recognized that I was, in fact , lecturing in English. The tug of my Boston roots proved sufficiently strong for me to return to the Athens of America initially pursuing a mixture of basic and applied research at Arthur D. Little, Inc.\nMy interests soon refocussed on the discipline of Bioochemistry, thus leading me to pursue a Ph.D. in that subject at Tufts Medical School. That experience remains a highlight of my career and alerted me to the subdisciplines of enzymology and protein chemistry which were the bases of much of my subsequent research career. Following a three year postdoctoral research fellowship at Harvard Medical School, I joined the Department of Biochemistry at Boston University School of Medicine in 1969 where I taught graduate and medical students and carried out a nearly 40 year, NIH-funded research program on the catalytic mechanisms, biosynthetic pathways and genetic regulation of key enzymes involved in the biosynthesis, metabolic degradation and repair of the collagen and elastin components of the extracellular matrix.\nI partially retired in 2008 retaining a 10% Professorship and fully retired as Professor Emeritus as of August, 2011. My non-professional activities include my largely self-taught efforts at playing the piano, capturing the pictorial essence of landscapes and still-life settings by oil painting, maneuvering Soling sail boats among the islands of Boston Harbor, and 150+ hours of instructional and solo flights in Cessna 172 aircraft. My long held fascination with photography has blossomed since my retirement and, although Alfred Steiglitz has nothing to fear for his well earned reputation as a masterful photographer, I continue to greatly enjoy that now-digital process. My wife, Elly, and I have been fortunate enough to have traveled to several national and international conferences to which I have been invited as a speaker as well as travel purely for the experience. Our destinations have included many trips to Italy and other European countries, Kenya, Budapest, China, Argentina and, perhaps most memorably, our crossing of the South Atlantic for our visit to the Antarctic Penninsula. Thousands of Adelie, Chinstrap and Gentoo penguins as well as whales, seals and a variety of avian creatures were among our animal hosts as we explored the coastal regions of that remarkable continent.", "City State Zip": "", "Display name": "Herbert Kagan", "Member Since": "2011", "Email": "hmkag@verizon.net"}
