{"SafeDict": "{\"Phone\": \"(617) 969-9768\", \"Last Name\": \"Kaplan\", \"Photo\": \"\", \"Address\": \"51 Sevland Rd\", \"Current Status\": \"New\", \"First Name\": \"Honora\", \"Bio Information\": \"Honora Kaplan is a family law attorney who retired from the practice of law at the end of August 2013. She graduated Phi Beta Kappa from Smith College in 1961, from Harvard\\u2019s Kennedy School with a Masters in Public Administration in 1964, and from Boston College Law School in 1970. (Footnote: when Honora graduated from the Kennedy School - then known as the Littauer School of Public Administration \\u2013 she was the only woman in her class of 100).\\nEarly in her career, Honora worked for the Massachusetts Department of Mental Health, and continued her commitment to quality mental health services by representing mental health clinics and other non-profit organizations serving the mentally ill and the elderly. In addition, during the tumultuous period of school closings, she served on the Newton School Committee from 1976-1982, and as chairperson from 1978-1980.\\nIn addition to being an avid reader, Honora and her husband, Bill Terry, love going to the theater and to art museums. They frequently drive to New York City, and see three or four plays in a single weekend as well as to art exhibits of special interest. (Recent favorites include Audra McDonald in \\u201cLady Day at Emerson\\u2019s Bar and Grill\\u201d and Lost Kingdoms at the Metropolitan Museum of Art.) They also love to travel in the United States and abroad, often returning to favorites such as Paris, Santa Fe and San Francisco. Honora has three children and seven grandchildren who are the source of enormous joy (and humor).\\nHonora is now looking forward to exploring and learning about new and familiar issues presented in the courses at HILR.\", \"City State Zip\": \"Newton, MA 02459\", \"Display name\": \"Honora Kaplan\", \"Member Since\": \"Fall 2014\", \"Email\": \"hkaplan@fjklaw.com\"}", "Phone": "(617) 969-9768", "Last Name": "Kaplan", "Photo": "", "Address": "51 Sevland Rd", "Current Status": "New", "First Name": "Honora", "Bio Information": "Honora Kaplan is a family law attorney who retired from the practice of law at the end of August 2013. She graduated Phi Beta Kappa from Smith College in 1961, from Harvard\u2019s Kennedy School with a Masters in Public Administration in 1964, and from Boston College Law School in 1970. (Footnote: when Honora graduated from the Kennedy School - then known as the Littauer School of Public Administration \u2013 she was the only woman in her class of 100).\nEarly in her career, Honora worked for the Massachusetts Department of Mental Health, and continued her commitment to quality mental health services by representing mental health clinics and other non-profit organizations serving the mentally ill and the elderly. In addition, during the tumultuous period of school closings, she served on the Newton School Committee from 1976-1982, and as chairperson from 1978-1980.\nIn addition to being an avid reader, Honora and her husband, Bill Terry, love going to the theater and to art museums. They frequently drive to New York City, and see three or four plays in a single weekend as well as to art exhibits of special interest. (Recent favorites include Audra McDonald in \u201cLady Day at Emerson\u2019s Bar and Grill\u201d and Lost Kingdoms at the Metropolitan Museum of Art.) They also love to travel in the United States and abroad, often returning to favorites such as Paris, Santa Fe and San Francisco. Honora has three children and seven grandchildren who are the source of enormous joy (and humor).\nHonora is now looking forward to exploring and learning about new and familiar issues presented in the courses at HILR.", "City State Zip": "Newton, MA 02459", "Display name": "Honora Kaplan", "Member Since": "Fall 2014", "Email": "hkaplan@fjklaw.com"}
