{"SafeDict": "{\"Phone\": \"\", \"Last Name\": \"Talcott\", \"Photo\": \"\", \"Address\": \"\", \"Current Status\": \"2000\", \"First Name\": \"Hooker\", \"Bio Information\": \"Hooker is a Brookline resident of more than 30 years. He recently retired from the financial community in Boston, John Hancock,followed by twelve years in the mutual fund industry at Eaton Vance. He is a Princeton University graduate, having majored in English and American studies. He also studied at the New York Graduate School of Business Administration.\\n\\nFor the last two years he has taught courses at the Boston Security Analysts Society and has done consulting for nonprofit and otherwise in capital formation and investment management with emphasis on fixed income.\\n\\nHooker participates in as many cultural activities in the Boston and New York area as possible, such as the theater, opera, and symphony. He also participates in a study and discussion group, the Brookline Thursday Club. A devotee of outdoor sports, he is an avid fisherman and tennis player, and looks forward to HILR for intellectual pursuits. His wife has labored at the Museum of Fine Arts for the last 20 years, as a gallery guide, an interest he shares. They have three daughters and eight grandchildren.\", \"City State Zip\": \"\", \"Display name\": \"Hooker Talcott\", \"Member Since\": \"2000\", \"Email\": \"htalcott@msn.com\"}", "Phone": "", "Last Name": "Talcott", "Photo": "", "Address": "", "Current Status": "2000", "First Name": "Hooker", "Bio Information": "Hooker is a Brookline resident of more than 30 years. He recently retired from the financial community in Boston, John Hancock,followed by twelve years in the mutual fund industry at Eaton Vance. He is a Princeton University graduate, having majored in English and American studies. He also studied at the New York Graduate School of Business Administration.\n\nFor the last two years he has taught courses at the Boston Security Analysts Society and has done consulting for nonprofit and otherwise in capital formation and investment management with emphasis on fixed income.\n\nHooker participates in as many cultural activities in the Boston and New York area as possible, such as the theater, opera, and symphony. He also participates in a study and discussion group, the Brookline Thursday Club. A devotee of outdoor sports, he is an avid fisherman and tennis player, and looks forward to HILR for intellectual pursuits. His wife has labored at the Museum of Fine Arts for the last 20 years, as a gallery guide, an interest he shares. They have three daughters and eight grandchildren.", "City State Zip": "", "Display name": "Hooker Talcott", "Member Since": "2000", "Email": "htalcott@msn.com"}
