{"SafeDict": "{\"Phone\": \"(781)275-8128\", \"Last Name\": \"Cohen\", \"Photo\": \"\", \"Address\": \"5 Arbella Road\", \"Current Status\": \"Bedford, MA 01730\", \"First Name\": \"Howard\", \"Bio Information\": \"Howard Cohen was born and raised in San Francisco. He received a BS in chemistry from the University of California, Berkeley, and a PhD in chemical physics from the University of Chicago.\\n\\nAfter completing post doctorate positions at the National Bureau of Standards and Harvard University, he worked at MIT and several companies doing research in atomic and molecular physics. For many years, he worked in the computer and electronics industry in the Boston area. After retiring from the computer industry, Howard became a high school math and science teacher.\\n\\nHe presently lives in Bedford, tutors students in math and science, and enjoys keeping bees, traveling, reading, hiking, ballroom dancing, and participating in community service. He has a thirst for knowledge, particularly in science and history. Howard has a desire to understand the world we live in and is concerned about the kind of world that we are leaving to our descendants.\", \"City State Zip\": \"Bedford, MA 01730\", \"Display name\": \"Howard Cohen\", \"Member Since\": \"Bedford, MA 01730\", \"Email\": \"howarddc1@gmail.com\"}", "Phone": "(781)275-8128", "Last Name": "Cohen", "Photo": "", "Address": "5 Arbella Road", "Current Status": "Bedford, MA 01730", "First Name": "Howard", "Bio Information": "Howard Cohen was born and raised in San Francisco. He received a BS in chemistry from the University of California, Berkeley, and a PhD in chemical physics from the University of Chicago.\n\nAfter completing post doctorate positions at the National Bureau of Standards and Harvard University, he worked at MIT and several companies doing research in atomic and molecular physics. For many years, he worked in the computer and electronics industry in the Boston area. After retiring from the computer industry, Howard became a high school math and science teacher.\n\nHe presently lives in Bedford, tutors students in math and science, and enjoys keeping bees, traveling, reading, hiking, ballroom dancing, and participating in community service. He has a thirst for knowledge, particularly in science and history. Howard has a desire to understand the world we live in and is concerned about the kind of world that we are leaving to our descendants.", "City State Zip": "Bedford, MA 01730", "Display name": "Howard Cohen", "Member Since": "Bedford, MA 01730", "Email": "howarddc1@gmail.com"}
