{"SafeDict": "{\"Phone\": \"617-694-6151\", \"Last Name\": \"Tarko\", \"Photo\": \"\", \"Address\": \"39 Verndale Road\", \"Current Status\": \"New Member\", \"First Name\": \"Howard\", \"Bio Information\": \"I have lived in the Boston area for most of my life. I attended the Brookline public schools and graduated from Brookline High School in 1964. I attended Harvard College, majoring in chemistry and physics and graduated in 1968.   I then continued graduate education at Cornell University and obtained a Ph.D. in theoretical physics in 1973. This was the time of Nixon, the Viet Nam war and major cuts in basic science funding. Finding myself to be one of thousands of unfortunate souls with an advanced degree but no job prospects in sight I applied to medical school and was accepted by the University of Pennsylvania, obtaining my MD degree in 1978. After finishing an internal medicine residency at Boston City Hospital I practiced medicine in Boston for 23 years working as an attending emergency room physician at Saint Elizabeth\\u2019s Hospital in Brighton. During this time I married Darlene Dartt, a scientist and Harvard professor, raised 3 daughters and learned the true meaning of feminism.\\nAbout 15 years ago one of my daughters got me interested in computers and programming. On thing led to another and I eventually became a student at the Harvard Extension School and received a degree in Infromation Techology from that institution.  At the age of 61 I was hired to be a Medical Director at Optum, a medical IT company and have worked there ever since. I am currently winding down my involvent with that company and am looking forward to pursuing other interests.  \\nI enjoy skiing and go on several major ski trips every year. I am a very bad, but dedicated pianist.\", \"City State Zip\": \"Newton, MA. 02461\", \"Display name\": \"Howard Tarko\", \"Member Since\": \"Spring 2015\", \"Email\": \"htarko@gmail.com\"}", "Phone": "617-694-6151", "Last Name": "Tarko", "Photo": "", "Address": "39 Verndale Road", "Current Status": "New Member", "First Name": "Howard", "Bio Information": "I have lived in the Boston area for most of my life. I attended the Brookline public schools and graduated from Brookline High School in 1964. I attended Harvard College, majoring in chemistry and physics and graduated in 1968.   I then continued graduate education at Cornell University and obtained a Ph.D. in theoretical physics in 1973. This was the time of Nixon, the Viet Nam war and major cuts in basic science funding. Finding myself to be one of thousands of unfortunate souls with an advanced degree but no job prospects in sight I applied to medical school and was accepted by the University of Pennsylvania, obtaining my MD degree in 1978. After finishing an internal medicine residency at Boston City Hospital I practiced medicine in Boston for 23 years working as an attending emergency room physician at Saint Elizabeth\u2019s Hospital in Brighton. During this time I married Darlene Dartt, a scientist and Harvard professor, raised 3 daughters and learned the true meaning of feminism.\nAbout 15 years ago one of my daughters got me interested in computers and programming. On thing led to another and I eventually became a student at the Harvard Extension School and received a degree in Infromation Techology from that institution.  At the age of 61 I was hired to be a Medical Director at Optum, a medical IT company and have worked there ever since. I am currently winding down my involvent with that company and am looking forward to pursuing other interests.  \nI enjoy skiing and go on several major ski trips every year. I am a very bad, but dedicated pianist.", "City State Zip": "Newton, MA. 02461", "Display name": "Howard Tarko", "Member Since": "Spring 2015", "Email": "htarko@gmail.com"}
