{"SafeDict": "{\"Phone\": \"617 965-3062\", \"Last Name\": \"Kempler\", \"Photo\": \"\", \"Address\": \"277 Mt Vernon st\", \"Current Status\": \"Active Member\", \"First Name\": \"Hyman\", \"Bio Information\": \"I was born in Czechoslovakia and raised in Brooklyn. When not leading or participating in study groups, I like to bike ride and play golf. I'm interested in history, politics, religion, aging and music. Before retiring I was a clinical psychologist practicing  independently and in health organizations.  For more, see my Memoir.\\n \", \"City State Zip\": \"Newton, MA 02465\", \"Display name\": \"Hyman Kempler\", \"Member Since\": \"2000\", \"Email\": \"hkempler1@gmail.com\"}", "Phone": "617 965-3062", "Last Name": "Kempler", "Photo": "", "Address": "277 Mt Vernon st", "Current Status": "Active Member", "First Name": "Hyman", "Bio Information": "I was born in Czechoslovakia and raised in Brooklyn. When not leading or participating in study groups, I like to bike ride and play golf. I'm interested in history, politics, religion, aging and music. Before retiring I was a clinical psychologist practicing  independently and in health organizations.  For more, see my Memoir.\n ", "City State Zip": "Newton, MA 02465", "Display name": "Hyman Kempler", "Member Since": "2000", "Email": "hkempler1@gmail.com"}
