{"SafeDict": "{\"Phone\": \"\", \"Last Name\": \"Leeser\", \"Photo\": \"\", \"Address\": \"\", \"Current Status\": \"2010\", \"First Name\": \"Ilse\", \"Bio Information\": \"I was born in Germany and lived there until I was 10 years old. My parents and I moved to Holland awaiting immigration to the US since Hitler\\u2019s program \\u201cThe Final Solution\\u201d meaning the annihilation of all Jews, as well as others who were not considered  \\u201cpure white Aryans\\u201d, soon became a reality. Hitler invaded Holland, Belgium and France on May 10, 1940. Soon there after the Gestapo began to arrest and deport Jews and ultimately sent them to \\u201cdeath camps\\u201d. I survived the period from 1942 until May 1945 by being hidden with very brave and compassionate Christian families. After the war I emigrated to the US.\\nAfter arriving in the US I lived with close family members. I studied English and American History in order to take my Regent\\u2019s examination and qualify to receive the equivalency of a High School diploma. I entered a nursing program at Beth Israel School of Nursing in NYC and received a diploma there. I subsequently attended Teacher\\u2019s College Columbia University, NYC, where I received a BS, an MA, and an M.Ed in Public Health Nursing.\\nDuring these years I was married, had three children and worked as a Public Health Nurse in NYC. .I began to teach at Rutgers University in Newark, NJ and taught there for 8 years in the nursing program. While working I continued my education at NYU in New York and eventually received a Ph.D in Nursing Research. After Rutgers and while studying for my Ph.D I taught at Pace University, New York, in their graduate nursing program for 20 years as an associate professor. I became a nurse practitioner in 1981. During that time I worked with the elderly in a day program and developed a course on Health Care for the Elderly, which Pace University incorporated into their curriculum.\\nI received the \\u201cOutstanding Gerontological Nurse of the Year Award\\u201d from the New Jersey State Nurse\\u2019s Association in 1981. After my husband\\u2019s death in 2001, I moved to Brookline, MA in 2002, to be closer to my children. During the last few years I taught briefly at Simmons College, and at MGH, in their nursing programs. I also worked part-time at \\u201cHealth Care for The Homeless\\u201d in Boston. I am currently volunteering as a Nurse- Practitioner at \\u201dThe Wellness Center\\u201d at St. Anthony\\u2019s Shrine in Boston.\\nI enjoy cooking, baking, entertaining and doing pottery. I am also taking a private class in Spanish.\", \"City State Zip\": \"\", \"Display name\": \"Ilse Leeser\", \"Member Since\": \"2010\", \"Email\": \"ilseL@aol.com\"}", "Phone": "", "Last Name": "Leeser", "Photo": "", "Address": "", "Current Status": "2010", "First Name": "Ilse", "Bio Information": "I was born in Germany and lived there until I was 10 years old. My parents and I moved to Holland awaiting immigration to the US since Hitler\u2019s program \u201cThe Final Solution\u201d meaning the annihilation of all Jews, as well as others who were not considered  \u201cpure white Aryans\u201d, soon became a reality. Hitler invaded Holland, Belgium and France on May 10, 1940. Soon there after the Gestapo began to arrest and deport Jews and ultimately sent them to \u201cdeath camps\u201d. I survived the period from 1942 until May 1945 by being hidden with very brave and compassionate Christian families. After the war I emigrated to the US.\nAfter arriving in the US I lived with close family members. I studied English and American History in order to take my Regent\u2019s examination and qualify to receive the equivalency of a High School diploma. I entered a nursing program at Beth Israel School of Nursing in NYC and received a diploma there. I subsequently attended Teacher\u2019s College Columbia University, NYC, where I received a BS, an MA, and an M.Ed in Public Health Nursing.\nDuring these years I was married, had three children and worked as a Public Health Nurse in NYC. .I began to teach at Rutgers University in Newark, NJ and taught there for 8 years in the nursing program. While working I continued my education at NYU in New York and eventually received a Ph.D in Nursing Research. After Rutgers and while studying for my Ph.D I taught at Pace University, New York, in their graduate nursing program for 20 years as an associate professor. I became a nurse practitioner in 1981. During that time I worked with the elderly in a day program and developed a course on Health Care for the Elderly, which Pace University incorporated into their curriculum.\nI received the \u201cOutstanding Gerontological Nurse of the Year Award\u201d from the New Jersey State Nurse\u2019s Association in 1981. After my husband\u2019s death in 2001, I moved to Brookline, MA in 2002, to be closer to my children. During the last few years I taught briefly at Simmons College, and at MGH, in their nursing programs. I also worked part-time at \u201cHealth Care for The Homeless\u201d in Boston. I am currently volunteering as a Nurse- Practitioner at \u201dThe Wellness Center\u201d at St. Anthony\u2019s Shrine in Boston.\nI enjoy cooking, baking, entertaining and doing pottery. I am also taking a private class in Spanish.", "City State Zip": "", "Display name": "Ilse Leeser", "Member Since": "2010", "Email": "ilseL@aol.com"}
