{"SafeDict": "{\"Phone\": \"\", \"Last Name\": \"Malloy\", \"Photo\": \"\", \"Address\": \"\", \"Current Status\": \"1995\", \"First Name\": \"Ione\", \"Bio Information\": \"lone Malloy lives in Chestnut Hill. She has degrees from Emmanuel College, Boston State College, Boston College, and a PhD from the University of Texas, Austin. She has been a teacher in the Boston Public Schools and author of Southie Won't Go: A Teacher's Diary of the Desegregation of South Boston High School.\\n\\nHer area of expertise is Irish literature and history, and her interests include being a member of the Handel and Haydn chorus.\", \"City State Zip\": \"\", \"Display name\": \"Ione Malloy\", \"Member Since\": \"1995\", \"Email\": \"ione_malloy@yahoo.com\"}", "Phone": "", "Last Name": "Malloy", "Photo": "", "Address": "", "Current Status": "1995", "First Name": "Ione", "Bio Information": "lone Malloy lives in Chestnut Hill. She has degrees from Emmanuel College, Boston State College, Boston College, and a PhD from the University of Texas, Austin. She has been a teacher in the Boston Public Schools and author of Southie Won't Go: A Teacher's Diary of the Desegregation of South Boston High School.\n\nHer area of expertise is Irish literature and history, and her interests include being a member of the Handel and Haydn chorus.", "City State Zip": "", "Display name": "Ione Malloy", "Member Since": "1995", "Email": "ione_malloy@yahoo.com"}
