{"SafeDict": "{\"Phone\": \"781-275-3592\", \"Last Name\": \"Holtzman\", \"Photo\": \"\", \"Address\": \"32 Fox Run Road\", \"Current Status\": \"Active Member\", \"First Name\": \"Ira\", \"Bio Information\": \"Ira Holtzman, a native New Yorker (Brooklyn, then Queens), moved to the Boston area in 1953. He has lived in Bedford, MA, with his wife Margot for 45 years. \\n\\nIra retired as a systems engineer for the MITRE Corp. During his career he had multi-year assignments in Wiesbaden, Germany, Santa Monica, CA, Belleville, IL, and Brunssum, The Netherlands. He holds a BS degree in electrical engineering from MIT and an MBA in industrial management from the Wharton School of the University of Pennsylvania.\\n\\nIra's interests include reading, history and public policy, the Internet, bicycling,\", \"City State Zip\": \"Bedford, MA 01730\", \"Display name\": \"Ira Holtzman\", \"Member Since\": \"1998\", \"Email\": \"idh@alum.mit.edu\"}", "Phone": "781-275-3592", "Last Name": "Holtzman", "Photo": "", "Address": "32 Fox Run Road", "Current Status": "Active Member", "First Name": "Ira", "Bio Information": "Ira Holtzman, a native New Yorker (Brooklyn, then Queens), moved to the Boston area in 1953. He has lived in Bedford, MA, with his wife Margot for 45 years. \n\nIra retired as a systems engineer for the MITRE Corp. During his career he had multi-year assignments in Wiesbaden, Germany, Santa Monica, CA, Belleville, IL, and Brunssum, The Netherlands. He holds a BS degree in electrical engineering from MIT and an MBA in industrial management from the Wharton School of the University of Pennsylvania.\n\nIra's interests include reading, history and public policy, the Internet, bicycling,", "City State Zip": "Bedford, MA 01730", "Display name": "Ira Holtzman", "Member Since": "1998", "Email": "idh@alum.mit.edu"}
