{"SafeDict": "{\"Phone\": \"617-484-3509\", \"Last Name\": \"Fairley\", \"Photo\": \"\", \"Address\": \"34 Winn Street\", \"Current Status\": \"Belmont MA 02478\", \"First Name\": \"Irene R.\", \"Bio Information\": \"I was born in Brooklyn, and lived there until I attended Queens College. Having majored in English and languages, after graduating I went on to study Linguistics at Harvard University. I earned my doctorate and began teaching.  I taught for five years at C.W. Post College and then moved back to Boston, taking a position at Northeastern University.  After 27 years I retired as a Full Professor. Retirement has allowed me to pursue the artwork I had been squeezing in for so many years. I paint, print and carve works in stone and wood.  Other favorite pasttimes include walking,  birding, and spending time in the garden.  Then there is also theater, travel and photography, and of course, reading.  HILR has become a place  where I can share so many interests and activities with new friends. You can sample my artwork.\", \"City State Zip\": \"Belmont MA 02478\", \"Display name\": \"Irene Fairley\", \"Member Since\": \"Belmont MA 02478\", \"Email\": \"irfairley@verizon.net\"}", "Phone": "617-484-3509", "Last Name": "Fairley", "Photo": "", "Address": "34 Winn Street", "Current Status": "Belmont MA 02478", "First Name": "Irene R.", "Bio Information": "I was born in Brooklyn, and lived there until I attended Queens College. Having majored in English and languages, after graduating I went on to study Linguistics at Harvard University. I earned my doctorate and began teaching.  I taught for five years at C.W. Post College and then moved back to Boston, taking a position at Northeastern University.  After 27 years I retired as a Full Professor. Retirement has allowed me to pursue the artwork I had been squeezing in for so many years. I paint, print and carve works in stone and wood.  Other favorite pasttimes include walking,  birding, and spending time in the garden.  Then there is also theater, travel and photography, and of course, reading.  HILR has become a place  where I can share so many interests and activities with new friends. You can sample my artwork.", "City State Zip": "Belmont MA 02478", "Display name": "Irene Fairley", "Member Since": "Belmont MA 02478", "Email": "irfairley@verizon.net"}
