{"SafeDict": "{\"Phone\": \"617-332-6349\", \"Last Name\": \"Selling\", \"Photo\": \"Selling\", \"Address\": \"617-332-6349\", \"Current Status\": \"1997\", \"First Name\": \"Irma\", \"Bio Information\": \"Irma Sel1ing, from, New York City, is a graduate of CCNY, and holds a certificate in advanced professional training from the Boston Psychoanalytic Institute. She lives in Newton, where she has had a full practice in psychoanalytic psychotherapy.\\n\\nShe has deep interests in music, instrumental and opera, and enjoys singing, anything from Lieder to folksongs. She loves literature, history, and philosophy; she has participated in courses and discussions of the classics through Great Books programs. She enjoys travel, exploration of new countries, likes to swim,and stroll museums and woods.\", \"City State Zip\": \"617-332-6349\", \"Display name\": \"Irma Selling\", \"Member Since\": \"1997\", \"Email\": \"irmaselling1997@gmail.com\"}", "Phone": "617-332-6349", "Last Name": "Selling", "Photo": "Selling", "Address": "617-332-6349", "Current Status": "1997", "First Name": "Irma", "Bio Information": "Irma Sel1ing, from, New York City, is a graduate of CCNY, and holds a certificate in advanced professional training from the Boston Psychoanalytic Institute. She lives in Newton, where she has had a full practice in psychoanalytic psychotherapy.\n\nShe has deep interests in music, instrumental and opera, and enjoys singing, anything from Lieder to folksongs. She loves literature, history, and philosophy; she has participated in courses and discussions of the classics through Great Books programs. She enjoys travel, exploration of new countries, likes to swim,and stroll museums and woods.", "City State Zip": "617-332-6349", "Display name": "Irma Selling", "Member Since": "1997", "Email": "irmaselling1997@gmail.com"}
