{"SafeDict": "{\"Phone\": \"\", \"Last Name\": \"Heifetz\", \"Photo\": \"\", \"Address\": \"\", \"Current Status\": \"\", \"First Name\": \"Irvin\", \"Bio Information\": \"\", \"City State Zip\": \"\", \"Display name\": \"Irvin Heifetz\", \"Member Since\": \"\", \"Email\": \"inh100@gmail.com\"}", "Phone": "", "Last Name": "Heifetz", "Photo": "", "Address": "", "Current Status": "", "First Name": "Irvin", "Bio Information": "", "City State Zip": "", "Display name": "Irvin Heifetz", "Member Since": "", "Email": "inh100@gmail.com"}
