{"SafeDict": "{\"Phone\": \"617-965-8641\", \"Last Name\": \"Bailit\", \"Photo\": \"\", \"Address\": \"73 Church Street\", \"Current Status\": \"Active Member\", \"First Name\": \"Irving\", \"Bio Information\": \"Univ. of Michigan, BS, Univ. of Kansas, MD. Physician and Instructor in Pediatrics, Harvard Univ.\", \"City State Zip\": \"Newton, MA 02458-2038\", \"Display name\": \"Irving Bailit\", \"Member Since\": \"1998\", \"Email\": \"twodocs1@verizon.net\"}", "Phone": "617-965-8641", "Last Name": "Bailit", "Photo": "", "Address": "73 Church Street", "Current Status": "Active Member", "First Name": "Irving", "Bio Information": "Univ. of Michigan, BS, Univ. of Kansas, MD. Physician and Instructor in Pediatrics, Harvard Univ.", "City State Zip": "Newton, MA 02458-2038", "Display name": "Irving Bailit", "Member Since": "1998", "Email": "twodocs1@verizon.net"}
