{"SafeDict": "{\"Phone\": \"\", \"Last Name\": \"Yoder\", \"Photo\": \"\", \"Address\": \"\", \"Current Status\": \"2004\", \"First Name\": \"Isabel\", \"Bio Information\": \"Boston would have seemed an unlikely destination to Isabel while she was growing up in tropical Puerto Rico. A radiology residency at Beth Israel Hospital lured her north and she\\u2019s been here ever since. She practiced radiology at Mass General Hospital during the last 30 odd years and still works there one day per week. Her specialty is radiology of the urinary and genital tracts with an emphasis on female infertility.\\n\\nFor the last 36 years Isabel has lived in Brookline with husband, Dick, and three sons. The family bicycles avidly and has spent many summers at the Cape sailing and playing tennis. Dick and Isabel have also bicycled in Vermont and France. They were a bit miffed to find out that their arduous week of bicycling in France was the equivalent of a single day for the Tour de France.\\n\\nRetirement was precipitated by Dick\\u2019s diagnosis of Alzheimer\\u2019s disease and his need for care. He goes to a day care during the week and Isabel is looking forward to taking courses at HILR and reading all the books she never had time for during the hectic years of working, writing, teaching, and juggling the house and the kids.\", \"City State Zip\": \"\", \"Display name\": \"Isabel Yoder\", \"Member Since\": \"2004\", \"Email\": \"isabel.yoder@comcast.net\"}", "Phone": "", "Last Name": "Yoder", "Photo": "", "Address": "", "Current Status": "2004", "First Name": "Isabel", "Bio Information": "Boston would have seemed an unlikely destination to Isabel while she was growing up in tropical Puerto Rico. A radiology residency at Beth Israel Hospital lured her north and she\u2019s been here ever since. She practiced radiology at Mass General Hospital during the last 30 odd years and still works there one day per week. Her specialty is radiology of the urinary and genital tracts with an emphasis on female infertility.\n\nFor the last 36 years Isabel has lived in Brookline with husband, Dick, and three sons. The family bicycles avidly and has spent many summers at the Cape sailing and playing tennis. Dick and Isabel have also bicycled in Vermont and France. They were a bit miffed to find out that their arduous week of bicycling in France was the equivalent of a single day for the Tour de France.\n\nRetirement was precipitated by Dick\u2019s diagnosis of Alzheimer\u2019s disease and his need for care. He goes to a day care during the week and Isabel is looking forward to taking courses at HILR and reading all the books she never had time for during the hectic years of working, writing, teaching, and juggling the house and the kids.", "City State Zip": "", "Display name": "Isabel Yoder", "Member Since": "2004", "Email": "isabel.yoder@comcast.net"}
