{"SafeDict": "{\"Phone\": \"\", \"Last Name\": \"Bilger\", \"Photo\": \"\", \"Address\": \"\", \"Current Status\": \"\", \"First Name\": \"Isil\", \"Bio Information\": \"\", \"City State Zip\": \"\", \"Display name\": \"Isil Bilger\", \"Member Since\": \"\", \"Email\": \"isil.bilger@boun.edu.tr\"}", "Phone": "", "Last Name": "Bilger", "Photo": "", "Address": "", "Current Status": "", "First Name": "Isil", "Bio Information": "", "City State Zip": "", "Display name": "Isil Bilger", "Member Since": "", "Email": "isil.bilger@boun.edu.tr"}
