{"SafeDict": "{\"Phone\": \"\", \"Last Name\": \"Zimmer\", \"Photo\": \"\", \"Address\": \"\", \"Current Status\": \"\", \"First Name\": \"J Adrian\", \"Bio Information\": \"I was raised mostly in Nebraska but spent some of my teenage years in Denmark.  My education extended through a postdoc in mathematics before I figured out that I really wanted to be a computer scientist.  I retired knowing more about the latter subject.  On the way I was able to teach in both high schools and graduate schools.\\nI have lived in Nebraska, North Dakota, Oklahoma, South Carolina, Massachusetts, Ontario, Alberta, Denmark, and Iran.  Not much moss on me.\\nDuring my freshman year in college my favorite subject was anthropology but here's the thing: my math professor pushed me, and had a high opinion of what I could do, whereas my anthropology professor, to the extent that he paid attention at all, thought my ability was no more than average.  At that age I tended to listen to my elders more than was good for me.  The 60s fixed that.\\nAn unusual feature of my personal life, which may seem to contradict my lack of moss, is that I have always lived with blood relatives or a Significant Other.  I have two children and four grandchildren.\", \"City State Zip\": \"\", \"Display name\": \"J Adrian Zimmer\", \"Member Since\": \"\", \"Email\": \"reg@jazimmer.net\"}", "Phone": "", "Last Name": "Zimmer", "Photo": "", "Address": "", "Current Status": "", "First Name": "J Adrian", "Bio Information": "I was raised mostly in Nebraska but spent some of my teenage years in Denmark.  My education extended through a postdoc in mathematics before I figured out that I really wanted to be a computer scientist.  I retired knowing more about the latter subject.  On the way I was able to teach in both high schools and graduate schools.\nI have lived in Nebraska, North Dakota, Oklahoma, South Carolina, Massachusetts, Ontario, Alberta, Denmark, and Iran.  Not much moss on me.\nDuring my freshman year in college my favorite subject was anthropology but here's the thing: my math professor pushed me, and had a high opinion of what I could do, whereas my anthropology professor, to the extent that he paid attention at all, thought my ability was no more than average.  At that age I tended to listen to my elders more than was good for me.  The 60s fixed that.\nAn unusual feature of my personal life, which may seem to contradict my lack of moss, is that I have always lived with blood relatives or a Significant Other.  I have two children and four grandchildren.", "City State Zip": "", "Display name": "J Adrian Zimmer", "Member Since": "", "Email": "reg@jazimmer.net"}
