{"SafeDict": "{\"Phone\": \"781 861-0054\", \"Last Name\": \"Pemsler\", \"Photo\": \"\", \"Address\": \"6 Castle Rd.\", \"Current Status\": \"1997\", \"First Name\": \"Paul\", \"Bio Information\": \"Imagine me: snips and snails and puppy dog tails growing up on the sidewalks of the Bronx, not knowing or caring that there may be better places, skipping through the NY public school system into the Bronx High School of Science where I first learned humility, enrolling as a subway commuting student at NYU, morphing from a prospective teacher, a family tradition, into a PhD physical chemist on a graduate fellowship, discovering theater and art in Greenwich Village, becoming engaged and marrying directly after graduation, moving to Oak Ridge, TN, and Chillicothe, Ohio in my first job in the nuclear industry, thence returning to civilization in Boston where our three sons materialized over 5 years. Now, stir in real exposure-by-marriage to the worlds of music, theater, art and puppetry, while continuing as a research scientist deeply involved in professional societies, chairing international symposia, jumping at age 50 to open my own research laboratory in Woburn to avoid leaving the Boston area, gradually phasing out and closing after 20 years, becoming an accidental writer of fiction, joining HILR in 1997 where I took a refresher course in humility and where new worlds were once again opened to me. Here am I.\", \"City State Zip\": \"Lexington, MA 02420\", \"Display name\": \"J. Paul Pemsler\", \"Member Since\": \"1997\", \"Email\": \"paulpemsler@verizon.net\"}", "Phone": "781 861-0054", "Last Name": "Pemsler", "Photo": "", "Address": "6 Castle Rd.", "Current Status": "1997", "First Name": "Paul", "Bio Information": "Imagine me: snips and snails and puppy dog tails growing up on the sidewalks of the Bronx, not knowing or caring that there may be better places, skipping through the NY public school system into the Bronx High School of Science where I first learned humility, enrolling as a subway commuting student at NYU, morphing from a prospective teacher, a family tradition, into a PhD physical chemist on a graduate fellowship, discovering theater and art in Greenwich Village, becoming engaged and marrying directly after graduation, moving to Oak Ridge, TN, and Chillicothe, Ohio in my first job in the nuclear industry, thence returning to civilization in Boston where our three sons materialized over 5 years. Now, stir in real exposure-by-marriage to the worlds of music, theater, art and puppetry, while continuing as a research scientist deeply involved in professional societies, chairing international symposia, jumping at age 50 to open my own research laboratory in Woburn to avoid leaving the Boston area, gradually phasing out and closing after 20 years, becoming an accidental writer of fiction, joining HILR in 1997 where I took a refresher course in humility and where new worlds were once again opened to me. Here am I.", "City State Zip": "Lexington, MA 02420", "Display name": "J. Paul Pemsler", "Member Since": "1997", "Email": "paulpemsler@verizon.net"}
