{"SafeDict": "{\"Phone\": \"\", \"Last Name\": \"Cobb\", \"Photo\": \"\", \"Address\": \"\", \"Current Status\": \"2007\", \"First Name\": \"Jack\", \"Bio Information\": \"John Cobb was born in Boston. He attended Park School, Shady Hill School, and Brown and Nichols School. He went to St. John\\u2019s College in Annapolis, MD for one year, followed by Harvard College, where he earned his AB. John went on to the University of Pennsylvania Law School for an LLB. At Harvard Extension School he studied in addition to Classical Greek, Economics, City Planning, and History of Science.\\n\\nFor nearly forty years, John worked at Fiduciary Trust Company managing personal trust accounts. Upon retirement he studied Greek and Latin at Harvard as a special student, completing 17 courses. In 1995 he founded with others the Journal Persephone, a semi samizdat publication on the Greek and Latin Classics, appearing annually and edited by Harvard undergraduates and present and former Extension School students. From the fall of 1995 he has been teaching Intermediate Classical Greek at the Extension School, mostly Homer.\\n\\nHe has lived in Cambridge since 1955, and has been married to Ann Valentine since 1953. They have three daughters and one son, and seven grandchildren and two step grandchildren.\", \"City State Zip\": \"\", \"Display name\": \"Jack Cobb\", \"Member Since\": \"2007\", \"Email\": \"johncobb40@comcast.net\"}", "Phone": "", "Last Name": "Cobb", "Photo": "", "Address": "", "Current Status": "2007", "First Name": "Jack", "Bio Information": "John Cobb was born in Boston. He attended Park School, Shady Hill School, and Brown and Nichols School. He went to St. John\u2019s College in Annapolis, MD for one year, followed by Harvard College, where he earned his AB. John went on to the University of Pennsylvania Law School for an LLB. At Harvard Extension School he studied in addition to Classical Greek, Economics, City Planning, and History of Science.\n\nFor nearly forty years, John worked at Fiduciary Trust Company managing personal trust accounts. Upon retirement he studied Greek and Latin at Harvard as a special student, completing 17 courses. In 1995 he founded with others the Journal Persephone, a semi samizdat publication on the Greek and Latin Classics, appearing annually and edited by Harvard undergraduates and present and former Extension School students. From the fall of 1995 he has been teaching Intermediate Classical Greek at the Extension School, mostly Homer.\n\nHe has lived in Cambridge since 1955, and has been married to Ann Valentine since 1953. They have three daughters and one son, and seven grandchildren and two step grandchildren.", "City State Zip": "", "Display name": "Jack Cobb", "Member Since": "2007", "Email": "johncobb40@comcast.net"}
