{"SafeDict": "{\"Phone\": \"\", \"Last Name\": \"Berg\", \"Photo\": \"\", \"Address\": \"\", \"Current Status\": \"Active Member\", \"First Name\": \"Jack\", \"Bio Information\": \"Graduated from Horace Mann School '57 and Princeton University '61 I studied medicine at University of Geneva '68  and european culture and attitudes and most significantly met and was accepted by my lovely wife Monika.\\nGraduate training brought us to Boston , where I practiced clinical cardiology which had been my burning desire simce childhood. There followed thirty-six years of hard work and wonderful friendships and the raising of two strong kids.Then finally at age seventy, very conscious that the glass was both half full and half empty, I happily returned to the world of books and the thrill of learning.\\nLong supporters of the Boston Ballet and MFA, frustrated drawer and painter, we summer in Sunapee NH where I am most happy trying to play golf and sometimes succeed in getting away from it all.\\n \", \"City State Zip\": \"\", \"Display name\": \"Jack Berg\", \"Member Since\": \"2012\", \"Email\": \"drjfberg@gmail.com\"}", "Phone": "", "Last Name": "Berg", "Photo": "", "Address": "", "Current Status": "Active Member", "First Name": "Jack", "Bio Information": "Graduated from Horace Mann School '57 and Princeton University '61 I studied medicine at University of Geneva '68  and european culture and attitudes and most significantly met and was accepted by my lovely wife Monika.\nGraduate training brought us to Boston , where I practiced clinical cardiology which had been my burning desire simce childhood. There followed thirty-six years of hard work and wonderful friendships and the raising of two strong kids.Then finally at age seventy, very conscious that the glass was both half full and half empty, I happily returned to the world of books and the thrill of learning.\nLong supporters of the Boston Ballet and MFA, frustrated drawer and painter, we summer in Sunapee NH where I am most happy trying to play golf and sometimes succeed in getting away from it all.\n ", "City State Zip": "", "Display name": "Jack Berg", "Member Since": "2012", "Email": "drjfberg@gmail.com"}
