{"SafeDict": "{\"Phone\": \"\", \"Last Name\": \"Kushinsky\", \"Photo\": \"\", \"Address\": \"\", \"Current Status\": \"Active Member\", \"First Name\": \"Jack\", \"Bio Information\": \"Active Member\", \"City State Zip\": \"\", \"Display name\": \"Jack Kushinsky\", \"Member Since\": \"1990\", \"Email\": \"jackkush@comcast.net\"}", "Phone": "", "Last Name": "Kushinsky", "Photo": "", "Address": "", "Current Status": "Active Member", "First Name": "Jack", "Bio Information": "Active Member", "City State Zip": "", "Display name": "Jack Kushinsky", "Member Since": "1990", "Email": "jackkush@comcast.net"}
