{"SafeDict": "{\"Phone\": \"508-420-0769\", \"Last Name\": \"Miller\", \"Photo\": \"\", \"Address\": \"100 Blackthorn Road\", \"Current Status\": \"1998\", \"First Name\": \"Jacob\", \"Bio Information\": \"1998\", \"City State Zip\": \"Marstons Mills, MA 02648\", \"Display name\": \"Jacob Miller\", \"Member Since\": \"1998\", \"Email\": \"emjbmiller@comcast.net\"}", "Phone": "508-420-0769", "Last Name": "Miller", "Photo": "", "Address": "100 Blackthorn Road", "Current Status": "1998", "First Name": "Jacob", "Bio Information": "1998", "City State Zip": "Marstons Mills, MA 02648", "Display name": "Jacob Miller", "Member Since": "1998", "Email": "emjbmiller@comcast.net"}
