{"SafeDict": "{\"Phone\": \"617-332-9635\", \"Last Name\": \"Jacobs\", \"Photo\": \"\", \"Address\": \"280 Boylston St, Unit 714\", \"Current Status\": \"Active Member\", \"First Name\": \"Jacqueline and Harold\", \"Bio Information\": \"Active Member\", \"City State Zip\": \"Chestnut Hill, MA 02467\", \"Display name\": \"Jacqueline and Harold Jacobs\", \"Member Since\": \"1990\", \"Email\": \"harjac1162@verizon.net\"}", "Phone": "617-332-9635", "Last Name": "Jacobs", "Photo": "", "Address": "280 Boylston St, Unit 714", "Current Status": "Active Member", "First Name": "Jacqueline and Harold", "Bio Information": "Active Member", "City State Zip": "Chestnut Hill, MA 02467", "Display name": "Jacqueline and Harold Jacobs", "Member Since": "1990", "Email": "harjac1162@verizon.net"}
