{"SafeDict": "{\"Phone\": \"(617) 731-0446\", \"Last Name\": \"Kieff\", \"Photo\": \"\", \"Address\": \"269 Lee Street\", \"Current Status\": \"New\", \"First Name\": \"Jacqueline\", \"Bio Information\": \"Informed and companionable discussion has always been valued by me. I relish the opportunity to read and discuss ideas with others; thus, hearing different perspectives and gaining a deeper understanding of a variety of topics. There are many areas of interest that I have. As an undergraduate at the University of Pennsylvania, I majored in history and concentrated on the unification movements of Germany and Italy. A range of questions, the \\u201cwhy\\u201d of historical events, aroused a change of academic focus and the pursuit of graduate work in psychology. I received my Ph.D. in psychology from the University of Chicago after which I taught as a Clinical Assistant Professor of Pediatrics.\\nTwenty-five years ago after my husband was courted to teach at Harvard, we and our three children, moved to Boston. I became the Director of Counseling at Concord Academy and began a small private practice. Following that, I worked at BBN in the Lower School as the consulting psychologist.\\nI have been fortunate to have travelled widely as an accompanying person because of my husband\\u2019s research of global viral infections. As we been to numerous and varied countries for instance Rawanda, Italy, and China; my people watcher behavior, a natural bent, has thrived. That travel has informed my understanding of individuals and societies and richly supplemented my reading. It also encouraged an interest in art. I am fascinated by the local art forms found throughout the world. The history and medium used in producing art intrigues me.\\nI look forward to being a member of HILR and have the opportunity to continue to learn, to feed my curiosity, and to have social connection with peers who are intellectually stimulating.\", \"City State Zip\": \"Brookline, MA, 02445\", \"Display name\": \"Jacqueline Kieff\", \"Member Since\": \"Spring 2014\", \"Email\": \"jkieff@bbns.org\"}", "Phone": "(617) 731-0446", "Last Name": "Kieff", "Photo": "", "Address": "269 Lee Street", "Current Status": "New", "First Name": "Jacqueline", "Bio Information": "Informed and companionable discussion has always been valued by me. I relish the opportunity to read and discuss ideas with others; thus, hearing different perspectives and gaining a deeper understanding of a variety of topics. There are many areas of interest that I have. As an undergraduate at the University of Pennsylvania, I majored in history and concentrated on the unification movements of Germany and Italy. A range of questions, the \u201cwhy\u201d of historical events, aroused a change of academic focus and the pursuit of graduate work in psychology. I received my Ph.D. in psychology from the University of Chicago after which I taught as a Clinical Assistant Professor of Pediatrics.\nTwenty-five years ago after my husband was courted to teach at Harvard, we and our three children, moved to Boston. I became the Director of Counseling at Concord Academy and began a small private practice. Following that, I worked at BBN in the Lower School as the consulting psychologist.\nI have been fortunate to have travelled widely as an accompanying person because of my husband\u2019s research of global viral infections. As we been to numerous and varied countries for instance Rawanda, Italy, and China; my people watcher behavior, a natural bent, has thrived. That travel has informed my understanding of individuals and societies and richly supplemented my reading. It also encouraged an interest in art. I am fascinated by the local art forms found throughout the world. The history and medium used in producing art intrigues me.\nI look forward to being a member of HILR and have the opportunity to continue to learn, to feed my curiosity, and to have social connection with peers who are intellectually stimulating.", "City State Zip": "Brookline, MA, 02445", "Display name": "Jacqueline Kieff", "Member Since": "Spring 2014", "Email": "jkieff@bbns.org"}
