{"SafeDict": "{\"Phone\": \"617-354-5725\", \"Last Name\": \"Bakalar\", \"Photo\": \"\", \"Address\": \"285 Harvard St 402\", \"Current Status\": \"Active Member\", \"First Name\": \"James\", \"Bio Information\": \"I became a member in 2007, after retiring as Editor of the Harvard Mental Health Letter (I was also a Lecturer in Law in the Department of Psychiatry at Harvard Medical School). I'm a graduate of Harvard College and Harvard Law School and inconclusively pursued graduate studies at Brandeis for a while. I\\u2019ve co-written some books about social, psychological, and biological aspects of illicit drugs.\\n\\nMy interests include philosophy, especially philosophy of science; cognitive science; literature, especially poetry, in English, French, German, Spanish (in order of declining capacity to read and understand); evolutionary biology and evolutionary psychology; travel when I can afford it ; and most recently, economic theory (for which I credit a Fall 2007 course I took at HILR.) But then, almost anything can be interesting to learn from a good teacher.\\n\\nI enjoy brisk walking for entertainment and exercise, but not hiking if that means wearing a backpack -- sore shoulder. I strongly recommend Dragon NaturallySpeaking, the voice recognition device, if writing or typing is tiring or painful -- or even if it isn\\u2019t. I am prepared to help with non-technical tasks at HILR and English conversation practice for foreign-language speakers.\", \"City State Zip\": \"Cambridge, MA 02139\", \"Display name\": \"James Bakalar\", \"Member Since\": \"2007\", \"Email\": \"james.bakalar@verizon.net\"}", "Phone": "617-354-5725", "Last Name": "Bakalar", "Photo": "", "Address": "285 Harvard St 402", "Current Status": "Active Member", "First Name": "James", "Bio Information": "I became a member in 2007, after retiring as Editor of the Harvard Mental Health Letter (I was also a Lecturer in Law in the Department of Psychiatry at Harvard Medical School). I'm a graduate of Harvard College and Harvard Law School and inconclusively pursued graduate studies at Brandeis for a while. I\u2019ve co-written some books about social, psychological, and biological aspects of illicit drugs.\n\nMy interests include philosophy, especially philosophy of science; cognitive science; literature, especially poetry, in English, French, German, Spanish (in order of declining capacity to read and understand); evolutionary biology and evolutionary psychology; travel when I can afford it ; and most recently, economic theory (for which I credit a Fall 2007 course I took at HILR.) But then, almost anything can be interesting to learn from a good teacher.\n\nI enjoy brisk walking for entertainment and exercise, but not hiking if that means wearing a backpack -- sore shoulder. I strongly recommend Dragon NaturallySpeaking, the voice recognition device, if writing or typing is tiring or painful -- or even if it isn\u2019t. I am prepared to help with non-technical tasks at HILR and English conversation practice for foreign-language speakers.", "City State Zip": "Cambridge, MA 02139", "Display name": "James Bakalar", "Member Since": "2007", "Email": "james.bakalar@verizon.net"}
