{"SafeDict": "{\"Phone\": \"617 527 6977\", \"Last Name\": \"Sigel\", \"Photo\": \"\", \"Address\": \"617 527 6977\", \"Current Status\": \"2009\", \"First Name\": \"James\", \"Bio Information\": \"After receiving his bachelor\\u2019s degree in physics from Harvard, Jim attended M.I.T., receiving a Ph. D. in theoretical physics. Thereafter he worked briefly at the M.I.T. Lincoln Laboratory doing research in solid-state physics. He then joined the faculty at Northeastern University as an assistant professor, continuing his research in solid-state physics and teaching physics (always with enjoyment) to a wide spectrum of students, including undergraduate and graduate physics majors, engineering students and physical therapy students.\\n\\nAfter his wife Linda gave birth to twins, and following much soul searching, Jim concluded that to give his three sons the same educational opportunities that he had had, it was time for him to change careers. Upon receiving a J. D. degree from Harvard Law School, Jim joined the Boston law firm of Ropes & Gray, eventually becoming a partner in its litigation department. Because of his scientific background, it was natural for Jim to get involved in the most technologically challenging cases. He litigated large and sometimes high profile intellectual property and contract disputes between technology companies, and defended against automobile product liability claims.\\n\\nSince his retirement Jim has taken up art (though without any pretensions). Both his paintings and ink drawings are generally abstract in nature. Jim reads widely in history, psychology and philosophy and literature; and though it is a long time since he was a practicing physicist, he still has great interest in the mathematical sciences.\\n\\nJim and Linda live in Newton. In addition to their three sons, they have four grandchildren.\", \"City State Zip\": \"617 527 6977\", \"Display name\": \"James Sigel\", \"Member Since\": \"2009\", \"Email\": \"jls@sigel.net\"}", "Phone": "617 527 6977", "Last Name": "Sigel", "Photo": "", "Address": "617 527 6977", "Current Status": "2009", "First Name": "James", "Bio Information": "After receiving his bachelor\u2019s degree in physics from Harvard, Jim attended M.I.T., receiving a Ph. D. in theoretical physics. Thereafter he worked briefly at the M.I.T. Lincoln Laboratory doing research in solid-state physics. He then joined the faculty at Northeastern University as an assistant professor, continuing his research in solid-state physics and teaching physics (always with enjoyment) to a wide spectrum of students, including undergraduate and graduate physics majors, engineering students and physical therapy students.\n\nAfter his wife Linda gave birth to twins, and following much soul searching, Jim concluded that to give his three sons the same educational opportunities that he had had, it was time for him to change careers. Upon receiving a J. D. degree from Harvard Law School, Jim joined the Boston law firm of Ropes & Gray, eventually becoming a partner in its litigation department. Because of his scientific background, it was natural for Jim to get involved in the most technologically challenging cases. He litigated large and sometimes high profile intellectual property and contract disputes between technology companies, and defended against automobile product liability claims.\n\nSince his retirement Jim has taken up art (though without any pretensions). Both his paintings and ink drawings are generally abstract in nature. Jim reads widely in history, psychology and philosophy and literature; and though it is a long time since he was a practicing physicist, he still has great interest in the mathematical sciences.\n\nJim and Linda live in Newton. In addition to their three sons, they have four grandchildren.", "City State Zip": "617 527 6977", "Display name": "James Sigel", "Member Since": "2009", "Email": "jls@sigel.net"}
