{"SafeDict": "{\"Phone\": \"\", \"Last Name\": \"Biggar\", \"Photo\": \"\", \"Address\": \"\", \"Current Status\": \"Active Member\", \"First Name\": \"James\", \"Bio Information\": \"Born and raised in Cambridge, James grew up in the Harvard Square environment when \\u201cThe Square\\u201d was more like a village than it is today. In the third grade he won the school reading prize and has never stopped delving into books of all sorts.\\n\\nHe attended Harvard, majoring in government, and then spent two years as an army artillery intelligence officer in postwar Korea. James then spent several years in trust banking, which was followed by 30 years as an insurance broker specializing in Long Term Care insurance, an occupation from which he is mostly, but not entirely, retired. He also developed a small web-based business in a related field.\\n\\nJames lives in Cambridge with his wife, Tish, who retired as Director of Athletics and Grade Dean at Buckingham, Browne & Nichols School. They have two daughters and two grandsons and one granddaughter. He was also a member of the City of Cambridge Commission for Persons with disabilities and is actively involved with physical issues.\", \"City State Zip\": \"\", \"Display name\": \"James Biggar\", \"Member Since\": \"2004\", \"Email\": \"jabiggar@earthlink.net\"}", "Phone": "", "Last Name": "Biggar", "Photo": "", "Address": "", "Current Status": "Active Member", "First Name": "James", "Bio Information": "Born and raised in Cambridge, James grew up in the Harvard Square environment when \u201cThe Square\u201d was more like a village than it is today. In the third grade he won the school reading prize and has never stopped delving into books of all sorts.\n\nHe attended Harvard, majoring in government, and then spent two years as an army artillery intelligence officer in postwar Korea. James then spent several years in trust banking, which was followed by 30 years as an insurance broker specializing in Long Term Care insurance, an occupation from which he is mostly, but not entirely, retired. He also developed a small web-based business in a related field.\n\nJames lives in Cambridge with his wife, Tish, who retired as Director of Athletics and Grade Dean at Buckingham, Browne & Nichols School. They have two daughters and two grandsons and one granddaughter. He was also a member of the City of Cambridge Commission for Persons with disabilities and is actively involved with physical issues.", "City State Zip": "", "Display name": "James Biggar", "Member Since": "2004", "Email": "jabiggar@earthlink.net"}
