{"SafeDict": "{\"Phone\": \"\", \"Last Name\": \"McLaughlin\", \"Photo\": \"\", \"Address\": \"\", \"Current Status\": \"2002\", \"First Name\": \"James\", \"Bio Information\": \"Jim was born in Northern Ireland where he began his career as a tax officer in the internal revenue service. A restlessness and desire to see the world led him to resign from the security of a permanent civil service position in a country with high unemployment. He immigrated initially to Canada and, after a few years, moved to Boston.\\n\\nShortly after arriving in Boston, he enrolled in Bentley College where he earned a BS in accounting and was awarded a certificate to practice as a certified public accountant.\\n\\nAfter a number of years in the public accounting profession, he joined Chiquita Brands International, where he spent the last 25 years of his career. As controller, he has traveled extensively to Central and South America, Europe, Australia, and Japan.\\n\\nUpon retirement, he moved back to the Boston area and with his wife, Mary, made their home in Scituate. They have three adult children, with only one currently residing in the US. Jim enjoys reading, golf, walking, the theatre, and travel.\\n\\nHis most rewarding and enjoyable travel experience involves interacting with the local residents and visiting his children. He is active in his church and volunteers in the Scituate Senior Center.\", \"City State Zip\": \"\", \"Display name\": \"James McLaughlin\", \"Member Since\": \"2002\", \"Email\": \"jimmcl@comcast.net\"}", "Phone": "", "Last Name": "McLaughlin", "Photo": "", "Address": "", "Current Status": "2002", "First Name": "James", "Bio Information": "Jim was born in Northern Ireland where he began his career as a tax officer in the internal revenue service. A restlessness and desire to see the world led him to resign from the security of a permanent civil service position in a country with high unemployment. He immigrated initially to Canada and, after a few years, moved to Boston.\n\nShortly after arriving in Boston, he enrolled in Bentley College where he earned a BS in accounting and was awarded a certificate to practice as a certified public accountant.\n\nAfter a number of years in the public accounting profession, he joined Chiquita Brands International, where he spent the last 25 years of his career. As controller, he has traveled extensively to Central and South America, Europe, Australia, and Japan.\n\nUpon retirement, he moved back to the Boston area and with his wife, Mary, made their home in Scituate. They have three adult children, with only one currently residing in the US. Jim enjoys reading, golf, walking, the theatre, and travel.\n\nHis most rewarding and enjoyable travel experience involves interacting with the local residents and visiting his children. He is active in his church and volunteers in the Scituate Senior Center.", "City State Zip": "", "Display name": "James McLaughlin", "Member Since": "2002", "Email": "jimmcl@comcast.net"}
