{"SafeDict": "{\"Phone\": \"(617) 742-9467\", \"Last Name\": \"Whitters\", \"Photo\": \"\", \"Address\": \"44 Mount Vernon St\", \"Current Status\": \"2015\", \"First Name\": \"James\", \"Bio Information\": \"Jim was educated at Trinity College (BA 1962), Boston College Law School (JD 1969) and University of Massachusetts, Boston (MA American Studies 2001). He served in the US Navy for three years, 1962 to 1965. He was a trial attorney and partner at Gaston & Snow and Peabody & Brown (1969 - 1995) and an administrator and adjunct professor at Suffolk University Law School (1995-2011). He was CEO of a small family owned business, The Alkalol Company (2005-2014). Jim was active in politics and government for many years, serving in the administrations of Governor Michael S. Dukakis as chair of the Outdoor Advertising Board (1975-1979) and as Vice Chair of the Judicial Nominating Council (1983-\\n1987). He later served as a mediator on the Massachusetts Conflict intervention Team that mediated racial disputes in the Commonwealth\\u2019s high schools(1994-2000). Jim has been active in numerous educational, charitable and public interest organizations, including: NAACP Legal Defense and Educational Fund, New England Committee (Director, 1982-2008); Trinity College (Trustee, 1984-1995); American Heart Association, Massachusetts Affiliate (Director 1977-1993) (Chair 1986-1988); Boston College Legal Assistance Bureau (Founder, Member 1967-1969); Hurricane Island Outward Bound School (Director 1977-1987); Beacon Hill Seminars (Founder and Director, 2000-2002); Massachusetts Appleseed Center for Law & Justice (Director 1998-2008); and Veterans Legal Services (Director 2015-).\", \"City State Zip\": \"Boston, MA 02108\", \"Display name\": \"James Whitters\", \"Member Since\": \"2015\", \"Email\": \"jpwhit3@comcast.net\"}", "Phone": "(617) 742-9467", "Last Name": "Whitters", "Photo": "", "Address": "44 Mount Vernon St", "Current Status": "2015", "First Name": "James", "Bio Information": "Jim was educated at Trinity College (BA 1962), Boston College Law School (JD 1969) and University of Massachusetts, Boston (MA American Studies 2001). He served in the US Navy for three years, 1962 to 1965. He was a trial attorney and partner at Gaston & Snow and Peabody & Brown (1969 - 1995) and an administrator and adjunct professor at Suffolk University Law School (1995-2011). He was CEO of a small family owned business, The Alkalol Company (2005-2014). Jim was active in politics and government for many years, serving in the administrations of Governor Michael S. Dukakis as chair of the Outdoor Advertising Board (1975-1979) and as Vice Chair of the Judicial Nominating Council (1983-\n1987). He later served as a mediator on the Massachusetts Conflict intervention Team that mediated racial disputes in the Commonwealth\u2019s high schools(1994-2000). Jim has been active in numerous educational, charitable and public interest organizations, including: NAACP Legal Defense and Educational Fund, New England Committee (Director, 1982-2008); Trinity College (Trustee, 1984-1995); American Heart Association, Massachusetts Affiliate (Director 1977-1993) (Chair 1986-1988); Boston College Legal Assistance Bureau (Founder, Member 1967-1969); Hurricane Island Outward Bound School (Director 1977-1987); Beacon Hill Seminars (Founder and Director, 2000-2002); Massachusetts Appleseed Center for Law & Justice (Director 1998-2008); and Veterans Legal Services (Director 2015-).", "City State Zip": "Boston, MA 02108", "Display name": "James Whitters", "Member Since": "2015", "Email": "jpwhit3@comcast.net"}
