{"SafeDict": "{\"Phone\": \"617-225-2123\", \"Last Name\": \"McDermott\", \"Photo\": \"\", \"Address\": \"83 Cambridge Parkway\", \"Current Status\": \"1997\", \"First Name\": \"James\", \"Bio Information\": \"  I was born near Boston and graduated from Boston College in 1951. The big Apple beckoned, so I went to Columbia for a Masters degree in Mathematical Statistics Then came the draft and I ended up as a Private in the Army doing routine calculations for the never to be deployed Atomic Cannon.\\nLife in the militery was uneventful, so one of my friends had the idea that the game of Blackjack as played in a casino (which none of us had even seen) could be beaten. It turns out thar nobody had ever applied Math to that game, so we worked endless hours on desk calculators. The end result was that we actually eliminated  the Casino edge, and made it an even game. This became the standard basic strastegy for Blackjack, and we ended up in the Blackjack Hall of Fame. Our book, \\\"Playing Blackjack to Win\\\" became a collectors item, and I made $23 in royalties.\\nAfter my brief Army career, I moved to New York to be with my future wife, Diane,and joined IBM. I spent 30 years wirrh IBM. As the Head of Market Research, and Group Director of Business Planning.I had a front row seat at the explosive growth of the computer revolution. After early retirement  I became a Business Consultant and eventually decided to just enjoy life\\nDiane and I finally moved from Armonk, New York to Cambridge  where we are living happily ever after..\\nOur interests primarily include our five married children and eight grandchildren. We enjoy cooking and reading, theater and symphony, international travel, summers on Cape Cod and, of course, the stimularion and friendships of HILR.\", \"City State Zip\": \"Cambridge, MA 02142\", \"Display name\": \"James McDermott\", \"Member Since\": \"1997\", \"Email\": \"jmcd706w@yahoo.com\"}", "Phone": "617-225-2123", "Last Name": "McDermott", "Photo": "", "Address": "83 Cambridge Parkway", "Current Status": "1997", "First Name": "James", "Bio Information": "  I was born near Boston and graduated from Boston College in 1951. The big Apple beckoned, so I went to Columbia for a Masters degree in Mathematical Statistics Then came the draft and I ended up as a Private in the Army doing routine calculations for the never to be deployed Atomic Cannon.\nLife in the militery was uneventful, so one of my friends had the idea that the game of Blackjack as played in a casino (which none of us had even seen) could be beaten. It turns out thar nobody had ever applied Math to that game, so we worked endless hours on desk calculators. The end result was that we actually eliminated  the Casino edge, and made it an even game. This became the standard basic strastegy for Blackjack, and we ended up in the Blackjack Hall of Fame. Our book, \"Playing Blackjack to Win\" became a collectors item, and I made $23 in royalties.\nAfter my brief Army career, I moved to New York to be with my future wife, Diane,and joined IBM. I spent 30 years wirrh IBM. As the Head of Market Research, and Group Director of Business Planning.I had a front row seat at the explosive growth of the computer revolution. After early retirement  I became a Business Consultant and eventually decided to just enjoy life\nDiane and I finally moved from Armonk, New York to Cambridge  where we are living happily ever after..\nOur interests primarily include our five married children and eight grandchildren. We enjoy cooking and reading, theater and symphony, international travel, summers on Cape Cod and, of course, the stimularion and friendships of HILR.", "City State Zip": "Cambridge, MA 02142", "Display name": "James McDermott", "Member Since": "1997", "Email": "jmcd706w@yahoo.com"}
