{"SafeDict": "{\"Phone\": \"\", \"Last Name\": \"Finn\", \"Photo\": \"\", \"Address\": \"\", \"Current Status\": \"\", \"First Name\": \"James\", \"Bio Information\": \"\", \"City State Zip\": \"\", \"Display name\": \"James Finn\", \"Member Since\": \"\", \"Email\": \"jjfinn2006@yahoo.com\"}", "Phone": "", "Last Name": "Finn", "Photo": "", "Address": "", "Current Status": "", "First Name": "James", "Bio Information": "", "City State Zip": "", "Display name": "James Finn", "Member Since": "", "Email": "jjfinn2006@yahoo.com"}
