{"SafeDict": "{\"Phone\": \"(617) 842-4338\", \"Last Name\": \"McGuinness\", \"Photo\": \"\", \"Address\": \"28 Hurlbut St.\", \"Current Status\": \"2015\", \"First Name\": \"James\", \"Bio Information\": \"Jim is a judge with the District Court Department of the Massachusetts Trial Court. After sitting for eighteen years in some of the state's busiest courts, he retired earlier thisyear, only to be honored with an invitation to temporarily return. He plan is to graduallywithdraw from the bench, and looks very much forward to devoting his full attention to HILR. Prior to his being appointed to this position by Governor William Weld, Jim served for a dozen years on the state's Industrial Accident Board, having been appointed for that term by Governor Michael Dukakis. His career has also featured privately practicing law in Boston; founding and directing a prisoners' rights project, Deer Island Legal Services; and serving on the staff of Boston's Mayor's Office of Human Rights.\\n\\nJim holds degrees from Northeastern University, Suffolk University School of Law, and Harvard's John F. Kennedy School of Government. He has lectured extensively within the legal community, and has served as an adjunct faculty member of the National Judicial College.\\n\\nHe boasts of being the father of two accomplished children, and has been a resident of Newton, Massachusetts for a number of years. His avocational interests include drawing,sailing, motorsports, and collecting first editions.\", \"City State Zip\": \"Cambridge, MA 02138\", \"Display name\": \"James McGuinness\", \"Member Since\": \"2015\", \"Email\": \"jasmcgjr@gmail.com\"}", "Phone": "(617) 842-4338", "Last Name": "McGuinness", "Photo": "", "Address": "28 Hurlbut St.", "Current Status": "2015", "First Name": "James", "Bio Information": "Jim is a judge with the District Court Department of the Massachusetts Trial Court. After sitting for eighteen years in some of the state's busiest courts, he retired earlier thisyear, only to be honored with an invitation to temporarily return. He plan is to graduallywithdraw from the bench, and looks very much forward to devoting his full attention to HILR. Prior to his being appointed to this position by Governor William Weld, Jim served for a dozen years on the state's Industrial Accident Board, having been appointed for that term by Governor Michael Dukakis. His career has also featured privately practicing law in Boston; founding and directing a prisoners' rights project, Deer Island Legal Services; and serving on the staff of Boston's Mayor's Office of Human Rights.\n\nJim holds degrees from Northeastern University, Suffolk University School of Law, and Harvard's John F. Kennedy School of Government. He has lectured extensively within the legal community, and has served as an adjunct faculty member of the National Judicial College.\n\nHe boasts of being the father of two accomplished children, and has been a resident of Newton, Massachusetts for a number of years. His avocational interests include drawing,sailing, motorsports, and collecting first editions.", "City State Zip": "Cambridge, MA 02138", "Display name": "James McGuinness", "Member Since": "2015", "Email": "jasmcgjr@gmail.com"}
