{"SafeDict": "{\"Phone\": \"CELL 603-365-6060 HOME 617-492-3333\", \"Last Name\": \"Finke\", \"Photo\": \"\", \"Address\": \"58 Garden Street Apt H2\", \"Current Status\": \"Cambridge, MA 02138\", \"First Name\": \"James\", \"Bio Information\": \"During WW 2 Jim Finke was in the US Navy . In 1949 -1950 he was involved in specialized US Government work in Japan and Korea, both before and during Korean conflict.\\nMajored in physics at Williams; read international economics at Oxford; concentrated on international law at Harvard Law.\\nHis career was 40 years of international business activity: 25 years living, studying and working in Japan, England, Switzerland, Germany, Belgium and France, followed by 25 years of international hi-tech consulting for a variety of US and international firms including giants, start-ups, and midgets with aspirations!\\n\\nDuring these years he held significant legal (International Intellectual Property Attorney), and senior executive positions with Raytheon. Followed by Operations Management for Motorola International: Semiconductor Division in Geneve, CH; and Communications Division, Frankfurt, D;  President Data General Europe in Paris, F; Managing Director, GE Medical International in Liege, B; and as President, NYSE Commodore Computers.\\nJim formed INTERCONSULT in 1982 with clients including Peter Norton, IBM, Apple, the Government of Spain, and spun it off to his associates after his wife of 42 years died in 1996. He is currently associated with SCORE; mentors (pro bono), young women about to graduate, and women who are ready to exit the \\\"Mommy Track\\\"; and works with other various non -profits.\\n\\nJim has four children, and nine grandkids; number eight he helped daughter Sigrid bring home from China; number nine she brought back from  Guatemala. His interests include skiing, biking, classical music, reading, travel and good food.\\nJim is in a committed relationship with Rya (Weickert) Zobel, sharing her town house in Charlestown, MA and in his newly moved into Cambridge condo.\", \"City State Zip\": \"Cambridge, MA 02138\", \"Display name\": \"James Finke\", \"Member Since\": \"Cambridge, MA 02138\", \"Email\": \"finconsult@aol.com\"}", "Phone": "CELL 603-365-6060 HOME 617-492-3333", "Last Name": "Finke", "Photo": "", "Address": "58 Garden Street Apt H2", "Current Status": "Cambridge, MA 02138", "First Name": "James", "Bio Information": "During WW 2 Jim Finke was in the US Navy . In 1949 -1950 he was involved in specialized US Government work in Japan and Korea, both before and during Korean conflict.\nMajored in physics at Williams; read international economics at Oxford; concentrated on international law at Harvard Law.\nHis career was 40 years of international business activity: 25 years living, studying and working in Japan, England, Switzerland, Germany, Belgium and France, followed by 25 years of international hi-tech consulting for a variety of US and international firms including giants, start-ups, and midgets with aspirations!\n\nDuring these years he held significant legal (International Intellectual Property Attorney), and senior executive positions with Raytheon. Followed by Operations Management for Motorola International: Semiconductor Division in Geneve, CH; and Communications Division, Frankfurt, D;  President Data General Europe in Paris, F; Managing Director, GE Medical International in Liege, B; and as President, NYSE Commodore Computers.\nJim formed INTERCONSULT in 1982 with clients including Peter Norton, IBM, Apple, the Government of Spain, and spun it off to his associates after his wife of 42 years died in 1996. He is currently associated with SCORE; mentors (pro bono), young women about to graduate, and women who are ready to exit the \"Mommy Track\"; and works with other various non -profits.\n\nJim has four children, and nine grandkids; number eight he helped daughter Sigrid bring home from China; number nine she brought back from  Guatemala. His interests include skiing, biking, classical music, reading, travel and good food.\nJim is in a committed relationship with Rya (Weickert) Zobel, sharing her town house in Charlestown, MA and in his newly moved into Cambridge condo.", "City State Zip": "Cambridge, MA 02138", "Display name": "James Finke", "Member Since": "Cambridge, MA 02138", "Email": "finconsult@aol.com"}
