{"SafeDict": "{\"Phone\": \"\", \"Last Name\": \"LaBraico\", \"Photo\": \"\", \"Address\": \"\", \"Current Status\": \"Active Member\", \"First Name\": \"James\", \"Bio Information\": \"James Labraico has a BS in biology from Bucknell University and an MD from Jefferson Medical College. After 15 years of private practice specializing in allergy and pulmonary medicine, he spent another 15 years in the pharmaceutical industry dealing with safety issues of medical products.\\n\\nAfter his retirement, he moved from New Jersey to Boston. He is a volunteer at the Museum of Science in Boston, and is interested in military history, music, birdwatching, and enjoys walking.\", \"City State Zip\": \"\", \"Display name\": \"James LaBraico\", \"Member Since\": \"1997\", \"Email\": \"jameslab@hotmail.com\"}", "Phone": "", "Last Name": "LaBraico", "Photo": "", "Address": "", "Current Status": "Active Member", "First Name": "James", "Bio Information": "James Labraico has a BS in biology from Bucknell University and an MD from Jefferson Medical College. After 15 years of private practice specializing in allergy and pulmonary medicine, he spent another 15 years in the pharmaceutical industry dealing with safety issues of medical products.\n\nAfter his retirement, he moved from New Jersey to Boston. He is a volunteer at the Museum of Science in Boston, and is interested in military history, music, birdwatching, and enjoys walking.", "City State Zip": "", "Display name": "James LaBraico", "Member Since": "1997", "Email": "jameslab@hotmail.com"}
