{"SafeDict": "{\"Phone\": \"6179476268\", \"Last Name\": \"Sloman\", \"Photo\": \"\", \"Address\": \"6179476268\", \"Current Status\": \"2016\", \"First Name\": \"James\", \"Bio Information\": \"2016\", \"City State Zip\": \"Belmont\", \"Display name\": \"James Sloman\", \"Member Since\": \"2016\", \"Email\": \"jimsloman@gmail.com\"}", "Phone": "6179476268", "Last Name": "Sloman", "Photo": "", "Address": "6179476268", "Current Status": "2016", "First Name": "James", "Bio Information": "2016", "City State Zip": "Belmont", "Display name": "James Sloman", "Member Since": "2016", "Email": "jimsloman@gmail.com"}
