{"SafeDict": "{\"Phone\": \"781-665-0437\", \"Last Name\": \"McArdle\", \"Photo\": \"\", \"Address\": \"560 Lebanon Street, Apt. 102\", \"Current Status\": \"2004\", \"First Name\": \"James\", \"Bio Information\": \"Jim grew up on the Eastside of Manhattan, attended Fordham University (majoring in English and Classics), and then Yale in an English PhD program.  After several years as an assistant professor of English (at UC, Santa Barbara and Northeastern), he spent the next 35 years as a partner / chief marketing officer in several technology-focused businesses, including the software development firm he co-founded in 1991.\\n\\nIn 2004 Jim joined HILR, shortly after he retired.  He was a member of the HILR Strategic Planning Taskforce in 2005-2006, and in 2006 and 2007 served on the Member Relations Committee. In 2008 he was asked to lead  a course on Yeats when its SGL became ill, and, in the Fall of 2010 and 2011 he led his own courses on Contemporary American Poetry.  In 2014, he led a course on three Cape Cod naturalists (John Hay, Robert Finch and David Gessner) and in 2015 another on \\\"The Art of the Sonnet.\\\"\\nOver the years at HILR Jim has enjoyed acting in a number of the Addelson Shakespeare Players productions (The Tempest, Twelfth Night,  Henry V, Midsummer Night's Dream and Kiss Me Kate)---all of which has been excellent training for playing Santa Claus to his eight grand children.  When he is not playing Santa, he sings in an all male choral group, the Boston Saengerfest Mens' Chorus.\\n \", \"City State Zip\": \"Melrose, MA 02176\", \"Display name\": \"James McArdle\", \"Member Since\": \"2004\", \"Email\": \"jim_mcardle@comcast.net\"}", "Phone": "781-665-0437", "Last Name": "McArdle", "Photo": "", "Address": "560 Lebanon Street, Apt. 102", "Current Status": "2004", "First Name": "James", "Bio Information": "Jim grew up on the Eastside of Manhattan, attended Fordham University (majoring in English and Classics), and then Yale in an English PhD program.  After several years as an assistant professor of English (at UC, Santa Barbara and Northeastern), he spent the next 35 years as a partner / chief marketing officer in several technology-focused businesses, including the software development firm he co-founded in 1991.\n\nIn 2004 Jim joined HILR, shortly after he retired.  He was a member of the HILR Strategic Planning Taskforce in 2005-2006, and in 2006 and 2007 served on the Member Relations Committee. In 2008 he was asked to lead  a course on Yeats when its SGL became ill, and, in the Fall of 2010 and 2011 he led his own courses on Contemporary American Poetry.  In 2014, he led a course on three Cape Cod naturalists (John Hay, Robert Finch and David Gessner) and in 2015 another on \"The Art of the Sonnet.\"\nOver the years at HILR Jim has enjoyed acting in a number of the Addelson Shakespeare Players productions (The Tempest, Twelfth Night,  Henry V, Midsummer Night's Dream and Kiss Me Kate)---all of which has been excellent training for playing Santa Claus to his eight grand children.  When he is not playing Santa, he sings in an all male choral group, the Boston Saengerfest Mens' Chorus.\n ", "City State Zip": "Melrose, MA 02176", "Display name": "James McArdle", "Member Since": "2004", "Email": "jim_mcardle@comcast.net"}
