{"SafeDict": "{\"Phone\": \"617-864-9632\", \"Last Name\": \"Weingarten\", \"Photo\": \"\", \"Address\": \"259 Mount Auburn Street\", \"Current Status\": \"2006\", \"First Name\": \"Jane\", \"Bio Information\": \"At HILR, I am reveling in the opportunity to read Dostoevsky, study art and better understand global issues. It is a pleasure to become part of a community so rich in intelligence, talent, expertise and creativity. I think what I admire most about my colleagues and friends in the program is your openness and generosity of spirit.\\nMy career in communications came after raising three children and working as a teacher and curriculum developer. I attended writing classes at the Radcliffe Seminars in the early 1980\\u2019s, and then wrote hundreds of articles in newspapers and professional journals. My interest in writing about human rights and social action led to a wonderful job as vice president of communications at Jewish Community Housing for the Elderly.\\nMoving to Cambridge, joining HILR, and getting involved in support of a hospital program named to honor my late husband have kept me active since I retired. I have become a member of the Corporation of Partners Healthcare, which absorbs my interest at a time when we are concerned about making crucial change in delivery of healthcare. Although I no longer play the piano, I enjoy musical events year-round. Although I no longer tend a big garden, I frequently spend time pruning and weeding my tiny, but amusing little patch of earth, and I\\u2019m always eager to schedule the next visit for \\u201cnanajane\\u201d with Chas and Mia, who live in Brooklyn.\", \"City State Zip\": \"Cambridge, MA 02138\", \"Display name\": \"Jane Weingarten\", \"Member Since\": \"2006\", \"Email\": \"janejardin@comcast.net\"}", "Phone": "617-864-9632", "Last Name": "Weingarten", "Photo": "", "Address": "259 Mount Auburn Street", "Current Status": "2006", "First Name": "Jane", "Bio Information": "At HILR, I am reveling in the opportunity to read Dostoevsky, study art and better understand global issues. It is a pleasure to become part of a community so rich in intelligence, talent, expertise and creativity. I think what I admire most about my colleagues and friends in the program is your openness and generosity of spirit.\nMy career in communications came after raising three children and working as a teacher and curriculum developer. I attended writing classes at the Radcliffe Seminars in the early 1980\u2019s, and then wrote hundreds of articles in newspapers and professional journals. My interest in writing about human rights and social action led to a wonderful job as vice president of communications at Jewish Community Housing for the Elderly.\nMoving to Cambridge, joining HILR, and getting involved in support of a hospital program named to honor my late husband have kept me active since I retired. I have become a member of the Corporation of Partners Healthcare, which absorbs my interest at a time when we are concerned about making crucial change in delivery of healthcare. Although I no longer play the piano, I enjoy musical events year-round. Although I no longer tend a big garden, I frequently spend time pruning and weeding my tiny, but amusing little patch of earth, and I\u2019m always eager to schedule the next visit for \u201cnanajane\u201d with Chas and Mia, who live in Brooklyn.", "City State Zip": "Cambridge, MA 02138", "Display name": "Jane Weingarten", "Member Since": "2006", "Email": "janejardin@comcast.net"}
