{"SafeDict": "{\"Phone\": \"617-547-8975\", \"Last Name\": \"Little\", \"Photo\": \"\", \"Address\": \"56 Garden Street\", \"Current Status\": \"Cambridge, MA 02138\", \"First Name\": \"Jane\", \"Bio Information\": \"I grew up \\u2013 very happily -- in New York City in a supportive family and at a school that encouraged its girls to love learning. I migrated to the Boston area to attend Wellesley where I majored in economics and met my future husband, Forbes, an MIT student working on Project Apollo. After Wellesley came marriage and graduate work at The Fletcher School of Law and Diplomacy and an MALD degree.\\nFletcher led to a job as a research assistant at the Federal Reserve Bank of Boston. There, to my great surprise, I remained for 40 years, retiring as a senior economist and policy advisor last September. The job remained highly engaging over time because the Bank, the economics profession, and the challenge and practice of central banking changed constantly. My policy work focused on international economic developments and their impact on the U.S. economy. My diverse research interests include such topics as inflation targeting, alternative policy measures at foreign central banks, oil market dynamics and health system reform.\\nMy husband and I cherish time with our son, daughter, and daughter-in-law and with new and old friends, some of whom we have known since childhood. We enjoy rambling hikes, canoeing and kayaking, and novice cross-country skiing \\u2013 in other words, time spent outdoors in beautiful places -- as well as theater, museums, and foreign travel. I also enjoy trying to write, and hope to resume riding and to learn to blow glass.                  \\nSince I have a rather undisciplined, follow-the-nose type of curiosity, whenever I see a university course catalogue, I always want to start all over again. I expect that HILR will let me do just that while sharing the fun and excitement with a wonderful group of fellow travellers.\", \"City State Zip\": \"Cambridge, MA 02138\", \"Display name\": \"Jane Little\", \"Member Since\": \"Cambridge, MA 02138\", \"Email\": \"jlittle@designingminds.com\"}", "Phone": "617-547-8975", "Last Name": "Little", "Photo": "", "Address": "56 Garden Street", "Current Status": "Cambridge, MA 02138", "First Name": "Jane", "Bio Information": "I grew up \u2013 very happily -- in New York City in a supportive family and at a school that encouraged its girls to love learning. I migrated to the Boston area to attend Wellesley where I majored in economics and met my future husband, Forbes, an MIT student working on Project Apollo. After Wellesley came marriage and graduate work at The Fletcher School of Law and Diplomacy and an MALD degree.\nFletcher led to a job as a research assistant at the Federal Reserve Bank of Boston. There, to my great surprise, I remained for 40 years, retiring as a senior economist and policy advisor last September. The job remained highly engaging over time because the Bank, the economics profession, and the challenge and practice of central banking changed constantly. My policy work focused on international economic developments and their impact on the U.S. economy. My diverse research interests include such topics as inflation targeting, alternative policy measures at foreign central banks, oil market dynamics and health system reform.\nMy husband and I cherish time with our son, daughter, and daughter-in-law and with new and old friends, some of whom we have known since childhood. We enjoy rambling hikes, canoeing and kayaking, and novice cross-country skiing \u2013 in other words, time spent outdoors in beautiful places -- as well as theater, museums, and foreign travel. I also enjoy trying to write, and hope to resume riding and to learn to blow glass.                  \nSince I have a rather undisciplined, follow-the-nose type of curiosity, whenever I see a university course catalogue, I always want to start all over again. I expect that HILR will let me do just that while sharing the fun and excitement with a wonderful group of fellow travellers.", "City State Zip": "Cambridge, MA 02138", "Display name": "Jane Little", "Member Since": "Cambridge, MA 02138", "Email": "jlittle@designingminds.com"}
