{"SafeDict": "{\"Phone\": \"(617) 899-0049\", \"Last Name\": \"Owens\", \"Photo\": \"\", \"Address\": \"1200 Washington St. Unit 409\", \"Current Status\": \"New\", \"First Name\": \"Jane\", \"Bio Information\": \"Jane has had a career in law, first becoming a partner in a national law firm based in Boston, then \\u2018going in-house.\\u2019 After beginning her \\u2018in-house\\u2019 life at Reebok as Corporate Counsel, she went on to serve as General Counsel of three multinational public companies: Timberland, Dial and Sapient Corporation. In the course of her career, Jane has traveled much of the world and has had the opportunity to work with colleagues (and, on occasion, adversaries) in Europe, Asia, Australia and South America.\\nBorn and raised in small-town Nebraska, Jane left the Midwest to attend Harvard Law School and (but for a misguided, three-year stint in Scottsdale) has lived in the Boston area ever since. Currently, she lives in a loft in the SOWA district of Boston\\u2019s South End, an area filled with art galleries, artists\\u2019 studios and restaurants for \\u2018foodies\\u2019 (of which she is one).\\nJane serves on the WGBH Board of Overseers and the Association of Corporate Counsel-Northeast Region Board of Directors. She also is actively engaged in mentoring younger lawyers and dispensing career advice based on her \\u2018having seen it all.\\u2019 She writes a blog called \\u2018The Mentorist,\\u2019 which offers a somewhat irreverent perspective on making it in the corporate world.\\nPassionate about film, Jane belongs to three film groups and attends the Sundance Film Festival as often as she can. (Record achievement: Watching seven film premieres in one day.) She also reads avidly and, just generally, enjoys the richness of cultural and intellectual offerings that comes with living in the Boston area.\", \"City State Zip\": \"Boston, MA. 02118\", \"Display name\": \"Jane Owens\", \"Member Since\": \"Fall 2013\", \"Email\": \"jowens@post.harvard.edu\"}", "Phone": "(617) 899-0049", "Last Name": "Owens", "Photo": "", "Address": "1200 Washington St. Unit 409", "Current Status": "New", "First Name": "Jane", "Bio Information": "Jane has had a career in law, first becoming a partner in a national law firm based in Boston, then \u2018going in-house.\u2019 After beginning her \u2018in-house\u2019 life at Reebok as Corporate Counsel, she went on to serve as General Counsel of three multinational public companies: Timberland, Dial and Sapient Corporation. In the course of her career, Jane has traveled much of the world and has had the opportunity to work with colleagues (and, on occasion, adversaries) in Europe, Asia, Australia and South America.\nBorn and raised in small-town Nebraska, Jane left the Midwest to attend Harvard Law School and (but for a misguided, three-year stint in Scottsdale) has lived in the Boston area ever since. Currently, she lives in a loft in the SOWA district of Boston\u2019s South End, an area filled with art galleries, artists\u2019 studios and restaurants for \u2018foodies\u2019 (of which she is one).\nJane serves on the WGBH Board of Overseers and the Association of Corporate Counsel-Northeast Region Board of Directors. She also is actively engaged in mentoring younger lawyers and dispensing career advice based on her \u2018having seen it all.\u2019 She writes a blog called \u2018The Mentorist,\u2019 which offers a somewhat irreverent perspective on making it in the corporate world.\nPassionate about film, Jane belongs to three film groups and attends the Sundance Film Festival as often as she can. (Record achievement: Watching seven film premieres in one day.) She also reads avidly and, just generally, enjoys the richness of cultural and intellectual offerings that comes with living in the Boston area.", "City State Zip": "Boston, MA. 02118", "Display name": "Jane Owens", "Member Since": "Fall 2013", "Email": "jowens@post.harvard.edu"}
