{"SafeDict": "{\"Phone\": \"\", \"Last Name\": \"Vaillant\", \"Photo\": \"\", \"Address\": \"\", \"Current Status\": \"2006\", \"First Name\": \"Janet\", \"Bio Information\": \"Janet Green Vaillant attended Radcliffe College where she met her husband of 52 years, Henry Vaillant. After getting a Harvard PhD in government, she taught, wrote about Africa and Russia/Soviet Union, and developed programs.\\n\\nJust over ten years ago, she took early retirement to work as an independent consultant on programs of education reform in Russia, Kazakhstan and Azerbaijan. Now that such projects have ended, she has joined a community chorus, begun piano lessons, and worked on political campaigns. She likes to walk in the woods and watch birds.\\n\\nA recent pleasant surprise is that a French edition of her book Black, French, and African: A Life of L\\u00e9opold S\\u00e9dar Senghor (Harvard 1990) will be published in connection with the celebration of the centenary of Senghor\\u2019s birth in Paris, in March, 2006.\", \"City State Zip\": \"\", \"Display name\": \"Janet Vaillant\", \"Member Since\": \"2006\", \"Email\": \"janetvaillant@verizon.net\"}", "Phone": "", "Last Name": "Vaillant", "Photo": "", "Address": "", "Current Status": "2006", "First Name": "Janet", "Bio Information": "Janet Green Vaillant attended Radcliffe College where she met her husband of 52 years, Henry Vaillant. After getting a Harvard PhD in government, she taught, wrote about Africa and Russia/Soviet Union, and developed programs.\n\nJust over ten years ago, she took early retirement to work as an independent consultant on programs of education reform in Russia, Kazakhstan and Azerbaijan. Now that such projects have ended, she has joined a community chorus, begun piano lessons, and worked on political campaigns. She likes to walk in the woods and watch birds.\n\nA recent pleasant surprise is that a French edition of her book Black, French, and African: A Life of L\u00e9opold S\u00e9dar Senghor (Harvard 1990) will be published in connection with the celebration of the centenary of Senghor\u2019s birth in Paris, in March, 2006.", "City State Zip": "", "Display name": "Janet Vaillant", "Member Since": "2006", "Email": "janetvaillant@verizon.net"}
