{"SafeDict": "{\"Phone\": \"\", \"Last Name\": \"McGrath\", \"Photo\": \"\", \"Address\": \"\", \"Current Status\": \"1995\", \"First Name\": \"Jane\", \"Bio Information\": \"Jane McGrath grew up in Brookline and graduated from Regis College and the Boston University School of Social Work. She has worked as a social worker in the elementary schools in Brookline and as a Field Worker instructor to graduate st\\u03bcdents.\\n\\nShe is interested in literature and writing, as well as traveling, tennis and golf.\", \"City State Zip\": \"\", \"Display name\": \"Jane McGrath\", \"Member Since\": \"1995\", \"Email\": \"jkgrath@aol.com\"}", "Phone": "", "Last Name": "McGrath", "Photo": "", "Address": "", "Current Status": "1995", "First Name": "Jane", "Bio Information": "Jane McGrath grew up in Brookline and graduated from Regis College and the Boston University School of Social Work. She has worked as a social worker in the elementary schools in Brookline and as a Field Worker instructor to graduate st\u03bcdents.\n\nShe is interested in literature and writing, as well as traveling, tennis and golf.", "City State Zip": "", "Display name": "Jane McGrath", "Member Since": "1995", "Email": "jkgrath@aol.com"}
