{"SafeDict": "{\"Phone\": \"(617) 480-4677\", \"Last Name\": \"Sedgwick\", \"Photo\": \"\", \"Address\": \"3 Florence Terrace\", \"Current Status\": \"2015\", \"First Name\": \"Jane\", \"Bio Information\": \"Following graduation from Ohio State University, Jane served in the Peace Corps as a secondary school mathematics teacher in Botswana, Africa. Returning home, she taught middle school, got a Master\\u2019s degree in education from Boston University and took additional courses in computer science. In 1983 she began a career in the mainframe computer industry focusing on systems software, hardware and consulting. She developed and delivered presentations at conferences in the United States and Europe.\\n\\nIn 2007 she retired in order to enjoy her first grandchild and to travel. She particularly likes to go on treks, which have taken her to Bhutan, Machu Picchu and Switzerland. Travel has also included the many places her children have lived. She enjoys meeting people from diverse cultural and professional backgrounds.\", \"City State Zip\": \"Arlington, MA 02476-5911\", \"Display name\": \"Jane Sedgwick\", \"Member Since\": \"2015\", \"Email\": \"jcsedgwick@gmail.com\"}", "Phone": "(617) 480-4677", "Last Name": "Sedgwick", "Photo": "", "Address": "3 Florence Terrace", "Current Status": "2015", "First Name": "Jane", "Bio Information": "Following graduation from Ohio State University, Jane served in the Peace Corps as a secondary school mathematics teacher in Botswana, Africa. Returning home, she taught middle school, got a Master\u2019s degree in education from Boston University and took additional courses in computer science. In 1983 she began a career in the mainframe computer industry focusing on systems software, hardware and consulting. She developed and delivered presentations at conferences in the United States and Europe.\n\nIn 2007 she retired in order to enjoy her first grandchild and to travel. She particularly likes to go on treks, which have taken her to Bhutan, Machu Picchu and Switzerland. Travel has also included the many places her children have lived. She enjoys meeting people from diverse cultural and professional backgrounds.", "City State Zip": "Arlington, MA 02476-5911", "Display name": "Jane Sedgwick", "Member Since": "2015", "Email": "jcsedgwick@gmail.com"}
