{"SafeDict": "{\"Phone\": \"(339) 223-9200\", \"Last Name\": \"Hilburt-Davis\", \"Photo\": \"\", \"Address\": \"75 Cambridge Pkwy, #E808\", \"Current Status\": \"New\", \"First Name\": \"Jane\", \"Bio Information\": \"Jane lives in Cambridge and has had two careers, has one husband, Fred; two daughters; two sons-in-law; four grandchildren; and one dog. She and her family also spend time at their place in Harpswell, Maine and have traveled regularly over the years. As Jane transitions to a less than full time schedule, she is following her interests that include painting, reading, and taking improvisation courses with her daughter. Originally a biology major in college, she is also enjoying her hobby as an amateur naturalist and birder.\\nHer professional life has involved direct client work, teaching and writing, and has included, first, twenty years as a psychotherapist in private practice in Lexington and, then, twenty years as consultant and advisor to family businesses, and closely held companies, throughout the United States. Jane has lectured and taught in the family business field in the US, Canada, Europe, and Australia. She is also the senior author of Consulting to Family Businesses and co-author of the recently published Family Enterprise: Understanding Families in Business and Families of Wealth. Jane very much looks forward to learning and exploring new ideas at the HILR!\", \"City State Zip\": \"Cambridge, MA. 02138\", \"Display name\": \"Jane Hilburt-Davis\", \"Member Since\": \"Fall 2014\", \"Email\": \"j.hilburtdavis@comcast.net\"}", "Phone": "(339) 223-9200", "Last Name": "Hilburt-Davis", "Photo": "", "Address": "75 Cambridge Pkwy, #E808", "Current Status": "New", "First Name": "Jane", "Bio Information": "Jane lives in Cambridge and has had two careers, has one husband, Fred; two daughters; two sons-in-law; four grandchildren; and one dog. She and her family also spend time at their place in Harpswell, Maine and have traveled regularly over the years. As Jane transitions to a less than full time schedule, she is following her interests that include painting, reading, and taking improvisation courses with her daughter. Originally a biology major in college, she is also enjoying her hobby as an amateur naturalist and birder.\nHer professional life has involved direct client work, teaching and writing, and has included, first, twenty years as a psychotherapist in private practice in Lexington and, then, twenty years as consultant and advisor to family businesses, and closely held companies, throughout the United States. Jane has lectured and taught in the family business field in the US, Canada, Europe, and Australia. She is also the senior author of Consulting to Family Businesses and co-author of the recently published Family Enterprise: Understanding Families in Business and Families of Wealth. Jane very much looks forward to learning and exploring new ideas at the HILR!", "City State Zip": "Cambridge, MA. 02138", "Display name": "Jane Hilburt-Davis", "Member Since": "Fall 2014", "Email": "j.hilburtdavis@comcast.net"}
