{"SafeDict": "{\"Phone\": \"\", \"Last Name\": \"Williams\", \"Photo\": \"\", \"Address\": \"\", \"Current Status\": \"2009\", \"First Name\": \"Jane\", \"Bio Information\": \"Jane has been a member of the Harvard community for many years as faculty child, student and employee. After graduation from Radcliffe she worked in New York in trade book publishing, doing advertising for New Directions and manuscript editing at William Morrow. When she moved back to Cambridge to raise a family she continued to work freelance for New York and Boston publishers. She also did rewriting for Notable American Women. In 1971 she became the first administrator of Harvard Neighbors, an outgrowth of the faculty wives association. During this time she wrote for Harvard Magazine and local newspapers. After publishing a novel, she took early retirement to join a writers group run by fiction teachers from Expository Writing. Eight years ago she co-founded a cooperative writing workshop.\\nWhen she remarried she and her husband, John King, bought 25 acres of Maine farmland. Over the past 20 summers they have built a house and several out buildings by themselves. Everything runs on solar power (with a back-up generator). Her husband is a retired physicist at MIT. Together they have eleven children and eleven grandchildren.\\nJane writes, swims, reads, and maintains a large flower and vegetable garden. She also enjoys concerts, the opera, the movies, current events and family.\", \"City State Zip\": \"\", \"Display name\": \"Jane Williams\", \"Member Since\": \"2009\", \"Email\": \"jmwilliams19@verizon.net\"}", "Phone": "", "Last Name": "Williams", "Photo": "", "Address": "", "Current Status": "2009", "First Name": "Jane", "Bio Information": "Jane has been a member of the Harvard community for many years as faculty child, student and employee. After graduation from Radcliffe she worked in New York in trade book publishing, doing advertising for New Directions and manuscript editing at William Morrow. When she moved back to Cambridge to raise a family she continued to work freelance for New York and Boston publishers. She also did rewriting for Notable American Women. In 1971 she became the first administrator of Harvard Neighbors, an outgrowth of the faculty wives association. During this time she wrote for Harvard Magazine and local newspapers. After publishing a novel, she took early retirement to join a writers group run by fiction teachers from Expository Writing. Eight years ago she co-founded a cooperative writing workshop.\nWhen she remarried she and her husband, John King, bought 25 acres of Maine farmland. Over the past 20 summers they have built a house and several out buildings by themselves. Everything runs on solar power (with a back-up generator). Her husband is a retired physicist at MIT. Together they have eleven children and eleven grandchildren.\nJane writes, swims, reads, and maintains a large flower and vegetable garden. She also enjoys concerts, the opera, the movies, current events and family.", "City State Zip": "", "Display name": "Jane Williams", "Member Since": "2009", "Email": "jmwilliams19@verizon.net"}
