{"SafeDict": "{\"Phone\": \"\", \"Last Name\": \"O'Neil\", \"Photo\": \"\", \"Address\": \"\", \"Current Status\": \"\", \"First Name\": \"Jane\", \"Bio Information\": \"\", \"City State Zip\": \"\", \"Display name\": \"Jane O'Neil\", \"Member Since\": \"\", \"Email\": \"janeroneil@me.com\"}", "Phone": "", "Last Name": "O'Neil", "Photo": "", "Address": "", "Current Status": "", "First Name": "Jane", "Bio Information": "", "City State Zip": "", "Display name": "Jane O'Neil", "Member Since": "", "Email": "janeroneil@me.com"}
