{"SafeDict": "{\"Phone\": \"\", \"Last Name\": \"Shaw\", \"Photo\": \"\", \"Address\": \"\", \"Current Status\": \"2005\", \"First Name\": \"Jane\", \"Bio Information\": \"Born and raised in Boston, Jane attended Radcliffe College, finished at Barnard (in zoology), then earned a graduate degree in child psychology at the University of Pennsylvania. She worked for several years at Children\\u2019s Hospital in Boston, and followed that with 20 years of writing and editing for newspapers in the area. She also worked as a freelance editor and taught writing skills at local colleges and businesses.\\n\\nJane lives in Belmont and spends time with her foster daughter and family. Now in semiretirement, Jane enjoys weaving, painting, dancing, cooking for friends, and going to plays and movies. Thanks to her Italian husband, she has traveled a lot in Italy and has learned to speak the language pretty well.\", \"City State Zip\": \"\", \"Display name\": \"Jane Shaw\", \"Member Since\": \"2005\", \"Email\": \"jprshaw@yahoo.com\"}", "Phone": "", "Last Name": "Shaw", "Photo": "", "Address": "", "Current Status": "2005", "First Name": "Jane", "Bio Information": "Born and raised in Boston, Jane attended Radcliffe College, finished at Barnard (in zoology), then earned a graduate degree in child psychology at the University of Pennsylvania. She worked for several years at Children\u2019s Hospital in Boston, and followed that with 20 years of writing and editing for newspapers in the area. She also worked as a freelance editor and taught writing skills at local colleges and businesses.\n\nJane lives in Belmont and spends time with her foster daughter and family. Now in semiretirement, Jane enjoys weaving, painting, dancing, cooking for friends, and going to plays and movies. Thanks to her Italian husband, she has traveled a lot in Italy and has learned to speak the language pretty well.", "City State Zip": "", "Display name": "Jane Shaw", "Member Since": "2005", "Email": "jprshaw@yahoo.com"}
