{"SafeDict": "{\"Phone\": \"(857) 350-3336\", \"Last Name\": \"Kaufman\", \"Photo\": \"\", \"Address\": \"1 Charles St. South Unit 15E\", \"Current Status\": \"Active\", \"First Name\": \"Jay\", \"Bio Information\": \"Jay Kaufman is a graduate of Princeton University and the Harvard Medical School. A slow learner, Jay spent 3 years in post-graduate surgical training before deciding upon ophthalmology as his chosen field and signing on as a resident at the Mass. Eye and Ear Infirmary.\\nA colorful interlude in the US Army, including a tour in Viet Nam, was inserted between the two residency programs. For reasons still unclear to Jay, he was awarded the Bronze Star for his service.\\nSubsequently, Jay practiced eye surgery for 36 years  as chief of the service at the Newton-Wellesley Hospital, and taught students at both Harvard and Tufts Medical Schools.\\nEventually, the years spent as an undergraduate English major took hold, and Jay has had two plays produced, and one short story published. He has a few other plays which are either in the works, or lying fallow waiting to be discovered. In September 2014, he published \\\"The Mystery of the Cliff House,\\\" his first novel for young adults.His most recent writing project is a play, \\\"The Healer,\\\" which may or may not be 90% complete.\\nJay is an avid golfer, reads continuously, has been teaching himself Spanish every day, and adores his family. His grandchildren are smarter and better looking than yours.\\nJay is a national trustee of Facing History and Ourselves  and is both a Trustee-Emeritus and an Overseer for Life at the Newton-Wellesley Hospital.\", \"City State Zip\": \"Boston, MA. 02116\", \"Display name\": \"Jay Kaufman\", \"Member Since\": \"Fall 2013\", \"Email\": \"jhkmd1@gmail.com\"}", "Phone": "(857) 350-3336", "Last Name": "Kaufman", "Photo": "", "Address": "1 Charles St. South Unit 15E", "Current Status": "Active", "First Name": "Jay", "Bio Information": "Jay Kaufman is a graduate of Princeton University and the Harvard Medical School. A slow learner, Jay spent 3 years in post-graduate surgical training before deciding upon ophthalmology as his chosen field and signing on as a resident at the Mass. Eye and Ear Infirmary.\nA colorful interlude in the US Army, including a tour in Viet Nam, was inserted between the two residency programs. For reasons still unclear to Jay, he was awarded the Bronze Star for his service.\nSubsequently, Jay practiced eye surgery for 36 years  as chief of the service at the Newton-Wellesley Hospital, and taught students at both Harvard and Tufts Medical Schools.\nEventually, the years spent as an undergraduate English major took hold, and Jay has had two plays produced, and one short story published. He has a few other plays which are either in the works, or lying fallow waiting to be discovered. In September 2014, he published \"The Mystery of the Cliff House,\" his first novel for young adults.His most recent writing project is a play, \"The Healer,\" which may or may not be 90% complete.\nJay is an avid golfer, reads continuously, has been teaching himself Spanish every day, and adores his family. His grandchildren are smarter and better looking than yours.\nJay is a national trustee of Facing History and Ourselves  and is both a Trustee-Emeritus and an Overseer for Life at the Newton-Wellesley Hospital.", "City State Zip": "Boston, MA. 02116", "Display name": "Jay Kaufman", "Member Since": "Fall 2013", "Email": "jhkmd1@gmail.com"}
