{"SafeDict": "{\"Phone\": \"617-868-5944\", \"Last Name\": \"Speizer\", \"Photo\": \"Speizer\", \"Address\": \"1010 Memorial Drive, 4A\", \"Current Status\": \"Active\", \"First Name\": \"Jeanne\", \"Bio Information\": \"HILR is Jeanne\\u2019s fifth career in her search for \\u201cWhat will I be when I grow up?\\u201d She began in California with a BA from Berkeley in 1957, and a job as an elementary/secondary teacher, while supporting a husband in medical school at Stanford. A pause for ten years after his graduation to work at home caring for four children, and following him to Boston, Palo Alto, and London for two years, then back to Boston in 1968. She returned to school as a \\u201cnon-traditional age\\u201d student at Boston University and received a doctorate in education in 1975.\\n\\nEncountering the women\\u2019s movement in full swing, she joined the Center for Research on Women at Wellesley College and helped design, develop and direct the Administrative Skills Program for higher education administrators in the New England area. The program continues to this day providing skills, support, and a network for women college administrators.\\n\\nShe left Wellesley College in 1982 to pursue a long-buried dream. At Northeastern Law School, again as a \\u201cnon-traditional age\\u201d student she received a JD in 1985 at the age of 50. For five years she practiced law in Boston before opening her own downtown Boston firm, Speizer, Harrison and Soshnick, in 1990, specializing in real estate, estate planning and family law.\\n\\nIn 1997, it was time for her to move on to career number 4. She opened a bookstore \\u201cBooks from Yesterday,\\u201d in Rockport, Mass, devoted to first editions, used and collectible. Last November she closed the store and moved the books home, where they remain for sale on the Internet. She sells the books at midnight in her pyjamas, and devotes the remainder of her time to husband Frank, their four children, and eight grandchildren (all of whom live out of town) and to HILR. Let the fifth career begin!\", \"City State Zip\": \"Cambridge MA 02138-2133\", \"Display name\": \"Jeanne Speizer\", \"Member Since\": \"2004\", \"Email\": \"jeannespeizer@yahoo.com\"}", "Phone": "617-868-5944", "Last Name": "Speizer", "Photo": "Speizer", "Address": "1010 Memorial Drive, 4A", "Current Status": "Active", "First Name": "Jeanne", "Bio Information": "HILR is Jeanne\u2019s fifth career in her search for \u201cWhat will I be when I grow up?\u201d She began in California with a BA from Berkeley in 1957, and a job as an elementary/secondary teacher, while supporting a husband in medical school at Stanford. A pause for ten years after his graduation to work at home caring for four children, and following him to Boston, Palo Alto, and London for two years, then back to Boston in 1968. She returned to school as a \u201cnon-traditional age\u201d student at Boston University and received a doctorate in education in 1975.\n\nEncountering the women\u2019s movement in full swing, she joined the Center for Research on Women at Wellesley College and helped design, develop and direct the Administrative Skills Program for higher education administrators in the New England area. The program continues to this day providing skills, support, and a network for women college administrators.\n\nShe left Wellesley College in 1982 to pursue a long-buried dream. At Northeastern Law School, again as a \u201cnon-traditional age\u201d student she received a JD in 1985 at the age of 50. For five years she practiced law in Boston before opening her own downtown Boston firm, Speizer, Harrison and Soshnick, in 1990, specializing in real estate, estate planning and family law.\n\nIn 1997, it was time for her to move on to career number 4. She opened a bookstore \u201cBooks from Yesterday,\u201d in Rockport, Mass, devoted to first editions, used and collectible. Last November she closed the store and moved the books home, where they remain for sale on the Internet. She sells the books at midnight in her pyjamas, and devotes the remainder of her time to husband Frank, their four children, and eight grandchildren (all of whom live out of town) and to HILR. Let the fifth career begin!", "City State Zip": "Cambridge MA 02138-2133", "Display name": "Jeanne Speizer", "Member Since": "2004", "Email": "jeannespeizer@yahoo.com"}
