{"SafeDict": "{\"Phone\": \"\", \"Last Name\": \"Cavanaugh\", \"Photo\": \"\", \"Address\": \"\", \"Current Status\": \"\", \"First Name\": \"Jean\", \"Bio Information\": \"\", \"City State Zip\": \"\", \"Display name\": \"Jean Cavanaugh\", \"Member Since\": \"\", \"Email\": \"jeananncavanaugh@aol.com\"}", "Phone": "", "Last Name": "Cavanaugh", "Photo": "", "Address": "", "Current Status": "", "First Name": "Jean", "Bio Information": "", "City State Zip": "", "Display name": "Jean Cavanaugh", "Member Since": "", "Email": "jeananncavanaugh@aol.com"}
