{"SafeDict": "{\"Phone\": \"\", \"Last Name\": \"Curuby\", \"Photo\": \"\", \"Address\": \"770 Boylston St., #11-B\", \"Current Status\": \"Boston, MA. 02199\", \"First Name\": \"Jeannette\", \"Bio Information\": \"Boston, MA. 02199\", \"City State Zip\": \"Boston, MA. 02199\", \"Display name\": \"Jeannette Curuby\", \"Member Since\": \"Boston, MA. 02199\", \"Email\": \"ioannakirby@yahoo.com\"}", "Phone": "", "Last Name": "Curuby", "Photo": "", "Address": "770 Boylston St., #11-B", "Current Status": "Boston, MA. 02199", "First Name": "Jeannette", "Bio Information": "Boston, MA. 02199", "City State Zip": "Boston, MA. 02199", "Display name": "Jeannette Curuby", "Member Since": "Boston, MA. 02199", "Email": "ioannakirby@yahoo.com"}
