{"SafeDict": "{\"Phone\": \"\", \"Last Name\": \"Olson\", \"Photo\": \"\", \"Address\": \"\", \"Current Status\": \"2001\", \"First Name\": \"Jean\", \"Bio Information\": \"Jean grew up in Greenwich Village in the \\u201940s. She had New York as a playground until college. After Vassar, where she majored in English literature, she worked for the Y in Hartford and New Haven and then moved to Wilmington, DE, where she taught kindergarten for 20 years and raised three children.\\n\\nWhen they left the nest, she got a master\\u2019s in counseling psychology from the University of Delaware and went to work as a therapist for the Tressler Center in Wilmington. For 13 years she ran groups, saw individuals in therapy, and was active in the Unitarian Church. In 1995, she married her college roommate\\u2019s widower and moved to Boston\\u2019s South End. She continues a small practice and has studied at the New York Jung Institute and the Westchester Institute for Psychoanalysis.\\n\\nShe is very involved in a blended family with 13 grandchildren residing in MA, CT, Freiburg, Germany, and London who particularly love visiting her on Cape Cod. An occasional watercolorist, she is active in Cape Cod preservation and volunteers at the Haley House in the South End.\", \"City State Zip\": \"\", \"Display name\": \"Jean Olson\", \"Member Since\": \"2001\", \"Email\": \"jeanolson@comcast.net\"}", "Phone": "", "Last Name": "Olson", "Photo": "", "Address": "", "Current Status": "2001", "First Name": "Jean", "Bio Information": "Jean grew up in Greenwich Village in the \u201940s. She had New York as a playground until college. After Vassar, where she majored in English literature, she worked for the Y in Hartford and New Haven and then moved to Wilmington, DE, where she taught kindergarten for 20 years and raised three children.\n\nWhen they left the nest, she got a master\u2019s in counseling psychology from the University of Delaware and went to work as a therapist for the Tressler Center in Wilmington. For 13 years she ran groups, saw individuals in therapy, and was active in the Unitarian Church. In 1995, she married her college roommate\u2019s widower and moved to Boston\u2019s South End. She continues a small practice and has studied at the New York Jung Institute and the Westchester Institute for Psychoanalysis.\n\nShe is very involved in a blended family with 13 grandchildren residing in MA, CT, Freiburg, Germany, and London who particularly love visiting her on Cape Cod. An occasional watercolorist, she is active in Cape Cod preservation and volunteers at the Haley House in the South End.", "City State Zip": "", "Display name": "Jean Olson", "Member Since": "2001", "Email": "jeanolson@comcast.net"}
