{"SafeDict": "{\"Phone\": \"617-926-2603\", \"Last Name\": \"Epstein\", \"Photo\": \"\", \"Address\": \"199 Coolidge Ave. #103\", \"Current Status\": \"actvive\", \"First Name\": \"Jean\", \"Bio Information\": \"Jean is a retired social worker who joined HILR in 1993, a few years after she and her husband Herb moved to the Boston area because they had two daughters here. In memory of Eric Kurtz I am expanding my bio. I knew I wanted to be a social worker when I was still in high school. That was during WWII and high school students were encouraged to voluneer in various places to help out the war effort. I was assigned to an agency in Philadelphia (Herb Epstein was in charge of making assignments). It was called the Nicetown Boys and Girls club. There I ran an activity program for kids,I found I liked that kind of work. The Director told me i could become a social worker ( who ever heard of that in 1942?) and that I should get a masters Degree. So I went to college(University of Pennsylvania) with that in mind. When I graduated in 1947, I went directly to what was then called the New York School of Social Work - now the Columbia U. School of Social Work. When I graduated, I went to work for the Girl Scouts of Philadelphia and Herb and I were married a short time later. We had four children, from 1952 to 1958, and I worked part time for many years. When Herb was transferred to Ford Motor Co. in Detroit in 1975, I went to work full time for the first time since 1952. I was the Director of Social work for the Jewish Home for Aged of Detroit. We both retired in 1990 and moved to Watertown, MA.\", \"City State Zip\": \"Watertown,MA. 02472\", \"Display name\": \"Jean Epstein\", \"Member Since\": \"1993\", \"Email\": \"jeanepstein@comcast.net\"}", "Phone": "617-926-2603", "Last Name": "Epstein", "Photo": "", "Address": "199 Coolidge Ave. #103", "Current Status": "actvive", "First Name": "Jean", "Bio Information": "Jean is a retired social worker who joined HILR in 1993, a few years after she and her husband Herb moved to the Boston area because they had two daughters here. In memory of Eric Kurtz I am expanding my bio. I knew I wanted to be a social worker when I was still in high school. That was during WWII and high school students were encouraged to voluneer in various places to help out the war effort. I was assigned to an agency in Philadelphia (Herb Epstein was in charge of making assignments). It was called the Nicetown Boys and Girls club. There I ran an activity program for kids,I found I liked that kind of work. The Director told me i could become a social worker ( who ever heard of that in 1942?) and that I should get a masters Degree. So I went to college(University of Pennsylvania) with that in mind. When I graduated in 1947, I went directly to what was then called the New York School of Social Work - now the Columbia U. School of Social Work. When I graduated, I went to work for the Girl Scouts of Philadelphia and Herb and I were married a short time later. We had four children, from 1952 to 1958, and I worked part time for many years. When Herb was transferred to Ford Motor Co. in Detroit in 1975, I went to work full time for the first time since 1952. I was the Director of Social work for the Jewish Home for Aged of Detroit. We both retired in 1990 and moved to Watertown, MA.", "City State Zip": "Watertown,MA. 02472", "Display name": "Jean Epstein", "Member Since": "1993", "Email": "jeanepstein@comcast.net"}
