{"SafeDict": "{\"Phone\": \"617-332-2642\", \"Last Name\": \"Bonney\", \"Photo\": \"\", \"Address\": \"209 Commonwealth Ave., Unit 2E\", \"Current Status\": \"Active Member\", \"First Name\": \"Jean\", \"Bio Information\": \"Born in Orange NJ and raised in Bloomfield NJ; educated at the University of Delaware and Stevens Institute of Technology; employed by Bell Telephone Laboratories, Rutgers University, MIT, Digital Equipment Corporation, and the National Science Foundation\\nMy career was in Information Technology and Computer Science Research.  I am hooked on computing  and continue to use my experience and expertise in those areas.  I  also love to learn about other subjects that are new to me.  In particular, since joining HILR, I have been studying global climate change and non-fossil energy sources.\\nMy husband, Gene Ferrari -- also of HILR, and I enjoy going to opera and biking.  And we enjoy the out of doors in all seasons through walking and short hikes.  We have a special passion for travel, especially in France and Italy.   In my quiet moments, I am an avid reader of both fiction and non-fiction and a listerner of classical music.\\nI teach math at College Bound Dorchester, a school that assists young adults get their GED and prepares them to go to community college  \\nEach morning of the week I am either running, doing Cross-Fit at Crossfir CityLinein Watertown or pilates at Boston Body.   \\nGene and I are also the proud parents of three adult children and the six most wonderful grandchildren on the planet.  Needless to say, we spend as much time with them as we can.\", \"City State Zip\": \"Newton MA 02467-1044\", \"Display name\": \"Jean Bonney\", \"Member Since\": \"2005\", \"Email\": \"jecbonney@gmail.com\"}", "Phone": "617-332-2642", "Last Name": "Bonney", "Photo": "", "Address": "209 Commonwealth Ave., Unit 2E", "Current Status": "Active Member", "First Name": "Jean", "Bio Information": "Born in Orange NJ and raised in Bloomfield NJ; educated at the University of Delaware and Stevens Institute of Technology; employed by Bell Telephone Laboratories, Rutgers University, MIT, Digital Equipment Corporation, and the National Science Foundation\nMy career was in Information Technology and Computer Science Research.  I am hooked on computing  and continue to use my experience and expertise in those areas.  I  also love to learn about other subjects that are new to me.  In particular, since joining HILR, I have been studying global climate change and non-fossil energy sources.\nMy husband, Gene Ferrari -- also of HILR, and I enjoy going to opera and biking.  And we enjoy the out of doors in all seasons through walking and short hikes.  We have a special passion for travel, especially in France and Italy.   In my quiet moments, I am an avid reader of both fiction and non-fiction and a listerner of classical music.\nI teach math at College Bound Dorchester, a school that assists young adults get their GED and prepares them to go to community college  \nEach morning of the week I am either running, doing Cross-Fit at Crossfir CityLinein Watertown or pilates at Boston Body.   \nGene and I are also the proud parents of three adult children and the six most wonderful grandchildren on the planet.  Needless to say, we spend as much time with them as we can.", "City State Zip": "Newton MA 02467-1044", "Display name": "Jean Bonney", "Member Since": "2005", "Email": "jecbonney@gmail.com"}
