{"SafeDict": "{\"Phone\": \"617-267-5864\", \"Last Name\": \"Schiffman\", \"Photo\": \"\", \"Address\": \"313 Marlborough Street\", \"Current Status\": \"2006\", \"First Name\": \"Jeff\", \"Bio Information\": \"I've spent many years working in the media, particularly radio and television, covering news, making documentaries, creating programs, managing news and program departments, and several times as (god help me) a corporate supervisor of media broadcast operations. Having apparently not learned my lesson, I still do some media consulting.\", \"City State Zip\": \"Boston MA 02116-1608\", \"Display name\": \"Jeff Schiffman\", \"Member Since\": \"2006\", \"Email\": \"jeff313@gmail.com\"}", "Phone": "617-267-5864", "Last Name": "Schiffman", "Photo": "", "Address": "313 Marlborough Street", "Current Status": "2006", "First Name": "Jeff", "Bio Information": "I've spent many years working in the media, particularly radio and television, covering news, making documentaries, creating programs, managing news and program departments, and several times as (god help me) a corporate supervisor of media broadcast operations. Having apparently not learned my lesson, I still do some media consulting.", "City State Zip": "Boston MA 02116-1608", "Display name": "Jeff Schiffman", "Member Since": "2006", "Email": "jeff313@gmail.com"}
