{"SafeDict": "{\"Phone\": \"(978) 369-2777\", \"Last Name\": \"Greene\", \"Photo\": \"\", \"Address\": \"23 Southfield Cir.\", \"Current Status\": \"New\", \"First Name\": \"Jeffrey\", \"Bio Information\": \"Originally from Massachusetts, Jeff grew up in a military family and lived in five states before high school. He spent his high school and college years in South Carolina where he graduated Phi Beta Kappa from the University of South Carolina in international relations. After attending graduate school in political philosophy, he abandoned his dream of an academic career and began a career in publishing. He spent three years in Grand Rapids, MI as editor of a regional magazine before moving to Concord, MA with his wife Elisabeth Townsend, a writer. After working briefly as the managing editor of Daedalus, the journal of the American Academy of Arts and Sciences, he began work in the college division of Houghton Mifflin Company where he was an editor for history and political science, retiring in 2012 as director of development.\\nHis work as an editor kindled a love of history that has been enhanced by living in Concord, inspiring his love of the American transcendentalists and nineteenth-century American intellectual history.\\nHe is a founding member of the Concord Poetry Center, an organization that promotes the love of poetry, sponsoring readings and workshops. Jeff also writes poetry and has given a public reading at the Center. He is a very active member of First Parish in Concord, having served as a board member and is also on the board and treasurer of Camino Verde, a nonprofit organization based in the Amazon jungle in Peru. Camino Verde works to preserve the rain forest by planting trees and demonstrating sustainable agricultural techniques to local farmers.\\nJeff has always been an active endurance athlete, running marathons and participating in cross country ski races, which he still does, snow and conditioning permitting. He\\u2019s been a member of the Concord Runners for 30 years, meeting every Saturday at 8 a.m. for a social run along the trails of Concord\\u2019s woods and fields.\\nJeff and his wife Elisabeth love to travel, especially to France. They also own a Volkswagen camper and spend summers traveling from Cape Breton to Key West.\", \"City State Zip\": \"Concord, MA, 01742\", \"Display name\": \"Jeffrey Greene\", \"Member Since\": \"Spring 2014\", \"Email\": \"jeffpgreene@gmail.com\"}", "Phone": "(978) 369-2777", "Last Name": "Greene", "Photo": "", "Address": "23 Southfield Cir.", "Current Status": "New", "First Name": "Jeffrey", "Bio Information": "Originally from Massachusetts, Jeff grew up in a military family and lived in five states before high school. He spent his high school and college years in South Carolina where he graduated Phi Beta Kappa from the University of South Carolina in international relations. After attending graduate school in political philosophy, he abandoned his dream of an academic career and began a career in publishing. He spent three years in Grand Rapids, MI as editor of a regional magazine before moving to Concord, MA with his wife Elisabeth Townsend, a writer. After working briefly as the managing editor of Daedalus, the journal of the American Academy of Arts and Sciences, he began work in the college division of Houghton Mifflin Company where he was an editor for history and political science, retiring in 2012 as director of development.\nHis work as an editor kindled a love of history that has been enhanced by living in Concord, inspiring his love of the American transcendentalists and nineteenth-century American intellectual history.\nHe is a founding member of the Concord Poetry Center, an organization that promotes the love of poetry, sponsoring readings and workshops. Jeff also writes poetry and has given a public reading at the Center. He is a very active member of First Parish in Concord, having served as a board member and is also on the board and treasurer of Camino Verde, a nonprofit organization based in the Amazon jungle in Peru. Camino Verde works to preserve the rain forest by planting trees and demonstrating sustainable agricultural techniques to local farmers.\nJeff has always been an active endurance athlete, running marathons and participating in cross country ski races, which he still does, snow and conditioning permitting. He\u2019s been a member of the Concord Runners for 30 years, meeting every Saturday at 8 a.m. for a social run along the trails of Concord\u2019s woods and fields.\nJeff and his wife Elisabeth love to travel, especially to France. They also own a Volkswagen camper and spend summers traveling from Cape Breton to Key West.", "City State Zip": "Concord, MA, 01742", "Display name": "Jeffrey Greene", "Member Since": "Spring 2014", "Email": "jeffpgreene@gmail.com"}
