{"SafeDict": "{\"Phone\": \"617-670-9134\", \"Last Name\": \"Schwartz\", \"Photo\": \"\", \"Address\": \"One Longfellow Place, #2918\", \"Current Status\": \"2004\", \"First Name\": \"Jeffrey\", \"Bio Information\": \"I was born and raised in Atlantic City, New Jersey. I did my undergraduate work in biology at the University of Pennsylvania and taught chemistry for five years. I then went to law school (J.D., Seton Hall;, L.L.M. (taxation), NYU) and was in private practice in northern New Jersey until 1999, when my wife (HILR member Joan Foster), whom I had met in law school, and I retired from our law practices and moved simultaneously to Boston and San Miguel de Allende, Mexico. We now spend about six months of the year in each of the two locations.\\n\\nI learned about HILR down in San Miguel from the late Larry Ward, who was down there vacationing (with his wife, HILR member Ann), and speaking on the history of jazz, a subject on which Larry had previously led courses at HILR.\\n\\nJoan and I joined HILR in 2004. I take the conversational Spanish course whenever I can, and also take courses usually in the areas of history, the law, economics and science. I enjoy travel, tennis, reading, and fooling around with the computer.\", \"City State Zip\": \"Boston, MA 02114\", \"Display name\": \"Jeffrey Schwartz\", \"Member Since\": \"2004\", \"Email\": \"jeff@jeffjoan.com\"}", "Phone": "617-670-9134", "Last Name": "Schwartz", "Photo": "", "Address": "One Longfellow Place, #2918", "Current Status": "2004", "First Name": "Jeffrey", "Bio Information": "I was born and raised in Atlantic City, New Jersey. I did my undergraduate work in biology at the University of Pennsylvania and taught chemistry for five years. I then went to law school (J.D., Seton Hall;, L.L.M. (taxation), NYU) and was in private practice in northern New Jersey until 1999, when my wife (HILR member Joan Foster), whom I had met in law school, and I retired from our law practices and moved simultaneously to Boston and San Miguel de Allende, Mexico. We now spend about six months of the year in each of the two locations.\n\nI learned about HILR down in San Miguel from the late Larry Ward, who was down there vacationing (with his wife, HILR member Ann), and speaking on the history of jazz, a subject on which Larry had previously led courses at HILR.\n\nJoan and I joined HILR in 2004. I take the conversational Spanish course whenever I can, and also take courses usually in the areas of history, the law, economics and science. I enjoy travel, tennis, reading, and fooling around with the computer.", "City State Zip": "Boston, MA 02114", "Display name": "Jeffrey Schwartz", "Member Since": "2004", "Email": "jeff@jeffjoan.com"}
