{"SafeDict": "{\"Phone\": \"\", \"Last Name\": \"Weininger\", \"Photo\": \"\", \"Address\": \"\", \"Current Status\": \"2006\", \"First Name\": \"Jennifer\", \"Bio Information\": \"2006\", \"City State Zip\": \"\", \"Display name\": \"Jennifer Weininger\", \"Member Since\": \"2006\", \"Email\": \"stevejw@wpi.edu\"}", "Phone": "", "Last Name": "Weininger", "Photo": "", "Address": "", "Current Status": "2006", "First Name": "Jennifer", "Bio Information": "2006", "City State Zip": "", "Display name": "Jennifer Weininger", "Member Since": "2006", "Email": "stevejw@wpi.edu"}
