{"SafeDict": "{\"Phone\": \"\", \"Last Name\": \"Huntington\", \"Photo\": \"\", \"Address\": \"\", \"Current Status\": \"Active Member\", \"First Name\": \"Jennifer\", \"Bio Information\": \"Jennifer Huntington grew up in India and England and her first teaching job after college was in Nigeria where she met her American husband (Sam, Harvard \\u201961). Social justice issues, education, history, traveling, outdoor recreation and gardening, as well as preserving outdoor spaces are her passions. Jennifer taught English at Brookline High School for ten years before getting a CAGS at Harvard Graduate School of Education in 1986. She then went into administration, becoming an assistant principal at Lexington HS, then headmaster of Watertown HS, and finally principal of Newton North HS. There were many challenges and wonderful stories!\\n\\nAfter 27 years in education, Jennifer retired in 2006 and has been enjoying time to travel. She has traveled to Easter Island and Chile, Vietnam, Italy and England plus visits to her son and his family in Alaska, and her daughter and her family in Brooklyn, NY. \\n\\nJennifer has served on several local/regional boards including:The Newton School Committee, The Northern Forest Center in NH, The Appalachian Mountain Club, Let's Get Ready, and the ALS-Therapy Development Institute. Retirement brings both challenges and opportunities, and she sees being a member of HILR community as a wonderful opportunity to meet new people and continue learning.\", \"City State Zip\": \"\", \"Display name\": \"Jennifer Huntington\", \"Member Since\": \"2008\", \"Email\": \"granx4@gmail.com\"}", "Phone": "", "Last Name": "Huntington", "Photo": "", "Address": "", "Current Status": "Active Member", "First Name": "Jennifer", "Bio Information": "Jennifer Huntington grew up in India and England and her first teaching job after college was in Nigeria where she met her American husband (Sam, Harvard \u201961). Social justice issues, education, history, traveling, outdoor recreation and gardening, as well as preserving outdoor spaces are her passions. Jennifer taught English at Brookline High School for ten years before getting a CAGS at Harvard Graduate School of Education in 1986. She then went into administration, becoming an assistant principal at Lexington HS, then headmaster of Watertown HS, and finally principal of Newton North HS. There were many challenges and wonderful stories!\n\nAfter 27 years in education, Jennifer retired in 2006 and has been enjoying time to travel. She has traveled to Easter Island and Chile, Vietnam, Italy and England plus visits to her son and his family in Alaska, and her daughter and her family in Brooklyn, NY. \n\nJennifer has served on several local/regional boards including:The Newton School Committee, The Northern Forest Center in NH, The Appalachian Mountain Club, Let's Get Ready, and the ALS-Therapy Development Institute. Retirement brings both challenges and opportunities, and she sees being a member of HILR community as a wonderful opportunity to meet new people and continue learning.", "City State Zip": "", "Display name": "Jennifer Huntington", "Member Since": "2008", "Email": "granx4@gmail.com"}
