{"SafeDict": "{\"Phone\": \"617-969-1385\", \"Last Name\": \"Kitay\", \"Photo\": \"\", \"Address\": \"120 Seminary Ave #206\", \"Current Status\": \"Active Member\", \"First Name\": \"Jessica\", \"Bio Information\": \"Jessica Kitay grew up in Brookline but has also lived in New York, Charlottesville, VA and Cambridge, England. She has studied and taught Ballet and Modern dance.\\n\\nShe has been active in many political campaigns. She worked in real estate management and sold Asian Art for the last 20 years.\", \"City State Zip\": \"Newton, 02466\", \"Display name\": \"Jessica Kitay\", \"Member Since\": \"1993\", \"Email\": \"jesskitay@gmail.com\"}", "Phone": "617-969-1385", "Last Name": "Kitay", "Photo": "", "Address": "120 Seminary Ave #206", "Current Status": "Active Member", "First Name": "Jessica", "Bio Information": "Jessica Kitay grew up in Brookline but has also lived in New York, Charlottesville, VA and Cambridge, England. She has studied and taught Ballet and Modern dance.\n\nShe has been active in many political campaigns. She worked in real estate management and sold Asian Art for the last 20 years.", "City State Zip": "Newton, 02466", "Display name": "Jessica Kitay", "Member Since": "1993", "Email": "jesskitay@gmail.com"}
