{"SafeDict": "{\"Phone\": \"617 244-7211\", \"Last Name\": \"Johns\", \"Photo\": \"\", \"Address\": \"88 Central St.\", \"Current Status\": \"Active Member\", \"First Name\": \"Jim\", \"Bio Information\": \"I grew up in a small town in Oklahoma where I spent most of my time playing baseball, basketball, football, and tennis. At Harvard College I majored in physics and mathematics and relished conversations around the dinner table. I studied modern European and American intellectual history in graduate school.\\n\\nI have been an educator in a variety of settings: developing social studies curriculum at the Educational Development Center in Cambridge, teaching American history at Norfolk and Walpole prisons and co-directing the Allston-Brighton Community School. I retired after thirty-one years at Newton South High School where I taught, at various times, chemistry, physics, history, environmental science, and psychology. I have been active in white water boating and mountaineering with the Appalachian Mountain Club.\\nAt HILR I have led courses in vision science, personal essays, evolutionary psychology, and violence in human nature. I have also been on the Technology Committee, acted as chair of the Curriculum Committee, and served on the Council.\\nI find HILR to be a wonderful place which engenders interactions comparable to the dinner table conversations I enjoyed so much as an undergraduate. I appreciate the warm connections we are able to form and the spirit of intellectual playfulness that pervades our organization.\\n \", \"City State Zip\": \"Auburndale, MA 02466\", \"Display name\": \"Jim Johns\", \"Member Since\": \"2007\", \"Email\": \"jjohns7@outlook.com\"}", "Phone": "617 244-7211", "Last Name": "Johns", "Photo": "", "Address": "88 Central St.", "Current Status": "Active Member", "First Name": "Jim", "Bio Information": "I grew up in a small town in Oklahoma where I spent most of my time playing baseball, basketball, football, and tennis. At Harvard College I majored in physics and mathematics and relished conversations around the dinner table. I studied modern European and American intellectual history in graduate school.\n\nI have been an educator in a variety of settings: developing social studies curriculum at the Educational Development Center in Cambridge, teaching American history at Norfolk and Walpole prisons and co-directing the Allston-Brighton Community School. I retired after thirty-one years at Newton South High School where I taught, at various times, chemistry, physics, history, environmental science, and psychology. I have been active in white water boating and mountaineering with the Appalachian Mountain Club.\nAt HILR I have led courses in vision science, personal essays, evolutionary psychology, and violence in human nature. I have also been on the Technology Committee, acted as chair of the Curriculum Committee, and served on the Council.\nI find HILR to be a wonderful place which engenders interactions comparable to the dinner table conversations I enjoyed so much as an undergraduate. I appreciate the warm connections we are able to form and the spirit of intellectual playfulness that pervades our organization.\n ", "City State Zip": "Auburndale, MA 02466", "Display name": "Jim Johns", "Member Since": "2007", "Email": "jjohns7@outlook.com"}
