{"SafeDict": "{\"Phone\": \"(617) 448-2408\", \"Last Name\": \"Lindsley\", \"Photo\": \"\", \"Address\": \"20 Fairhope Rd.\", \"Current Status\": \"2012\", \"First Name\": \"Jim\", \"Bio Information\": \"Jim grew up mostly in Northern Florida with a delightful three-year interlude in Oregon. An early goal was escaping Florida for the cultured, intellectual life in the Northeast as a physics major at MIT. But such aridities as Newtonian Mechanics held little allure, so he left to hitchhike and motorcycle around Europe and North Africa. Jim then re-settled at Columbia University to study Cultural Anthropology, exploring lives in other cultures, enhanced by the consciousness-expanding psychedelics of Tim Leary\\u2019s group, leading to interests in Hinduism and Buddhism. In graduate school at NYU in psychology, Jim tried to circumvent a behaviorist curriculum by associating with the emerging Cognitive Revolution. Weekends and summers were devoted to mountaineering out West; rock-climbing at the Shawangucks.\\nDisillusionment with the academic world of psychology led him to clinical psychology in Metropolitan Boston, where he enjoyed family life and got involved in road running. Asian and European travel and cross-cultural research on the Japanese met the need for knowing the experience of other cultures. As his two children became independent, Jim flirted with love and teaching cognitive psychotherapy in Finland, before settling on teaching and supervising psychotherapy in the Boston area at The Cambridge Hospital, the Bedford VA, and the Simmons School of Social Work. Evolutionary Psychology became an interest, addressing the appreciation that there is a human nature easily. Trekking variously on Ellesmere Island, Alaska, Greenland, Patagonia, Bhutan and climbing in Bolivia met the needs for mountaineering.\\nOf late Jim\\u2019s been working on a book on Wisdom for the Hard Cases of Everyday life, a topic he teaches at the Senior College at the University of Maine-Augusta. Jim also is studying German, relativity/quantum mechanics, astronomy, and anything else friends and book group come up with. Travel, outdoor activities, and Boston\\u2019s intellectual and cultural venues fill in the interstices. Jim is really looking forward to extending this pleasing life with intellectual and social adventures that await at HILR.\", \"City State Zip\": \"Weston, MA 02493\", \"Display name\": \"Jim Lindsley\", \"Member Since\": \"2012\", \"Email\": \"lindsleyjr@gmail.com\"}", "Phone": "(617) 448-2408", "Last Name": "Lindsley", "Photo": "", "Address": "20 Fairhope Rd.", "Current Status": "2012", "First Name": "Jim", "Bio Information": "Jim grew up mostly in Northern Florida with a delightful three-year interlude in Oregon. An early goal was escaping Florida for the cultured, intellectual life in the Northeast as a physics major at MIT. But such aridities as Newtonian Mechanics held little allure, so he left to hitchhike and motorcycle around Europe and North Africa. Jim then re-settled at Columbia University to study Cultural Anthropology, exploring lives in other cultures, enhanced by the consciousness-expanding psychedelics of Tim Leary\u2019s group, leading to interests in Hinduism and Buddhism. In graduate school at NYU in psychology, Jim tried to circumvent a behaviorist curriculum by associating with the emerging Cognitive Revolution. Weekends and summers were devoted to mountaineering out West; rock-climbing at the Shawangucks.\nDisillusionment with the academic world of psychology led him to clinical psychology in Metropolitan Boston, where he enjoyed family life and got involved in road running. Asian and European travel and cross-cultural research on the Japanese met the need for knowing the experience of other cultures. As his two children became independent, Jim flirted with love and teaching cognitive psychotherapy in Finland, before settling on teaching and supervising psychotherapy in the Boston area at The Cambridge Hospital, the Bedford VA, and the Simmons School of Social Work. Evolutionary Psychology became an interest, addressing the appreciation that there is a human nature easily. Trekking variously on Ellesmere Island, Alaska, Greenland, Patagonia, Bhutan and climbing in Bolivia met the needs for mountaineering.\nOf late Jim\u2019s been working on a book on Wisdom for the Hard Cases of Everyday life, a topic he teaches at the Senior College at the University of Maine-Augusta. Jim also is studying German, relativity/quantum mechanics, astronomy, and anything else friends and book group come up with. Travel, outdoor activities, and Boston\u2019s intellectual and cultural venues fill in the interstices. Jim is really looking forward to extending this pleasing life with intellectual and social adventures that await at HILR.", "City State Zip": "Weston, MA 02493", "Display name": "Jim Lindsley", "Member Since": "2012", "Email": "lindsleyjr@gmail.com"}
