{"SafeDict": "{\"Phone\": \"(617) 491-1151\", \"Last Name\": \"Citron\", \"Photo\": \"\", \"Address\": \"33 Washington Ave.\", \"Current Status\": \"New\", \"First Name\": \"Jo Ann\", \"Bio Information\": \"Jo Ann Citron grew up in western Pennsylvania mill towns, went to college in Poughkeepsie, came to Boston for graduate school, and stayed \\u2013 in Boston, that is, not in graduate school (though the road to the degree was long, lined as it was with compelling distractions). It was while teaching at Bates that she wondered what it meant that almost nothing she read each morning in The New York Times had anything to do with how she spent the rest of her day. It was also during this restless period that she realized that as a specialist in Victorian literature, she almost never read living authors. When a colleague noted that \\u201cwhen Jo Ann says \\u2018the \\u201860s\\u2019 she is referring to the 1860s,\\u201d Citron decided it was time to make a change.\\nTrading texts for torts, she went to law school, passed a couple bar exams, and began reading living authors. Fortune smiled and she found a dream job with a small civil rights firm that concentrated in police misconduct litigation. (Jo Ann spent a fair amount of time behind the wheel during those years hoping that if she got pulled over it wouldn\\u2019t be by one of the cops she was suing.) After she\\u2019d practiced law for about a decade, Jo Ann found the academic life calling to her again, more sweetly this time for having nothing to do with tenure. Her work for the Women\\u2019s Review of Books helped to win her a spot as Visiting Research Scholar at the Center for Research on Women at Wellesley College, and following the expiration of her term there, she was offered a part-time position in the Women\\u2019s Studies Department at  the College where for several years she taught a course on the law, the family, and the state.\\nBefore her swerve into law, Citron had been interested in how Jane Austen became Anthony Trollope. These days she\\u2019d be litigating that as a sexual reassignment case, but back then she was interested in how courtship gave way to marriage as a fit subject for the Victorian novel, and in how contemporary law reform made its way into narratives about family. Suddenly she was teaching the law and public policy of family formation and dissolution. And that was when she had her \\u201caha!\\u201d moment and became a family law attorney. Citron Law united legal practice with the intellectual work that the recovering academic had long mourned the loss of (if deconstruction had taught her anything at all, it was how to make \\u201cdivorce\\u201d mean \\u201cmarriage\\u201d).\\nEventually, the stress of high-conflict custody litigation took its toll and she decided that it was time to retire.  She now divides her time between Cambridge and Truro, riding her bike, reading authors (alive and dead) and getting sucked into the Nordic noir craze.\", \"City State Zip\": \"Cambridge, MA. 02140\", \"Display name\": \"Jo Ann Citron\", \"Member Since\": \"Spring 2014\", \"Email\": \"jacitron@comcast.net\"}", "Phone": "(617) 491-1151", "Last Name": "Citron", "Photo": "", "Address": "33 Washington Ave.", "Current Status": "New", "First Name": "Jo Ann", "Bio Information": "Jo Ann Citron grew up in western Pennsylvania mill towns, went to college in Poughkeepsie, came to Boston for graduate school, and stayed \u2013 in Boston, that is, not in graduate school (though the road to the degree was long, lined as it was with compelling distractions). It was while teaching at Bates that she wondered what it meant that almost nothing she read each morning in The New York Times had anything to do with how she spent the rest of her day. It was also during this restless period that she realized that as a specialist in Victorian literature, she almost never read living authors. When a colleague noted that \u201cwhen Jo Ann says \u2018the \u201860s\u2019 she is referring to the 1860s,\u201d Citron decided it was time to make a change.\nTrading texts for torts, she went to law school, passed a couple bar exams, and began reading living authors. Fortune smiled and she found a dream job with a small civil rights firm that concentrated in police misconduct litigation. (Jo Ann spent a fair amount of time behind the wheel during those years hoping that if she got pulled over it wouldn\u2019t be by one of the cops she was suing.) After she\u2019d practiced law for about a decade, Jo Ann found the academic life calling to her again, more sweetly this time for having nothing to do with tenure. Her work for the Women\u2019s Review of Books helped to win her a spot as Visiting Research Scholar at the Center for Research on Women at Wellesley College, and following the expiration of her term there, she was offered a part-time position in the Women\u2019s Studies Department at  the College where for several years she taught a course on the law, the family, and the state.\nBefore her swerve into law, Citron had been interested in how Jane Austen became Anthony Trollope. These days she\u2019d be litigating that as a sexual reassignment case, but back then she was interested in how courtship gave way to marriage as a fit subject for the Victorian novel, and in how contemporary law reform made its way into narratives about family. Suddenly she was teaching the law and public policy of family formation and dissolution. And that was when she had her \u201caha!\u201d moment and became a family law attorney. Citron Law united legal practice with the intellectual work that the recovering academic had long mourned the loss of (if deconstruction had taught her anything at all, it was how to make \u201cdivorce\u201d mean \u201cmarriage\u201d).\nEventually, the stress of high-conflict custody litigation took its toll and she decided that it was time to retire.  She now divides her time between Cambridge and Truro, riding her bike, reading authors (alive and dead) and getting sucked into the Nordic noir craze.", "City State Zip": "Cambridge, MA. 02140", "Display name": "Jo Ann Citron", "Member Since": "Spring 2014", "Email": "jacitron@comcast.net"}
