{"SafeDict": "{\"Phone\": \"978-369-3889\", \"Last Name\": \"Campbell\", \"Photo\": \"\", \"Address\": \"254 Fairhaven Road\", \"Current Status\": \"Concord, MA 01742-4405\", \"First Name\": \"Joan\", \"Bio Information\": \"In the sixth grade, Joan won a poetry contest, convincing her that she was destined for a literary career. Her talent proved otherwise, but her love of literature has remained an integral part of her life\\u2014as a comparative literature major in college and as the founding member of a Concord book club that has met once a month for 23 years. Until January, Joan managed a successful employment consulting firm, which she founded 30 years ago. Her business helped her keep a pulse on New England\\u2019s expanding industries and develop close relationships with her clients within those sectors. But the time of juggling her company\\u2019s activities and the busy lives of her three children is now over, and at last she is excited to have more time to spend on her other interests.\\n\\nShe is a competitive sculler and hiker. Last year she trekked 512 miles across France and Spain to complete the historic Camino de Santiago. She is the cochairman of the Board of Conseillers of the French Library and serves on the Personnel Board for the town of Concord.\", \"City State Zip\": \"Concord, MA 01742-4405\", \"Display name\": \"Joan Campbell\", \"Member Since\": \"Concord, MA 01742-4405\", \"Email\": \"jvh1000@yahoo.com\"}", "Phone": "978-369-3889", "Last Name": "Campbell", "Photo": "", "Address": "254 Fairhaven Road", "Current Status": "Concord, MA 01742-4405", "First Name": "Joan", "Bio Information": "In the sixth grade, Joan won a poetry contest, convincing her that she was destined for a literary career. Her talent proved otherwise, but her love of literature has remained an integral part of her life\u2014as a comparative literature major in college and as the founding member of a Concord book club that has met once a month for 23 years. Until January, Joan managed a successful employment consulting firm, which she founded 30 years ago. Her business helped her keep a pulse on New England\u2019s expanding industries and develop close relationships with her clients within those sectors. But the time of juggling her company\u2019s activities and the busy lives of her three children is now over, and at last she is excited to have more time to spend on her other interests.\n\nShe is a competitive sculler and hiker. Last year she trekked 512 miles across France and Spain to complete the historic Camino de Santiago. She is the cochairman of the Board of Conseillers of the French Library and serves on the Personnel Board for the town of Concord.", "City State Zip": "Concord, MA 01742-4405", "Display name": "Joan Campbell", "Member Since": "Concord, MA 01742-4405", "Email": "jvh1000@yahoo.com"}
