{"SafeDict": "{\"Phone\": \"617-225-7988\", \"Last Name\": \"McGowan\", \"Photo\": \"\", \"Address\": \"4 Canal Park Apt 612\", \"Current Status\": \"2005\", \"First Name\": \"Joan\", \"Bio Information\": \"I am a graduate of the former Girls Latin School in Boston, Emmanuel College (BA in Mathematics), MA (University of Vermont) and University of Massachusetts (EdD in learning theory in mathematics). I have lived my entire life in the Boston Cambridge area and love the opportunites for hearing music, attending art events, and learning. I retired from Salem State College where I was Dean of Planning and Information and coordinated all of the inner workings of the 10,000 student college. I learned more about technology than I wanted to know but enjoy it more now since it is not my job.\\n\\nI love to travel especially England, Ireland, and Hawaii. I love to read serious books in the morning and detective stories in the pm. I enjoy painting portraits and landscapse in oils.\", \"City State Zip\": \"Cambridge, MA 02141\", \"Display name\": \"Joan McGowan\", \"Member Since\": \"2005\", \"Email\": \"jm4mcgowan@comcast.net\"}", "Phone": "617-225-7988", "Last Name": "McGowan", "Photo": "", "Address": "4 Canal Park Apt 612", "Current Status": "2005", "First Name": "Joan", "Bio Information": "I am a graduate of the former Girls Latin School in Boston, Emmanuel College (BA in Mathematics), MA (University of Vermont) and University of Massachusetts (EdD in learning theory in mathematics). I have lived my entire life in the Boston Cambridge area and love the opportunites for hearing music, attending art events, and learning. I retired from Salem State College where I was Dean of Planning and Information and coordinated all of the inner workings of the 10,000 student college. I learned more about technology than I wanted to know but enjoy it more now since it is not my job.\n\nI love to travel especially England, Ireland, and Hawaii. I love to read serious books in the morning and detective stories in the pm. I enjoy painting portraits and landscapse in oils.", "City State Zip": "Cambridge, MA 02141", "Display name": "Joan McGowan", "Member Since": "2005", "Email": "jm4mcgowan@comcast.net"}
