{"SafeDict": "{\"Phone\": \"617-232-4964\", \"Last Name\": \"Breuer\", \"Photo\": \"\", \"Address\": \"1501 Beacon St., #804\", \"Current Status\": \"2005\", \"First Name\": \"Joann\", \"Bio Information\": \"A graduate of Wellesley College and the Harvard Graduate School of Education, Joann Green Breuer was the co-founder and artistic director of the Cambridge Ensemble, a theatre company in this town. There, during the 1970s, she directed plays from classic and contemporary repertoire, and adapted novels, short stories, and folk tales for the theatre. All of her plays won awards, as did Joann.\\n\\nShe taught acting and was the faculty advisor to the student Experimental Theatre at Harvard in the early 80s, has directed deaf and hearing actors in English-American Sign Language productions, and has also staged plays and chamber operas across this country, Canada, and the United Kingdom.\\n\\nJoann is the author of the Small Theatre Handbook. She is presently Artistic Associate of the Vineyard Playhouse on Martha's Vineyard.\", \"City State Zip\": \"Brookline, MA 02446\", \"Display name\": \"Joann Breuer\", \"Member Since\": \"2005\", \"Email\": \"jgbreuer@gmail.com\"}", "Phone": "617-232-4964", "Last Name": "Breuer", "Photo": "", "Address": "1501 Beacon St., #804", "Current Status": "2005", "First Name": "Joann", "Bio Information": "A graduate of Wellesley College and the Harvard Graduate School of Education, Joann Green Breuer was the co-founder and artistic director of the Cambridge Ensemble, a theatre company in this town. There, during the 1970s, she directed plays from classic and contemporary repertoire, and adapted novels, short stories, and folk tales for the theatre. All of her plays won awards, as did Joann.\n\nShe taught acting and was the faculty advisor to the student Experimental Theatre at Harvard in the early 80s, has directed deaf and hearing actors in English-American Sign Language productions, and has also staged plays and chamber operas across this country, Canada, and the United Kingdom.\n\nJoann is the author of the Small Theatre Handbook. She is presently Artistic Associate of the Vineyard Playhouse on Martha's Vineyard.", "City State Zip": "Brookline, MA 02446", "Display name": "Joann Breuer", "Member Since": "2005", "Email": "jgbreuer@gmail.com"}
