{"SafeDict": "{\"Phone\": \"781-749-1657\", \"Last Name\": \"Bledsoe\", \"Photo\": \"\", \"Address\": \"232 Leavitt Street\", \"Current Status\": \"Active Member\", \"First Name\": \"Joan\", \"Bio Information\": \"Joan was born and educated on Long Island, but spent her summers in Tennessee, the origin of her transp1anted Southern parents. She attended Bennington and Connecticut Colleges, and is definitelya Northerner, having lived ever since in New York, Connecticut, and Massachusetts. In her hometown of Hingham, she joined the League of Women Voters and was elected to its planning board in 1975. After several years on the board, and as president of the statewide organization of planning boards and zoning boards of appeal, she embarked on a mid-career program in public policy at the Kennedy School of Government; Michael Dukakis was her advisor. She then worked as a legislative aide to state Senator Paul Harold, becoming involved in his legislation and his interests in the budget and often representing him at meetings. She then took a position as planning administrator for the Town of Hingham because the new job enabled her to spend time with her husband when he was seriously ill.\\n\\nJoan has traveled widely in Europe and the US, twice driving cross-country. Each spring she returns from a winter vacation on the Gulf Coast through the back roads, small towns, and historical sites of different Southern states.\\n\\nWhen in residence in Hingham she attends the Boston Ballet, the Symphony, the opera, and the theater. She serves on AARP's State Legislative Committee and is a volunteer lobbyist at the State House, with a major interest in electrical deregulation. Having downsized to a smaller house, she suspects that renovating it may become her life's work.\", \"City State Zip\": \"Hingham MA 02043-2925\", \"Display name\": \"Joan Bledsoe\", \"Member Since\": \"2001\", \"Email\": \"joanbledsoe@verizon.net\"}", "Phone": "781-749-1657", "Last Name": "Bledsoe", "Photo": "", "Address": "232 Leavitt Street", "Current Status": "Active Member", "First Name": "Joan", "Bio Information": "Joan was born and educated on Long Island, but spent her summers in Tennessee, the origin of her transp1anted Southern parents. She attended Bennington and Connecticut Colleges, and is definitelya Northerner, having lived ever since in New York, Connecticut, and Massachusetts. In her hometown of Hingham, she joined the League of Women Voters and was elected to its planning board in 1975. After several years on the board, and as president of the statewide organization of planning boards and zoning boards of appeal, she embarked on a mid-career program in public policy at the Kennedy School of Government; Michael Dukakis was her advisor. She then worked as a legislative aide to state Senator Paul Harold, becoming involved in his legislation and his interests in the budget and often representing him at meetings. She then took a position as planning administrator for the Town of Hingham because the new job enabled her to spend time with her husband when he was seriously ill.\n\nJoan has traveled widely in Europe and the US, twice driving cross-country. Each spring she returns from a winter vacation on the Gulf Coast through the back roads, small towns, and historical sites of different Southern states.\n\nWhen in residence in Hingham she attends the Boston Ballet, the Symphony, the opera, and the theater. She serves on AARP's State Legislative Committee and is a volunteer lobbyist at the State House, with a major interest in electrical deregulation. Having downsized to a smaller house, she suspects that renovating it may become her life's work.", "City State Zip": "Hingham MA 02043-2925", "Display name": "Joan Bledsoe", "Member Since": "2001", "Email": "joanbledsoe@verizon.net"}
