{"SafeDict": "{\"Phone\": \"(617) 945-1174\", \"Last Name\": \"Carlisle\", \"Photo\": \"\", \"Address\": \"39 Ellery St #3\", \"Current Status\": \"New Member\", \"First Name\": \"Joanne\", \"Bio Information\": \"Joanne F. Carlisle has recently retired, currently Professor Emerita in the School of Education, University of Michigan. Her BA degree in English from Vassar College and love of reading led her to a life-long interest in language and literacy. A particular focus of her work has been children for whom learning to read and write presents unusual challenges. Her interest in teaching and learning contributed to research focused on characteristics of effective instruction in reading, assessment of teachers\\u2019 knowledge about reading, children\\u2019s language development, and web-based opportunities for teachers to study reading instruction. She has served (and continues to serve) as a consultant for organizations working on issues of early literacy and language development. \\nJoanne and her husband (C. Addison Stone) moved to Cambridge in 2012 to be near their sons and their families and reasonably near their second home in the northwest corner of Connecticut. While she continues her professional work as researcher and consultant, she also volunteers at Boston Children\\u2019s Hospital. Other interests include  hiking (with camera and two Westies), amateur birding, cooking, gardening, and children and grandchildren. \", \"City State Zip\": \"Cambridge, MA 02138\", \"Display name\": \"Joanne Carlisle\", \"Member Since\": \"Spring 2015\", \"Email\": \"jfcarl@umich.edu\"}", "Phone": "(617) 945-1174", "Last Name": "Carlisle", "Photo": "", "Address": "39 Ellery St #3", "Current Status": "New Member", "First Name": "Joanne", "Bio Information": "Joanne F. Carlisle has recently retired, currently Professor Emerita in the School of Education, University of Michigan. Her BA degree in English from Vassar College and love of reading led her to a life-long interest in language and literacy. A particular focus of her work has been children for whom learning to read and write presents unusual challenges. Her interest in teaching and learning contributed to research focused on characteristics of effective instruction in reading, assessment of teachers\u2019 knowledge about reading, children\u2019s language development, and web-based opportunities for teachers to study reading instruction. She has served (and continues to serve) as a consultant for organizations working on issues of early literacy and language development. \nJoanne and her husband (C. Addison Stone) moved to Cambridge in 2012 to be near their sons and their families and reasonably near their second home in the northwest corner of Connecticut. While she continues her professional work as researcher and consultant, she also volunteers at Boston Children\u2019s Hospital. Other interests include  hiking (with camera and two Westies), amateur birding, cooking, gardening, and children and grandchildren. ", "City State Zip": "Cambridge, MA 02138", "Display name": "Joanne Carlisle", "Member Since": "Spring 2015", "Email": "jfcarl@umich.edu"}
