{"SafeDict": "{\"Phone\": \"\", \"Last Name\": \"Honig\", \"Photo\": \"\", \"Address\": \"\", \"Current Status\": \"\", \"First Name\": \"Joan\", \"Bio Information\": \"\", \"City State Zip\": \"\", \"Display name\": \"Joan Honig\", \"Member Since\": \"\", \"Email\": \"jbhonig@rcn.com\"}", "Phone": "", "Last Name": "Honig", "Photo": "", "Address": "", "Current Status": "", "First Name": "Joan", "Bio Information": "", "City State Zip": "", "Display name": "Joan Honig", "Member Since": "", "Email": "jbhonig@rcn.com"}
