{"SafeDict": "{\"Phone\": \"\", \"Last Name\": \"Maynard\", \"Photo\": \"\", \"Address\": \"\", \"Current Status\": \"1995\", \"First Name\": \"Joanne\", \"Bio Information\": \"Joanne Maynard, mother of eight, retired from elementary and junior high computer teaching in the Revere school system. She holds two masters in education degrees and has been a very happy member of HILR since 1995.\\n\\nHer interests include computers, puzzles (all types), reading, travel, and music (for dancing and/or listening).\", \"City State Zip\": \"\", \"Display name\": \"Joanne Maynard\", \"Member Since\": \"1995\", \"Email\": \"joannemaynard@rcn.com\"}", "Phone": "", "Last Name": "Maynard", "Photo": "", "Address": "", "Current Status": "1995", "First Name": "Joanne", "Bio Information": "Joanne Maynard, mother of eight, retired from elementary and junior high computer teaching in the Revere school system. She holds two masters in education degrees and has been a very happy member of HILR since 1995.\n\nHer interests include computers, puzzles (all types), reading, travel, and music (for dancing and/or listening).", "City State Zip": "", "Display name": "Joanne Maynard", "Member Since": "1995", "Email": "joannemaynard@rcn.com"}
