{"SafeDict": "{\"Phone\": \"617-670-9134\", \"Last Name\": \"Foster\", \"Photo\": \"\", \"Address\": \"1 Longfellow Pl. Apt. 2918\", \"Current Status\": \"Boston MA 02114\", \"First Name\": \"Joan\", \"Bio Information\": \"Husband Jeff Schwartz and I retired from our respective New Jersey law firms in 1999 and moved simultaneously to Boston and San Miguel de Allende Mexico. We split our time between the two places -- winters and six weeks of the summer (the chamber music festival) in Mexico, and the rest of the time in Boston. We learned of HILR from Ann & Larry Ward in a chance encounter at the MFA and joined HILR in 2003.\\n\\nAfter taking great courses on various subjects (The New Yorker, global economics, contemporary history, Whistler, great drawers of history) I find myself taking literature courses (Proust led by Barbara Carlson, Reading with a Crafty Eye led by Steve and Peg Senturia) and catching up on a lifetime of neglect of reading great books. These and Joe Sabbath's Spanish class keep me busy.\\n\\nBoth in Mexico and Boston, Jeff and I play tennis, participate in short story groups, and go to music and theatrical performances. We travel -- in 2007 to Ecuador (the Galapagos) and Peru (Lima, Sacred Valley of the Incas, Maccu Piccu) and in 2005 to Spain (Barcelona, Madrid, Seville). I also draw and paint in watercolor and oil and take classes and go to workshops to indulge this passion. We're both bridge players as well.\", \"City State Zip\": \"Boston MA 02114\", \"Display name\": \"Joan Foster\", \"Member Since\": \"Boston MA 02114\", \"Email\": \"joan@jeffjoan.com\"}", "Phone": "617-670-9134", "Last Name": "Foster", "Photo": "", "Address": "1 Longfellow Pl. Apt. 2918", "Current Status": "Boston MA 02114", "First Name": "Joan", "Bio Information": "Husband Jeff Schwartz and I retired from our respective New Jersey law firms in 1999 and moved simultaneously to Boston and San Miguel de Allende Mexico. We split our time between the two places -- winters and six weeks of the summer (the chamber music festival) in Mexico, and the rest of the time in Boston. We learned of HILR from Ann & Larry Ward in a chance encounter at the MFA and joined HILR in 2003.\n\nAfter taking great courses on various subjects (The New Yorker, global economics, contemporary history, Whistler, great drawers of history) I find myself taking literature courses (Proust led by Barbara Carlson, Reading with a Crafty Eye led by Steve and Peg Senturia) and catching up on a lifetime of neglect of reading great books. These and Joe Sabbath's Spanish class keep me busy.\n\nBoth in Mexico and Boston, Jeff and I play tennis, participate in short story groups, and go to music and theatrical performances. We travel -- in 2007 to Ecuador (the Galapagos) and Peru (Lima, Sacred Valley of the Incas, Maccu Piccu) and in 2005 to Spain (Barcelona, Madrid, Seville). I also draw and paint in watercolor and oil and take classes and go to workshops to indulge this passion. We're both bridge players as well.", "City State Zip": "Boston MA 02114", "Display name": "Joan Foster", "Member Since": "Boston MA 02114", "Email": "joan@jeffjoan.com"}
