{"SafeDict": "{\"Phone\": \"(617) 969-1620\", \"Last Name\": \"Chafets\", \"Photo\": \"\", \"Address\": \"15 Tennyson Rd\", \"Current Status\": \"New\", \"First Name\": \"Joe\", \"Bio Information\": \"Joe Chafets graduated from the University of Michigan with a B.A. in history. During the next few years\\u2019 employment he pursued a career in the music businessas a songwriter, established membership in the Songwriters\\u2019 Guild, and accumulated numerous copyrights. He taught songwriting for several years and co-authored a two act musical comedy.\\nJoe established a printing business in Norwood, MA, which he operated for a period of 26 years, retiring last November. Joe has been enthusiastically married to Linda for 40 years, co-authoring two terrific children, and is the recent beneficiary of grandfather status.\\nHe reads steadily and eclectically, participating in three book groups, with substantial concentration in history and literature.\", \"City State Zip\": \"Newton, MA, 02465\", \"Display name\": \"Joe Chafets\", \"Member Since\": \"Fall 2014\", \"Email\": \"joe.chafets@gmail.com\"}", "Phone": "(617) 969-1620", "Last Name": "Chafets", "Photo": "", "Address": "15 Tennyson Rd", "Current Status": "New", "First Name": "Joe", "Bio Information": "Joe Chafets graduated from the University of Michigan with a B.A. in history. During the next few years\u2019 employment he pursued a career in the music businessas a songwriter, established membership in the Songwriters\u2019 Guild, and accumulated numerous copyrights. He taught songwriting for several years and co-authored a two act musical comedy.\nJoe established a printing business in Norwood, MA, which he operated for a period of 26 years, retiring last November. Joe has been enthusiastically married to Linda for 40 years, co-authoring two terrific children, and is the recent beneficiary of grandfather status.\nHe reads steadily and eclectically, participating in three book groups, with substantial concentration in history and literature.", "City State Zip": "Newton, MA, 02465", "Display name": "Joe Chafets", "Member Since": "Fall 2014", "Email": "joe.chafets@gmail.com"}
