{"SafeDict": "{\"Phone\": \"617-497-0902\", \"Last Name\": \"Glenmullen\", \"Photo\": \"\", \"Address\": \"1770 Mass Ave, No 263\", \"Current Status\": \"Cambridge, MA 02140\", \"First Name\": \"Joe\", \"Bio Information\": \"I grew up in Providence Rhode Island and went to college at Brown University. I took a number of years off between college and medical school, travelling extensively and working as a journalist. When I finally settled down, I went to Harvard Medical School and did my post-graduate training in psychiatry at Cambridge Hospital.\\nSince medical school, I\\u2019ve had a private practice in Harvard Square, taught psychiatry at the Harvard Medical School/Cambridge Hospital, and written four books on psychiatry and medicine. Until I retired from the position two years ago, I was also a staff psychiatrist at the Harvard University Health Services for twenty years, working with students, staff, and faculty.\\nI have three grown children; the youngest still in college, while the other two are launched on interesting lives, careers, and relationships. I live in Cambridge and have a house on the Cape in Wellfleet as well. I\\u2019m enjoying having more time to read and to go to classical music concerts, the theater, and the beach. Last year, I began taking courses in the Harvard Extension, which inspired me to join HILR!\", \"City State Zip\": \"Cambridge, MA 02140\", \"Display name\": \"Joe Glenmullen\", \"Member Since\": \"Cambridge, MA 02140\", \"Email\": \"joeglenmullen@gmail.com\"}", "Phone": "617-497-0902", "Last Name": "Glenmullen", "Photo": "", "Address": "1770 Mass Ave, No 263", "Current Status": "Cambridge, MA 02140", "First Name": "Joe", "Bio Information": "I grew up in Providence Rhode Island and went to college at Brown University. I took a number of years off between college and medical school, travelling extensively and working as a journalist. When I finally settled down, I went to Harvard Medical School and did my post-graduate training in psychiatry at Cambridge Hospital.\nSince medical school, I\u2019ve had a private practice in Harvard Square, taught psychiatry at the Harvard Medical School/Cambridge Hospital, and written four books on psychiatry and medicine. Until I retired from the position two years ago, I was also a staff psychiatrist at the Harvard University Health Services for twenty years, working with students, staff, and faculty.\nI have three grown children; the youngest still in college, while the other two are launched on interesting lives, careers, and relationships. I live in Cambridge and have a house on the Cape in Wellfleet as well. I\u2019m enjoying having more time to read and to go to classical music concerts, the theater, and the beach. Last year, I began taking courses in the Harvard Extension, which inspired me to join HILR!", "City State Zip": "Cambridge, MA 02140", "Display name": "Joe Glenmullen", "Member Since": "Cambridge, MA 02140", "Email": "joeglenmullen@gmail.com"}
