{"SafeDict": "{\"Phone\": \"\", \"Last Name\": \"Edelstein\", \"Photo\": \"\", \"Address\": \"\", \"Current Status\": \"\", \"First Name\": \"Joel\", \"Bio Information\": \"Joel Edelstein was schooled in New York (CCNY and Brooklyn Polytechnic Institute) but left with his bride to become a New Englander, practicing engineering and polymer chemistry, Overdosed on technology, he and his wife used leisure time for travel, sports, and the liberal arts which seemed to have escaped him at school. Discussing books with friends, enjoying the cornucopia of good music and museums in and around Boston were answers to filling that void.\\n\\nAnd now, fortuitously, with time to enjoy these fruits, HILR, an arena for study with a group of curious and congenial people, appears upon the scene, He is looking forward to participating in its many activities,\", \"City State Zip\": \"\", \"Display name\": \"Joel Edelstein\", \"Member Since\": \"\", \"Email\": \"joelj2000@comcast.net\"}", "Phone": "", "Last Name": "Edelstein", "Photo": "", "Address": "", "Current Status": "", "First Name": "Joel", "Bio Information": "Joel Edelstein was schooled in New York (CCNY and Brooklyn Polytechnic Institute) but left with his bride to become a New Englander, practicing engineering and polymer chemistry, Overdosed on technology, he and his wife used leisure time for travel, sports, and the liberal arts which seemed to have escaped him at school. Discussing books with friends, enjoying the cornucopia of good music and museums in and around Boston were answers to filling that void.\n\nAnd now, fortuitously, with time to enjoy these fruits, HILR, an arena for study with a group of curious and congenial people, appears upon the scene, He is looking forward to participating in its many activities,", "City State Zip": "", "Display name": "Joel Edelstein", "Member Since": "", "Email": "joelj2000@comcast.net"}
