{"SafeDict": "{\"Phone\": \"\", \"Last Name\": \"Berman\", \"Photo\": \"\", \"Address\": \"\", \"Current Status\": \"Active Member\", \"First Name\": \"Joel\", \"Bio Information\": \"Joel Berman is a retired gynecologist living in Southborough. He grew up in suburban Boston and got both his undergraduate and graduate degrees at Tufts, spent 3 years in the Air Force Medical Corps, and did his specialty training at Yale. He has taken several courses at the Harvard Extension School, such as archeology and linguistics, subjects he never found time for in college.\\n\\nHe and his wife, Carole, have traveled extensively and have enjoyed the stimulation of exotic locales and the camaraderie of others with similar tastes. These adventures have meshed nicely with his interests in languages and philately. A dedicated \\\"puzzler,\\\" he began creating crossword puzzles for a local newspaper about 25 years ago and has been published nationally in several major outlets, including the New York Times. In anticipation of retirement he began learning to fly and is now a licensed pilot.\", \"City State Zip\": \"\", \"Display name\": \"Joel Berman\", \"Member Since\": \"1998\", \"Email\": \"jberman6361@gmail.com\"}", "Phone": "", "Last Name": "Berman", "Photo": "", "Address": "", "Current Status": "Active Member", "First Name": "Joel", "Bio Information": "Joel Berman is a retired gynecologist living in Southborough. He grew up in suburban Boston and got both his undergraduate and graduate degrees at Tufts, spent 3 years in the Air Force Medical Corps, and did his specialty training at Yale. He has taken several courses at the Harvard Extension School, such as archeology and linguistics, subjects he never found time for in college.\n\nHe and his wife, Carole, have traveled extensively and have enjoyed the stimulation of exotic locales and the camaraderie of others with similar tastes. These adventures have meshed nicely with his interests in languages and philately. A dedicated \"puzzler,\" he began creating crossword puzzles for a local newspaper about 25 years ago and has been published nationally in several major outlets, including the New York Times. In anticipation of retirement he began learning to fly and is now a licensed pilot.", "City State Zip": "", "Display name": "Joel Berman", "Member Since": "1998", "Email": "jberman6361@gmail.com"}
