{"SafeDict": "{\"Phone\": \"(617) 491-8369\", \"Last Name\": \"Hopkins\", \"Photo\": \"\", \"Address\": \"30 Winslow St.\", \"Current Status\": \"Active Member\", \"First Name\": \"John\", \"Bio Information\": \"John has lived in within a mile of Harvard Square since 1958 when he arrived fresh from Amherst College to begin graduate work in Applied Physics at Harvard. After (finally!) obtaining his PhD he joined the newly-created NASA Electronics Center near Kendall Square, only to have it closed a few years later in 1970. Fortunately, he was among those staff members asked to stay on when that facility was transferred to the recently-formed US Department of Transportation and eventually named Volpe National Transportation Systems Center. That began 35 very interesting and educational years of research and analysis directed toward identifying promising technological advances relevant to transportation and fostering their application. At various times John was classified as a physicist, general engineer, computer specialist, and (for his last 15 years), transportation technology policy analyst in a strategic planning group. During his time at the Volpe Center he was involved in various ways with almost every mode of transportation, potential innovations from many viewpoints: suitability and practicality of technologies, economic realities, safety and environmental implications, political considerations, real-world viability, and the perspective of passengers, shippers, equipment providers, system operators and other stakeholders.\\nHis childhood interest in astronomy resurfaced about 20 years ago, and advancing his understanding of the cosmos has become an important part of his life.  For 13 years one spur to this activity has been volunteering at the Cambridge high school to help students participating in the astronomy (really astrophysics) event in the Massachusetts Science Olympiad.   He also visits a local fifth grade science classroom monthly, and for more than 10 years has been a volunteer at Boston\\u2019s Museum of Science, primarily interacting with visitors to discuss astronomy and space topics.\\nHe and his wife of 41 years are serious travelers, having visited and hiked in most of the National Parks and a large number of countries (including all continents) to explore and appreciate our planet\\u2019s natural wonders as well as the amazing history and diversity of human societies and cultures.  (These travels have included\\u2014and sometimes were shaped by\\u2014observing 8 total solar eclipses.)  Some of John\\u2019s other activities include hiking, kayaking, and photography, and expressing his geekish side by aggressively exploiting the computer for information, entertainment, and management of the many details of daily life--as well as attempting tasks such as digitizing the large family collection of classical LP\\u2019s and (gasp) tapes.\\nMy hope in becoming part of HILR is that I will be able to apply and build on many of my past experiences and knowledge while also stimulating new interests and friendships.\", \"City State Zip\": \"Cambridge, MA 02138\", \"Display name\": \"John Hopkins\", \"Member Since\": \"2011\", \"Email\": \"j.hopkins@verizon.net\"}", "Phone": "(617) 491-8369", "Last Name": "Hopkins", "Photo": "", "Address": "30 Winslow St.", "Current Status": "Active Member", "First Name": "John", "Bio Information": "John has lived in within a mile of Harvard Square since 1958 when he arrived fresh from Amherst College to begin graduate work in Applied Physics at Harvard. After (finally!) obtaining his PhD he joined the newly-created NASA Electronics Center near Kendall Square, only to have it closed a few years later in 1970. Fortunately, he was among those staff members asked to stay on when that facility was transferred to the recently-formed US Department of Transportation and eventually named Volpe National Transportation Systems Center. That began 35 very interesting and educational years of research and analysis directed toward identifying promising technological advances relevant to transportation and fostering their application. At various times John was classified as a physicist, general engineer, computer specialist, and (for his last 15 years), transportation technology policy analyst in a strategic planning group. During his time at the Volpe Center he was involved in various ways with almost every mode of transportation, potential innovations from many viewpoints: suitability and practicality of technologies, economic realities, safety and environmental implications, political considerations, real-world viability, and the perspective of passengers, shippers, equipment providers, system operators and other stakeholders.\nHis childhood interest in astronomy resurfaced about 20 years ago, and advancing his understanding of the cosmos has become an important part of his life.  For 13 years one spur to this activity has been volunteering at the Cambridge high school to help students participating in the astronomy (really astrophysics) event in the Massachusetts Science Olympiad.   He also visits a local fifth grade science classroom monthly, and for more than 10 years has been a volunteer at Boston\u2019s Museum of Science, primarily interacting with visitors to discuss astronomy and space topics.\nHe and his wife of 41 years are serious travelers, having visited and hiked in most of the National Parks and a large number of countries (including all continents) to explore and appreciate our planet\u2019s natural wonders as well as the amazing history and diversity of human societies and cultures.  (These travels have included\u2014and sometimes were shaped by\u2014observing 8 total solar eclipses.)  Some of John\u2019s other activities include hiking, kayaking, and photography, and expressing his geekish side by aggressively exploiting the computer for information, entertainment, and management of the many details of daily life--as well as attempting tasks such as digitizing the large family collection of classical LP\u2019s and (gasp) tapes.\nMy hope in becoming part of HILR is that I will be able to apply and build on many of my past experiences and knowledge while also stimulating new interests and friendships.", "City State Zip": "Cambridge, MA 02138", "Display name": "John Hopkins", "Member Since": "2011", "Email": "j.hopkins@verizon.net"}
