{"SafeDict": "{\"Phone\": \"\", \"Last Name\": \"Ladds\", \"Photo\": \"\", \"Address\": \"\", \"Current Status\": \"Active Member\", \"First Name\": \"John\", \"Bio Information\": \"Active Member\", \"City State Zip\": \"\", \"Display name\": \"John Ladds\", \"Member Since\": \"2003\", \"Email\": \"johnladds75@gmail.com\"}", "Phone": "", "Last Name": "Ladds", "Photo": "", "Address": "", "Current Status": "Active Member", "First Name": "John", "Bio Information": "Active Member", "City State Zip": "", "Display name": "John Ladds", "Member Since": "2003", "Email": "johnladds75@gmail.com"}
