{"SafeDict": "{\"Phone\": \"\", \"Last Name\": \"Kirsch\", \"Photo\": \"\", \"Address\": \"\", \"Current Status\": \"Active Member\", \"First Name\": \"John\", \"Bio Information\": \"I grew up in NYC and was en route to a Harvard doctorate in Greek and Latin when marriage and family diverted me to high tech. I enjoyed the ensuing career as a writer and trainer in industry, while also teaching in the MIT Writing Program for twenty years. In the early '80s I started a trio of companies that wrote and packaged technical, training, and sales materials in printed and electronic media in the US and Europe. I ended my high tech career as a consultant for IBM Austria in Vienna, where I also indulged a lifelong love of opera.\\nIn retirement I went back to classical philology in non-degree programs at Harvard, Brown, and NYU, with a summer in Rome for a conversational Latin course taught by a papal Latin secretary. For seven years I ran a Greek reading group in Harvard's Lowell House in which we translated and discussed Homer, Sophocles, and Plato. Since joining HILR in 2008, I've led many study groups on opera and literature.\\nI'm less astonished than I used to be that my sons are in their fifties. They've chased stars in opposite skies \\u2013 one in business in Boston, the other in acting in California. I share a love for the outdoors and the arts with my wife, attorney and HILR member Sandra Shapiro. Our favorite travel destinations include the Alps, the Caribbean, and New York City.\", \"City State Zip\": \"\", \"Display name\": \"John Kirsch\", \"Member Since\": \"2008\", \"Email\": \"kirschj@post.harvard.edu\"}", "Phone": "", "Last Name": "Kirsch", "Photo": "", "Address": "", "Current Status": "Active Member", "First Name": "John", "Bio Information": "I grew up in NYC and was en route to a Harvard doctorate in Greek and Latin when marriage and family diverted me to high tech. I enjoyed the ensuing career as a writer and trainer in industry, while also teaching in the MIT Writing Program for twenty years. In the early '80s I started a trio of companies that wrote and packaged technical, training, and sales materials in printed and electronic media in the US and Europe. I ended my high tech career as a consultant for IBM Austria in Vienna, where I also indulged a lifelong love of opera.\nIn retirement I went back to classical philology in non-degree programs at Harvard, Brown, and NYU, with a summer in Rome for a conversational Latin course taught by a papal Latin secretary. For seven years I ran a Greek reading group in Harvard's Lowell House in which we translated and discussed Homer, Sophocles, and Plato. Since joining HILR in 2008, I've led many study groups on opera and literature.\nI'm less astonished than I used to be that my sons are in their fifties. They've chased stars in opposite skies \u2013 one in business in Boston, the other in acting in California. I share a love for the outdoors and the arts with my wife, attorney and HILR member Sandra Shapiro. Our favorite travel destinations include the Alps, the Caribbean, and New York City.", "City State Zip": "", "Display name": "John Kirsch", "Member Since": "2008", "Email": "kirschj@post.harvard.edu"}
