{"SafeDict": "{\"Phone\": \"\", \"Last Name\": \"Damon\", \"Photo\": \"\", \"Address\": \"\", \"Current Status\": \"Active member\", \"First Name\": \"Parker\", \"Bio Information\": \"Parker, who prefers to be called Parky, but never John since he has a cousin who is also named John and might want to join HILR sometime, has spent most of his life within a 30 mile radius of Cambridge's Mt Auburn Hospital where he was born just down the road from the Mt Auburn Cemetery where he has walked but doesn't want to be buried, grew up in Brookline and went to elementary school there before going on to Milton, Harvard, UVA Law School, the Army Security Agency, BU, marrying Marjorie who is also joining HILR, and teaching at Rivers Country Day School, Lexington High School, Acton-Boborough Regional High School and then retiring in 2009 after being the principal of the McCarthy-Towne Elementary School in Acton for 29 years to do a little consulting for the Massachusetts Elementary School Principals' Association and teaching of BC and Northeastern masters' and doctoral students in the field of educational administration.\\n\\nHe enjoys daily reading, listening to music and fooling around with Marjorie; when they are not on their third floor atelier in pursuit of art, they are sometimes joined by a few friends on many Mondays for painting and collaging sessions; he also enjoys other activities such as in a monthly men's No Agenda breakfast group whose members discuss and solve the world's many weighty problems, a somewhat wayward and perhaps loosely affiliated church covenant group which does do some good deeds, and a bimonthly or so play reading group which often turns tragedies into comedies as it recently did with Othello and he is now looking forward to meeting and getting to know HILR members and participating in HILR events when not traveling to visit his daughter and granddaughters in CA, son in CT, and other destinations to enjoy different climates, explore diverse cultures, learn others' histories and paint some of the world's beautiful scenery.\", \"City State Zip\": \"\", \"Display name\": \"John Damon\", \"Member Since\": \"2009\", \"Email\": \"pardamon@comcast.net\"}", "Phone": "", "Last Name": "Damon", "Photo": "", "Address": "", "Current Status": "Active member", "First Name": "Parker", "Bio Information": "Parker, who prefers to be called Parky, but never John since he has a cousin who is also named John and might want to join HILR sometime, has spent most of his life within a 30 mile radius of Cambridge's Mt Auburn Hospital where he was born just down the road from the Mt Auburn Cemetery where he has walked but doesn't want to be buried, grew up in Brookline and went to elementary school there before going on to Milton, Harvard, UVA Law School, the Army Security Agency, BU, marrying Marjorie who is also joining HILR, and teaching at Rivers Country Day School, Lexington High School, Acton-Boborough Regional High School and then retiring in 2009 after being the principal of the McCarthy-Towne Elementary School in Acton for 29 years to do a little consulting for the Massachusetts Elementary School Principals' Association and teaching of BC and Northeastern masters' and doctoral students in the field of educational administration.\n\nHe enjoys daily reading, listening to music and fooling around with Marjorie; when they are not on their third floor atelier in pursuit of art, they are sometimes joined by a few friends on many Mondays for painting and collaging sessions; he also enjoys other activities such as in a monthly men's No Agenda breakfast group whose members discuss and solve the world's many weighty problems, a somewhat wayward and perhaps loosely affiliated church covenant group which does do some good deeds, and a bimonthly or so play reading group which often turns tragedies into comedies as it recently did with Othello and he is now looking forward to meeting and getting to know HILR members and participating in HILR events when not traveling to visit his daughter and granddaughters in CA, son in CT, and other destinations to enjoy different climates, explore diverse cultures, learn others' histories and paint some of the world's beautiful scenery.", "City State Zip": "", "Display name": "John Damon", "Member Since": "2009", "Email": "pardamon@comcast.net"}
