{"SafeDict": "{\"Phone\": \"(617) 734-0059\", \"Last Name\": \"Hermos\", \"Photo\": \"\", \"Address\": \"86 Toxteth St.\", \"Current Status\": \"New\", \"First Name\": \"John\", \"Bio Information\": \"Over the past 40-45 years, John has been in one marriage, worked at one hospital and lived in one Brookline home, making John a very secure, if not very dull, boy. Before this stretch, he was a New Jersey boy from Englewood and a Rutgers grad, and then ventured to Boston University School of Medicine. His residency training was at Bellevue and Memorial Hospitals in New York (met Rosalie in a cafeteria line), and he then served in US Public Health Service at the CDC in Atlanta (married Rosalie in a English country church) and finished his training in Gastroenterology at University Hospital in Boston (raising family with Rosalie). John and Rosalie have three daughters, Julia, Rebecca and Christina and five grandchildren.\\nJohn\\u2019s medical career has been at the Boston VA Medical Center, practicing in Internal Medicine, Gastroenterology and Addiction Medicine and as an Associate Professor of Medicine and Public Health at Boston University. He is now a senior researcher at the Boston VA\\u2019s Cooperative Studies Program Coordinating Center, from which nationwide, multisite studies are planned and conducted. He has chaired the hospital\\u2019s Institutional Review Board, and has a special interest in research ethics. In 2005, John was a Fulbright awardee in medical sciences, teaching in Karnataka, India in 2005, and with Rosalie and visitors, seeing many of the wonderful and not-so-wonderful parts of this fascinating country.    \\nJohn is active in Brookline civic activities having served on the Town\\u2019s Advisory Committee and Town Meeting, and now on the Town\\u2019s License Regulatory Committee.   Rosalie and John were founding members of Climate Change Action Brookline and he is currently on the board of Friends of Brookline Public Health and the Brookline-Quezalguaque Sister City Project. John\\u2019s hobbies include the obligatory household maintenance projects, enjoying their seasonal home in Maine, golf, tennis, spectator sports, crossword puzzles, reading, mixing drinks and (beginning) cooking. John and Rosalie often visit Rosalie\\u2019s family in Devon, England \\u2013 where he has become an expert navigating blind curves on narrow, hedge-lined roads and bravely attacking roundabouts. Their recent HILR trips to Barcelona and Sicily with gracious HILR traveling companions made it very easy for John to finally start planning for his retirement and new adventures.\", \"City State Zip\": \"Brookline, MA. 02446\", \"Display name\": \"John Hermos\", \"Member Since\": \"Spring 2014\", \"Email\": \"jhermos@bu.edu\"}", "Phone": "(617) 734-0059", "Last Name": "Hermos", "Photo": "", "Address": "86 Toxteth St.", "Current Status": "New", "First Name": "John", "Bio Information": "Over the past 40-45 years, John has been in one marriage, worked at one hospital and lived in one Brookline home, making John a very secure, if not very dull, boy. Before this stretch, he was a New Jersey boy from Englewood and a Rutgers grad, and then ventured to Boston University School of Medicine. His residency training was at Bellevue and Memorial Hospitals in New York (met Rosalie in a cafeteria line), and he then served in US Public Health Service at the CDC in Atlanta (married Rosalie in a English country church) and finished his training in Gastroenterology at University Hospital in Boston (raising family with Rosalie). John and Rosalie have three daughters, Julia, Rebecca and Christina and five grandchildren.\nJohn\u2019s medical career has been at the Boston VA Medical Center, practicing in Internal Medicine, Gastroenterology and Addiction Medicine and as an Associate Professor of Medicine and Public Health at Boston University. He is now a senior researcher at the Boston VA\u2019s Cooperative Studies Program Coordinating Center, from which nationwide, multisite studies are planned and conducted. He has chaired the hospital\u2019s Institutional Review Board, and has a special interest in research ethics. In 2005, John was a Fulbright awardee in medical sciences, teaching in Karnataka, India in 2005, and with Rosalie and visitors, seeing many of the wonderful and not-so-wonderful parts of this fascinating country.    \nJohn is active in Brookline civic activities having served on the Town\u2019s Advisory Committee and Town Meeting, and now on the Town\u2019s License Regulatory Committee.   Rosalie and John were founding members of Climate Change Action Brookline and he is currently on the board of Friends of Brookline Public Health and the Brookline-Quezalguaque Sister City Project. John\u2019s hobbies include the obligatory household maintenance projects, enjoying their seasonal home in Maine, golf, tennis, spectator sports, crossword puzzles, reading, mixing drinks and (beginning) cooking. John and Rosalie often visit Rosalie\u2019s family in Devon, England \u2013 where he has become an expert navigating blind curves on narrow, hedge-lined roads and bravely attacking roundabouts. Their recent HILR trips to Barcelona and Sicily with gracious HILR traveling companions made it very easy for John to finally start planning for his retirement and new adventures.", "City State Zip": "Brookline, MA. 02446", "Display name": "John Hermos", "Member Since": "Spring 2014", "Email": "jhermos@bu.edu"}
