{"SafeDict": "{\"Phone\": \"603-204-5402\", \"Last Name\": \"Strand\", \"Photo\": \"\", \"Address\": \"106 Kent Ln\", \"Current Status\": \"New Member\", \"First Name\": \"John\", \"Bio Information\": \"John Strand grew up in a small town in Illinois. Somehow he found his way to Harvard, graduating with a degree in economics but with competing interests in history and math. After graduation, he went to work in Washington, initially for the State Department but then for what is now called the \\u201cIntelligence Community\\u201d. Interesting projects during this period included helping the Peace Corps get organized and one of the first efforts to use computers to make sense of complex, conflicting, dynamic information (military order-of-battle intelligence).\\nHis quantitative interests kindled by this experience, John went to UC Berkeley where he got a PhD in pure mathematics in 1967. For the next 29 years he worked for Bell Laboratories (and subsidiaries and successors), initially in a math research group but mostly in a wide range of technical and management assignments in areas combining math, technology, and economics.\\nIn 1996 John retired from ATT and for the next 16 years worked independently as a consultant. He was a visiting faculty member for a year at Berkeley, where he co-taught a graduate seminar in the EECS department. He also gave short courses at graduate schools in China (Tsinghua, BUPT), South Korea (KAIST), and Japan (Todai) and was the founding chair of a panel founded by an international group of carriers, including most of the major carriers in the U.S., Europe, and Asia, trying to figure out how to best utilize optical networks. During the Internet \\u201cbubble years\\u201d around 2000 he bounced around the many silicon valley start-ups that were struggling to find a niche in telecommunications, serving on the technical advisory boards of a number of them. He also served on grant review panels for the NSF and DARPA.\", \"City State Zip\": \"Nashua, NH 03062\", \"Display name\": \"John Strand\", \"Member Since\": \"Spring 2015\", \"Email\": \"dnartsipad@gmail.com\"}", "Phone": "603-204-5402", "Last Name": "Strand", "Photo": "", "Address": "106 Kent Ln", "Current Status": "New Member", "First Name": "John", "Bio Information": "John Strand grew up in a small town in Illinois. Somehow he found his way to Harvard, graduating with a degree in economics but with competing interests in history and math. After graduation, he went to work in Washington, initially for the State Department but then for what is now called the \u201cIntelligence Community\u201d. Interesting projects during this period included helping the Peace Corps get organized and one of the first efforts to use computers to make sense of complex, conflicting, dynamic information (military order-of-battle intelligence).\nHis quantitative interests kindled by this experience, John went to UC Berkeley where he got a PhD in pure mathematics in 1967. For the next 29 years he worked for Bell Laboratories (and subsidiaries and successors), initially in a math research group but mostly in a wide range of technical and management assignments in areas combining math, technology, and economics.\nIn 1996 John retired from ATT and for the next 16 years worked independently as a consultant. He was a visiting faculty member for a year at Berkeley, where he co-taught a graduate seminar in the EECS department. He also gave short courses at graduate schools in China (Tsinghua, BUPT), South Korea (KAIST), and Japan (Todai) and was the founding chair of a panel founded by an international group of carriers, including most of the major carriers in the U.S., Europe, and Asia, trying to figure out how to best utilize optical networks. During the Internet \u201cbubble years\u201d around 2000 he bounced around the many silicon valley start-ups that were struggling to find a niche in telecommunications, serving on the technical advisory boards of a number of them. He also served on grant review panels for the NSF and DARPA.", "City State Zip": "Nashua, NH 03062", "Display name": "John Strand", "Member Since": "Spring 2015", "Email": "dnartsipad@gmail.com"}
