{"SafeDict": "{\"Phone\": \"(617) 354-6106\", \"Last Name\": \"Hurwitch\", \"Photo\": \"\", \"Address\": \"82 Avon Hill St.\", \"Current Status\": \"Active Member\", \"First Name\": \"John\", \"Bio Information\": \"John was born in Newton, grew up in Brookline, and has lived within the confines of Route 128/95/93 ever since.  He attended both Harvard College (1963) and Harvard Business School (1966), concentrating in Economics, with the year in between devoted to the Army National Guard for six months and a stint at Bank of Boston for nine months.\\nHis career after Harvard Business School was varied \\u2013 two years working in the marketing department at Independent Lock Company in Fitchburg, a number of years at the family business, Hurwitch Bros., and finally a very rewarding career as a healthcare consultant at APM, Inc..  The latter was based in New York, but John worked primarily out of Boston \\u2013 where he sometimes felt that to survive his consulting career, his primary office was in an airplane. John joined APM when it had twenty-four employees, and the firm grew to over 200 consultants and developed relationships with hospitals throughout the fifty states as well as Canada and England.  He and with another partner co-directed the firm\\u2019s \\u201cOperations Improvement\\u201d project, which taught hospitals to run for less money and higher quality simultaneously. Clients were as varied as the University of Chicago\\u2019s four hospitals, to hospital mergers in rural Ohio, to four years, almost weekly, at Touro Infirmary in New Orleans.   When APM was sold, he joined a local healthcare consulting firm, Cambridge Management Group for three years prior to joining Performance Logic, Inc., founded with his \\u201cOperations Improvement\\u201d partner at APM, Inc. and three other consultants.   This firm\\u2019s goal was to do \\u201cOperations Improvement\\u201d at hospitals without on-site supervision by giving hospital staff benchmarks, and guidelines for task forces, job descriptions and implementation of cost-saving and quality improvement programs.  The plan worked well, and the firm has 35 employees and is going strong.  However, in 2001, when Performance Logic moved to NYC,  John retired from the firm.  Since 2001 he has been doing pro-bono work for SCORE (Service Corps of Retired Executives) as well as for Harvard Business School\\u2019s Community Advisory Program.  The SCORE work consists primarily of one-on-one consulting to small businesses and would-be entrepreneurs.  The HBS CAP program is primarily strategy for nonprofit organizations.\\nConcurrently with his consulting career, John volunteered for the US Naval Reserve in Intelligence.  He retired in 1991 as a Captain after 27 years in the Navy, where his last duties were to manage the northeast region of the Navy\\u2019s Reserve Intelligence unit.  For fun, John has actively raced sailboats for many years, and enjoyed cruising extensively with his second wife, Blue Magruder, Harvard/Radcliffe 1969, who works as Communications Director at the Harvard Museum of Natural History.  They live in Cambridge a stone\\u2019s throw from the Radcliffe Quadrangle, and split their time between Cambridge and a farm in Barnstable.  John has five children, four from his first marriage who are scattered around the country, and one from his marriage to Blue, who is currently a junior at Trinity College in Hartford.\", \"City State Zip\": \"Cambridge, MA 02140-3631\", \"Display name\": \"John Hurwitch\", \"Member Since\": \"2011\", \"Email\": \"johnhurwitch@gmail.com\"}", "Phone": "(617) 354-6106", "Last Name": "Hurwitch", "Photo": "", "Address": "82 Avon Hill St.", "Current Status": "Active Member", "First Name": "John", "Bio Information": "John was born in Newton, grew up in Brookline, and has lived within the confines of Route 128/95/93 ever since.  He attended both Harvard College (1963) and Harvard Business School (1966), concentrating in Economics, with the year in between devoted to the Army National Guard for six months and a stint at Bank of Boston for nine months.\nHis career after Harvard Business School was varied \u2013 two years working in the marketing department at Independent Lock Company in Fitchburg, a number of years at the family business, Hurwitch Bros., and finally a very rewarding career as a healthcare consultant at APM, Inc..  The latter was based in New York, but John worked primarily out of Boston \u2013 where he sometimes felt that to survive his consulting career, his primary office was in an airplane. John joined APM when it had twenty-four employees, and the firm grew to over 200 consultants and developed relationships with hospitals throughout the fifty states as well as Canada and England.  He and with another partner co-directed the firm\u2019s \u201cOperations Improvement\u201d project, which taught hospitals to run for less money and higher quality simultaneously. Clients were as varied as the University of Chicago\u2019s four hospitals, to hospital mergers in rural Ohio, to four years, almost weekly, at Touro Infirmary in New Orleans.   When APM was sold, he joined a local healthcare consulting firm, Cambridge Management Group for three years prior to joining Performance Logic, Inc., founded with his \u201cOperations Improvement\u201d partner at APM, Inc. and three other consultants.   This firm\u2019s goal was to do \u201cOperations Improvement\u201d at hospitals without on-site supervision by giving hospital staff benchmarks, and guidelines for task forces, job descriptions and implementation of cost-saving and quality improvement programs.  The plan worked well, and the firm has 35 employees and is going strong.  However, in 2001, when Performance Logic moved to NYC,  John retired from the firm.  Since 2001 he has been doing pro-bono work for SCORE (Service Corps of Retired Executives) as well as for Harvard Business School\u2019s Community Advisory Program.  The SCORE work consists primarily of one-on-one consulting to small businesses and would-be entrepreneurs.  The HBS CAP program is primarily strategy for nonprofit organizations.\nConcurrently with his consulting career, John volunteered for the US Naval Reserve in Intelligence.  He retired in 1991 as a Captain after 27 years in the Navy, where his last duties were to manage the northeast region of the Navy\u2019s Reserve Intelligence unit.  For fun, John has actively raced sailboats for many years, and enjoyed cruising extensively with his second wife, Blue Magruder, Harvard/Radcliffe 1969, who works as Communications Director at the Harvard Museum of Natural History.  They live in Cambridge a stone\u2019s throw from the Radcliffe Quadrangle, and split their time between Cambridge and a farm in Barnstable.  John has five children, four from his first marriage who are scattered around the country, and one from his marriage to Blue, who is currently a junior at Trinity College in Hartford.", "City State Zip": "Cambridge, MA 02140-3631", "Display name": "John Hurwitch", "Member Since": "2011", "Email": "johnhurwitch@gmail.com"}
