{"SafeDict": "{\"Phone\": \"(617) 522-0961\", \"Last Name\": \"Cooper\", \"Photo\": \"\", \"Address\": \"509 Centre St #10\", \"Current Status\": \"2017\", \"First Name\": \"John\", \"Bio Information\": \"I am excited to join HILR after retiring in 2015 from the position of Associate Director of the Accreditation Commission for Acupuncture and Oriental Medicine. I started my career in state government working for both the executive and legislative branches in North and South Carolina before taking the position of Associate Director of the Arkansas Department of Higher Education during the Clinton administration. My next career phase involved completing a doctorate from the Harvard Graduate School of Education and moving into university administration as audit supervisor in Harvard\\u2019s Internal Audit Department and then Assistant Dean for Finance for the Harvard Faculty of Arts and Sciences. I then served as Chief Financial Officer and faculty member of the Institute of Health Professions at Massachusetts General Hospital. During a transition to college teaching I was a senior associate at the University of Massachusetts, Boston where I directed a Think Tank for higher education finance executives. I taught management and communications courses at the Wentworth Institution of Technology 1997- 2013 as well as graduate courses for several universities. Over the years I have been actively involved with nonprofit organizations including Chair, Board of Trustees of the New England School of Acupuncture, Treasurer Beaverbrook STEP, founding board member of the New England Center for Arts and Technology, and Chair of the College Board of Visitors, Wake Forest University.\", \"City State Zip\": \"Jamaica Plain, MA 02130\", \"Display name\": \"John Cooper\", \"Member Since\": \"2017\", \"Email\": \"cooperjwit@gmail.com\"}", "Phone": "(617) 522-0961", "Last Name": "Cooper", "Photo": "", "Address": "509 Centre St #10", "Current Status": "2017", "First Name": "John", "Bio Information": "I am excited to join HILR after retiring in 2015 from the position of Associate Director of the Accreditation Commission for Acupuncture and Oriental Medicine. I started my career in state government working for both the executive and legislative branches in North and South Carolina before taking the position of Associate Director of the Arkansas Department of Higher Education during the Clinton administration. My next career phase involved completing a doctorate from the Harvard Graduate School of Education and moving into university administration as audit supervisor in Harvard\u2019s Internal Audit Department and then Assistant Dean for Finance for the Harvard Faculty of Arts and Sciences. I then served as Chief Financial Officer and faculty member of the Institute of Health Professions at Massachusetts General Hospital. During a transition to college teaching I was a senior associate at the University of Massachusetts, Boston where I directed a Think Tank for higher education finance executives. I taught management and communications courses at the Wentworth Institution of Technology 1997- 2013 as well as graduate courses for several universities. Over the years I have been actively involved with nonprofit organizations including Chair, Board of Trustees of the New England School of Acupuncture, Treasurer Beaverbrook STEP, founding board member of the New England Center for Arts and Technology, and Chair of the College Board of Visitors, Wake Forest University.", "City State Zip": "Jamaica Plain, MA 02130", "Display name": "John Cooper", "Member Since": "2017", "Email": "cooperjwit@gmail.com"}
