{"SafeDict": "{\"Phone\": \"\", \"Last Name\": \"Rodgers\", \"Photo\": \"\", \"Address\": \"\", \"Current Status\": \"2003\", \"First Name\": \"John\", \"Bio Information\": \"Growing up in Paradise, Kansas (pop. 150), John departed for the University of Kansas (BS), the US Infantry, and the Harvard Business School (MBA). While at Harvard, he met Pat, his wife of the past 40 years. Toronto was the next stop, where John worked in the International Division of Procter & Gamble. After three years the couple decided to set down roots in the Boston area. They have been here ever since, living in Cambridge for the past three decades.\\n\\nIn addition to a full-time career in investments at New England Life, John has volunteered significant time to nonprofit organizations, including the Boston Symphony Orchestra, Forsyth Research Institute, MacDowell Colony, and the Trustees of Reservations. After 25 years in investments, he undertook a new career: consulting to nonprofit organizations. One of his most interesting clients over the past decade was a startup nonprofit that recruited major US corporations to support the Vietnamese government in creating new curricula for grades K\\u201312. A by-product was four trips to Vietnam, Hong Kong, Singapore, and Bangkok.\\n\\nTravel has been a major hobby for John and Pat, who is a writer and artist. Visiting their two sons has taken them to New York, San Francisco, Sydney, and London.\", \"City State Zip\": \"\", \"Display name\": \"John Rodgers\", \"Member Since\": \"2003\", \"Email\": \"jxrodgers@me.com\"}", "Phone": "", "Last Name": "Rodgers", "Photo": "", "Address": "", "Current Status": "2003", "First Name": "John", "Bio Information": "Growing up in Paradise, Kansas (pop. 150), John departed for the University of Kansas (BS), the US Infantry, and the Harvard Business School (MBA). While at Harvard, he met Pat, his wife of the past 40 years. Toronto was the next stop, where John worked in the International Division of Procter & Gamble. After three years the couple decided to set down roots in the Boston area. They have been here ever since, living in Cambridge for the past three decades.\n\nIn addition to a full-time career in investments at New England Life, John has volunteered significant time to nonprofit organizations, including the Boston Symphony Orchestra, Forsyth Research Institute, MacDowell Colony, and the Trustees of Reservations. After 25 years in investments, he undertook a new career: consulting to nonprofit organizations. One of his most interesting clients over the past decade was a startup nonprofit that recruited major US corporations to support the Vietnamese government in creating new curricula for grades K\u201312. A by-product was four trips to Vietnam, Hong Kong, Singapore, and Bangkok.\n\nTravel has been a major hobby for John and Pat, who is a writer and artist. Visiting their two sons has taken them to New York, San Francisco, Sydney, and London.", "City State Zip": "", "Display name": "John Rodgers", "Member Since": "2003", "Email": "jxrodgers@me.com"}
