{"SafeDict": "{\"Phone\": \"914-960-1498\", \"Last Name\": \"Bryan\", \"Photo\": \"\", \"Address\": \"1001 Marina Drive Apt 401\", \"Current Status\": \"2015\", \"First Name\": \"John\", \"Bio Information\": \"John attended Lehigh and UC-Berkeley, receiving a BS in Industrial Engineering, with a major in Operations Research in 1965. Following a year as a computer systems engineer with Bethlehem Steel, he entered active duty as an Army combat engineer officer, serving in Vietnam 1966-68. With a goal of returning to Asia, he received an MBA from Stanford in 1970 and joined Citibank\\u2019s Asia-Pacific division.\\n\\nJohn proceeded to enjoy a 38 year career in corporate banking and capital markets with Citibank and Ambac Assurance, responsible at various times for business units in Tokyo, Hong Kong, Sydney, Manila, Guam, New York and London.  John was a pioneer in the development of asset-backed commercial paper, a financing technique for major corporations domestic and international.\", \"City State Zip\": \"N. Quincy, MA 02171\", \"Display name\": \"John Bryan\", \"Member Since\": \"2015\", \"Email\": \"jbryan3d@gmail.com\"}", "Phone": "914-960-1498", "Last Name": "Bryan", "Photo": "", "Address": "1001 Marina Drive Apt 401", "Current Status": "2015", "First Name": "John", "Bio Information": "John attended Lehigh and UC-Berkeley, receiving a BS in Industrial Engineering, with a major in Operations Research in 1965. Following a year as a computer systems engineer with Bethlehem Steel, he entered active duty as an Army combat engineer officer, serving in Vietnam 1966-68. With a goal of returning to Asia, he received an MBA from Stanford in 1970 and joined Citibank\u2019s Asia-Pacific division.\n\nJohn proceeded to enjoy a 38 year career in corporate banking and capital markets with Citibank and Ambac Assurance, responsible at various times for business units in Tokyo, Hong Kong, Sydney, Manila, Guam, New York and London.  John was a pioneer in the development of asset-backed commercial paper, a financing technique for major corporations domestic and international.", "City State Zip": "N. Quincy, MA 02171", "Display name": "John Bryan", "Member Since": "2015", "Email": "jbryan3d@gmail.com"}
