{"SafeDict": "{\"Phone\": \"(781) 538-6453\", \"Last Name\": \"Willson\", \"Photo\": \"\", \"Address\": \"14 Hawthorne Lane\", \"Current Status\": \"2009\", \"First Name\": \"John\", \"Bio Information\": \"John grew up in Bexley, Ohio, a suburb of Columbus. He has an A.B. in Government from Harvard (\\u201963) and an MBA in Finance from the University of Chicago Graduate School of Business (\\u201968). In between college and graduate school he served as a Peace Corps Volunteer (rural road development) in Liberia where he also met and married Linda, likewise a PCV and now his wife of 43 years. They moved to Bedford in mid-2008 after living 36 years in Lexington where he was active as a Town Meeting member. He has two married daughters (Sarah in Chicago, IL, Rebecca in Silver Spring, MD), also recently a baby granddaughter, Julia.\\n\\nHe took a left turn out of business school and made his career consulting to government agencies and major corporations in the then-emerging area of environmental, health and safety management. He worked for several Boston-area consulting firms before joining Arthur D. Little, where he eventually was a Vice President and their global practice leader for Corporate EHS Management. John recently retired from the field after spending the past 10 years running his own solo EHS management consulting practice. He has published a book, Comprehensive Planning and the Environment (Abt Books, 1978) and also taught a graduate-level course at Tufts University for 13 years on environmental regulation.\\n\\nJohn has a strong interest in Greek and Roman history and literature, also in colonial American history and current political developments. He enjoys birding, is a devoted Celtics and Red Sox fan, and also loves to spend time with Linda and the children at their vacation home on Sand Pond in Norway, ME.\", \"City State Zip\": \"Bedford, MA 01730\", \"Display name\": \"John Willson\", \"Member Since\": \"2009\", \"Email\": \"johnwillson@verizon.net\"}", "Phone": "(781) 538-6453", "Last Name": "Willson", "Photo": "", "Address": "14 Hawthorne Lane", "Current Status": "2009", "First Name": "John", "Bio Information": "John grew up in Bexley, Ohio, a suburb of Columbus. He has an A.B. in Government from Harvard (\u201963) and an MBA in Finance from the University of Chicago Graduate School of Business (\u201968). In between college and graduate school he served as a Peace Corps Volunteer (rural road development) in Liberia where he also met and married Linda, likewise a PCV and now his wife of 43 years. They moved to Bedford in mid-2008 after living 36 years in Lexington where he was active as a Town Meeting member. He has two married daughters (Sarah in Chicago, IL, Rebecca in Silver Spring, MD), also recently a baby granddaughter, Julia.\n\nHe took a left turn out of business school and made his career consulting to government agencies and major corporations in the then-emerging area of environmental, health and safety management. He worked for several Boston-area consulting firms before joining Arthur D. Little, where he eventually was a Vice President and their global practice leader for Corporate EHS Management. John recently retired from the field after spending the past 10 years running his own solo EHS management consulting practice. He has published a book, Comprehensive Planning and the Environment (Abt Books, 1978) and also taught a graduate-level course at Tufts University for 13 years on environmental regulation.\n\nJohn has a strong interest in Greek and Roman history and literature, also in colonial American history and current political developments. He enjoys birding, is a devoted Celtics and Red Sox fan, and also loves to spend time with Linda and the children at their vacation home on Sand Pond in Norway, ME.", "City State Zip": "Bedford, MA 01730", "Display name": "John Willson", "Member Since": "2009", "Email": "johnwillson@verizon.net"}
