{"SafeDict": "{\"Phone\": \"(617) 515-0060\", \"Last Name\": \"Morrel\", \"Photo\": \"\", \"Address\": \"7 Addison Street\", \"Current Status\": \"2012\", \"First Name\": \"John\", \"Bio Information\": \"After growing up in the still open country of old farmsteads in southeastern Pennsylvania tramping through the woods and fields shared with foxhunts and not a few artists, I attended Swarthmore College where I got a rude shock about the requirements for serious intellectual endeavor. Fortunately I eventually thrived. I also began to study voice and to perform a bit of chamber music. I received a BA in English literature with minors in history and art and went on to Rutgers for graduate work that resulted in a master\\u2019s degree.\\nContradictions abound in my family! I was one of the first babies born in Oak Ridge, Tennessee where my father worked on the Manhattan Project. My Southern parents moved in 1945 to the country near Wilmington, Delaware where my father continued a career with DuPont begun during his college years. Despite my Dad\\u2019s role in development of the atomic bomb, when I was five my mother brought the family into the Society of Friends (Quaker).\\nThe turmoil of the late sixties required a choice about military service. My Quaker background led me to alternative service as a conscientious objector and work in an evolving juvenile justice program in Massachusetts. I went on to found an alternative school for potential high school dropouts and then to more graduate work in public policy at the Florence Heller School for Advanced Studies in Social Welfare at Brandeis.\\nI worked on both the administrative and legislative sides of state government. I joined the new Massachusetts Child Support Enforcement program at its initiation and had the opportunity to play key administrative roles in the development of a critical new government agency, one that raised many challenging issues about the relationship between state and federal governments. Based on the Massachusetts experience, for several years following retirement I worked as a management consultant to other state governments and the City of New York.\\nUntil the press of management work and consulting crowded time for practice and rehearsals, I continued my \\u201calternative career\\u201d working as a soloist with a number of musical groups and church choirs for some twenty-five years. During those same years I restored the 1789 farmhouse, bit by tiny bit, which was a bucolic place for raising two children.\\nA political activist for most of my life, I continue to find ways of supporting civil rights, particularly for communities that are marginalized socially and economically.  I have led HILR study groups on the great mid-century Black leader and teacher Bayard Rustin; on gay and lesbian writers here and in Europe following the period of the New York Stonewall Riots; on the remarkable fiction and essays of James Baldwin, products of his painstaking witness to the turmoil in his country from the 1940s through the 1980s; and on the world of immigrants and craftsmen in New York City between 1825 and 1875 as they faced the challenges of blended communities and industrialization in the bustle of ever-evolving Manhattan.  \\n\\nRetirement has brought time for more travel and attention to a growing but widely scattered family, my daughters in Rhode Island and California, my own grandchildren and the extended family of my partner, Dick Rubinstein, who quickly built connections for me with family members on three continents. Dick and I share a taste for new adventures and have spent considerable time together in Thailand and Bhutan, the Netherlands, Italy and several parts of France so far, with plenty of future options on the table.\", \"City State Zip\": \"Arlington, MA 02476\", \"Display name\": \"John Morrel\", \"Member Since\": \"2012\", \"Email\": \"john.morrel@me.com\"}", "Phone": "(617) 515-0060", "Last Name": "Morrel", "Photo": "", "Address": "7 Addison Street", "Current Status": "2012", "First Name": "John", "Bio Information": "After growing up in the still open country of old farmsteads in southeastern Pennsylvania tramping through the woods and fields shared with foxhunts and not a few artists, I attended Swarthmore College where I got a rude shock about the requirements for serious intellectual endeavor. Fortunately I eventually thrived. I also began to study voice and to perform a bit of chamber music. I received a BA in English literature with minors in history and art and went on to Rutgers for graduate work that resulted in a master\u2019s degree.\nContradictions abound in my family! I was one of the first babies born in Oak Ridge, Tennessee where my father worked on the Manhattan Project. My Southern parents moved in 1945 to the country near Wilmington, Delaware where my father continued a career with DuPont begun during his college years. Despite my Dad\u2019s role in development of the atomic bomb, when I was five my mother brought the family into the Society of Friends (Quaker).\nThe turmoil of the late sixties required a choice about military service. My Quaker background led me to alternative service as a conscientious objector and work in an evolving juvenile justice program in Massachusetts. I went on to found an alternative school for potential high school dropouts and then to more graduate work in public policy at the Florence Heller School for Advanced Studies in Social Welfare at Brandeis.\nI worked on both the administrative and legislative sides of state government. I joined the new Massachusetts Child Support Enforcement program at its initiation and had the opportunity to play key administrative roles in the development of a critical new government agency, one that raised many challenging issues about the relationship between state and federal governments. Based on the Massachusetts experience, for several years following retirement I worked as a management consultant to other state governments and the City of New York.\nUntil the press of management work and consulting crowded time for practice and rehearsals, I continued my \u201calternative career\u201d working as a soloist with a number of musical groups and church choirs for some twenty-five years. During those same years I restored the 1789 farmhouse, bit by tiny bit, which was a bucolic place for raising two children.\nA political activist for most of my life, I continue to find ways of supporting civil rights, particularly for communities that are marginalized socially and economically.  I have led HILR study groups on the great mid-century Black leader and teacher Bayard Rustin; on gay and lesbian writers here and in Europe following the period of the New York Stonewall Riots; on the remarkable fiction and essays of James Baldwin, products of his painstaking witness to the turmoil in his country from the 1940s through the 1980s; and on the world of immigrants and craftsmen in New York City between 1825 and 1875 as they faced the challenges of blended communities and industrialization in the bustle of ever-evolving Manhattan.  \n\nRetirement has brought time for more travel and attention to a growing but widely scattered family, my daughters in Rhode Island and California, my own grandchildren and the extended family of my partner, Dick Rubinstein, who quickly built connections for me with family members on three continents. Dick and I share a taste for new adventures and have spent considerable time together in Thailand and Bhutan, the Netherlands, Italy and several parts of France so far, with plenty of future options on the table.", "City State Zip": "Arlington, MA 02476", "Display name": "John Morrel", "Member Since": "2012", "Email": "john.morrel@me.com"}
