{"SafeDict": "{\"Phone\": \"781-861-0363\", \"Last Name\": \"Ehrenfeld\", \"Photo\": \"\", \"Address\": \"24 Percy Road\", \"Current Status\": \"Lexington, MA 02421\", \"First Name\": \"John\", \"Bio Information\": \"I'm the author of Sustainability by Design: A Subversive Strategy for Transforming our Consumer Culture (2008), and co-author with a former student, Andrew Hoffman of Flourishing: A Frank Conversation about Sustainability (2012). I retired (again) in June, 2009 as Executive Director of the International Society for Industrial Ecology after guiding its development since the Society was founded in 2000. I retired earlier in 2000 as the Director of the MIT Program on Technology, Business, and Environment, an interdisciplinary educational, research, and policy program. I continues to teach, do research, and write. In December 2012, I ended a multi-year position on the adjunct faculty at the Marlboro College Graduate Center where I teach Exploring Sustainability to students in their MBA for Managing Sustainability program. I am teaching the same course (on-line) to a new, small program about eco-psychology. I continue to write about flourishing, and maintain a blog on my website. I have written a new book on flourishing and hope to see it published in 2017.\\nIn October 1999, the World Resources Institute honored me with a lifetime achievement award for my academic accomplishments in the field of business and environment. I received the Founders Award for Distinguished Service from the Academy of Management\\u2019s Organization and Natural Environment Division in August 2000. I spent part of the 1998-1999 academic year at the Technical University of Lisbon as a Fulbright Distinguished Scholar and was Visiting Professor at the Technical University of Delft during the 2000-1 academic year. I am an editor of the Journal of Industrial Ecology. I holds a B. S. and Sc. D. in Chemical Engineering from MIT, and am author or co-author of over 200 papers, books, reports, and other publications.\\nHILR is very important to me. I have taught courses and served on its Committees. In 2106-2017, I served as the President of the Council.\\nI am married to Ruth Budd, also a member of HILR. We share four children and nine grandchildren. I spend the summer months in Maine on Casco Bay and do a lot of catch-and-release saltwater fly fishing. \", \"City State Zip\": \"Lexington, MA 02421\", \"Display name\": \"John R. Ehrenfeld\", \"Member Since\": \"Lexington, MA 02421\", \"Email\": \"john.ehrenfeld@alum.mit.edu\"}", "Phone": "781-861-0363", "Last Name": "Ehrenfeld", "Photo": "", "Address": "24 Percy Road", "Current Status": "Lexington, MA 02421", "First Name": "John", "Bio Information": "I'm the author of Sustainability by Design: A Subversive Strategy for Transforming our Consumer Culture (2008), and co-author with a former student, Andrew Hoffman of Flourishing: A Frank Conversation about Sustainability (2012). I retired (again) in June, 2009 as Executive Director of the International Society for Industrial Ecology after guiding its development since the Society was founded in 2000. I retired earlier in 2000 as the Director of the MIT Program on Technology, Business, and Environment, an interdisciplinary educational, research, and policy program. I continues to teach, do research, and write. In December 2012, I ended a multi-year position on the adjunct faculty at the Marlboro College Graduate Center where I teach Exploring Sustainability to students in their MBA for Managing Sustainability program. I am teaching the same course (on-line) to a new, small program about eco-psychology. I continue to write about flourishing, and maintain a blog on my website. I have written a new book on flourishing and hope to see it published in 2017.\nIn October 1999, the World Resources Institute honored me with a lifetime achievement award for my academic accomplishments in the field of business and environment. I received the Founders Award for Distinguished Service from the Academy of Management\u2019s Organization and Natural Environment Division in August 2000. I spent part of the 1998-1999 academic year at the Technical University of Lisbon as a Fulbright Distinguished Scholar and was Visiting Professor at the Technical University of Delft during the 2000-1 academic year. I am an editor of the Journal of Industrial Ecology. I holds a B. S. and Sc. D. in Chemical Engineering from MIT, and am author or co-author of over 200 papers, books, reports, and other publications.\nHILR is very important to me. I have taught courses and served on its Committees. In 2106-2017, I served as the President of the Council.\nI am married to Ruth Budd, also a member of HILR. We share four children and nine grandchildren. I spend the summer months in Maine on Casco Bay and do a lot of catch-and-release saltwater fly fishing. ", "City State Zip": "Lexington, MA 02421", "Display name": "John R. Ehrenfeld", "Member Since": "Lexington, MA 02421", "Email": "john.ehrenfeld@alum.mit.edu"}
