{"SafeDict": "{\"Phone\": \"(617) 864-9136\", \"Last Name\": \"Dobbs\", \"Photo\": \"\", \"Address\": \"145 Mt. Auburn St\", \"Current Status\": \"New\", \"First Name\": \"John\", \"Bio Information\": \"John earned a bachelor\\u2019s degree in mechanical engineering, an MS in physics and PhD in experimental particle physics, all from the University of Pennsylvania. He taught and did research as an assistant professor of physics at Washington University in St. Louis and then (after six years) moved into environmental research, first working for Barry Commoner's Center for the Biology of Natural Systems, then developing a practical system which converts manure to methane gas and a solid which smells like plowed fields in the spring, it used anaerobic digestion which is common in sewage disposal but had a number of patentable features which made it substantially smaller, faster, and less expensive.\\nIn 1975 he moved to the Boston area first to work on a whole body CT scanner at MGH and MIT. Then he started a 30 year industriai career in product development and both technical and general management. He developed high-speed computers, mathematical models for error propagation in CT Scanners, computer controlled machines for microbiology research, and semiconductor research, also complete CT scanners, among many other things. He has 31 patents issued.\\nAfter retirement he has gone back to environmental issues. He is working on a way to reverse climate change, not just slow it down. He is also studying how mankind will make the transition to a future where we can't use resources and create waste at an exponentially rising rate as we do now. This is a complex multidisciplinary problem involving a large number of things of which he is ignorant. He is hoping that HILR will help him with this ignorance. From basic principles, he can describe a lot of things about what the future will be like; he hopes to map pathways to make the transition less uncomfortable. If we simply \\\"let nature take its course\\\" the transition will be violent and chaotic and the final result far worse than it needs to be.\\nJohn and his wife live in Cambridge,(close enough to the Charles so he can row 3 days a week,)and on a tidal creek in Kittery Point, Maine. They both are working hard but take time to play.\", \"City State Zip\": \"Cambridge, MA. 02138\", \"Display name\": \"John Dobbs\", \"Member Since\": \"Fall 2014\", \"Email\": \"jnomcg@verizon.net\"}", "Phone": "(617) 864-9136", "Last Name": "Dobbs", "Photo": "", "Address": "145 Mt. Auburn St", "Current Status": "New", "First Name": "John", "Bio Information": "John earned a bachelor\u2019s degree in mechanical engineering, an MS in physics and PhD in experimental particle physics, all from the University of Pennsylvania. He taught and did research as an assistant professor of physics at Washington University in St. Louis and then (after six years) moved into environmental research, first working for Barry Commoner's Center for the Biology of Natural Systems, then developing a practical system which converts manure to methane gas and a solid which smells like plowed fields in the spring, it used anaerobic digestion which is common in sewage disposal but had a number of patentable features which made it substantially smaller, faster, and less expensive.\nIn 1975 he moved to the Boston area first to work on a whole body CT scanner at MGH and MIT. Then he started a 30 year industriai career in product development and both technical and general management. He developed high-speed computers, mathematical models for error propagation in CT Scanners, computer controlled machines for microbiology research, and semiconductor research, also complete CT scanners, among many other things. He has 31 patents issued.\nAfter retirement he has gone back to environmental issues. He is working on a way to reverse climate change, not just slow it down. He is also studying how mankind will make the transition to a future where we can't use resources and create waste at an exponentially rising rate as we do now. This is a complex multidisciplinary problem involving a large number of things of which he is ignorant. He is hoping that HILR will help him with this ignorance. From basic principles, he can describe a lot of things about what the future will be like; he hopes to map pathways to make the transition less uncomfortable. If we simply \"let nature take its course\" the transition will be violent and chaotic and the final result far worse than it needs to be.\nJohn and his wife live in Cambridge,(close enough to the Charles so he can row 3 days a week,)and on a tidal creek in Kittery Point, Maine. They both are working hard but take time to play.", "City State Zip": "Cambridge, MA. 02138", "Display name": "John Dobbs", "Member Since": "Fall 2014", "Email": "jnomcg@verizon.net"}
