{"SafeDict": "{\"Phone\": \"(617) 267-3830\", \"Last Name\": \"keefe\", \"Photo\": \"\", \"Address\": \"398 Beacon St.\", \"Current Status\": \"Boston, MA 02116\", \"First Name\": \"john\", \"Bio Information\": \"John was born in Somerville, Ma on May2, 1940 of Irish immigrant parents. His father Pat was born in County Waterford while his mother was born in County Galway. He went to St Clement's School in West Somerville where he met his future wife, Barbara Ann Wilcox, and from where he graduated from in 1958. He was a commuter at Boston College where he graduated from in 1962. He then went to Georgetown University School of Medicine where he graduated from in1966. He married Barbara Wilcox in1963. Their first son, John, was born in 1964, while their 2nd son, Michael, was born in 1965. He spent his internship year at St Vincent Hospital in Worcester, Ma. In 1967 he started his Radiology Residency at Lahey Clinic, Boston, Ma from 1967 to 1970. He entered the US Navy in 1970 and was stationed in Charleston, SC where he served from 1970 to 1972. He returned to the Boston area and was on the staff of Lawrence General Hospital as a staff radiologist from1972 until 2002. He then went to Jordan Hospital from2002 until Dec 31, 2008 when he retired. During the intervening years, Barbara obtained a Master's degree in Social Work and set up a private psychotherapy practice in Copley Square. John Jr. went to Stanford University where he obtained a Bachelor's and Masters degree in Aerospace Engineering. Michael received a Bachelors degree with majors in Economics and English from University of Michigan. He eventually went into Medicine and presently is a Medical Oncologist Hematologist in Saratoga Springs, NY. He married Sarah Mavis and their son, Danny, is the love of John's life. He loves to take courses, travel, and Salt Water Fly Fishing as his hobbies. He is looking forward to taking courses and being part of the Harvard Community. \", \"City State Zip\": \"Boston, MA 02116\", \"Display name\": \"john keefe\", \"Member Since\": \"Boston, MA 02116\", \"Email\": \"jbkeefe1@verizon.net\"}", "Phone": "(617) 267-3830", "Last Name": "keefe", "Photo": "", "Address": "398 Beacon St.", "Current Status": "Boston, MA 02116", "First Name": "john", "Bio Information": "John was born in Somerville, Ma on May2, 1940 of Irish immigrant parents. His father Pat was born in County Waterford while his mother was born in County Galway. He went to St Clement's School in West Somerville where he met his future wife, Barbara Ann Wilcox, and from where he graduated from in 1958. He was a commuter at Boston College where he graduated from in 1962. He then went to Georgetown University School of Medicine where he graduated from in1966. He married Barbara Wilcox in1963. Their first son, John, was born in 1964, while their 2nd son, Michael, was born in 1965. He spent his internship year at St Vincent Hospital in Worcester, Ma. In 1967 he started his Radiology Residency at Lahey Clinic, Boston, Ma from 1967 to 1970. He entered the US Navy in 1970 and was stationed in Charleston, SC where he served from 1970 to 1972. He returned to the Boston area and was on the staff of Lawrence General Hospital as a staff radiologist from1972 until 2002. He then went to Jordan Hospital from2002 until Dec 31, 2008 when he retired. During the intervening years, Barbara obtained a Master's degree in Social Work and set up a private psychotherapy practice in Copley Square. John Jr. went to Stanford University where he obtained a Bachelor's and Masters degree in Aerospace Engineering. Michael received a Bachelors degree with majors in Economics and English from University of Michigan. He eventually went into Medicine and presently is a Medical Oncologist Hematologist in Saratoga Springs, NY. He married Sarah Mavis and their son, Danny, is the love of John's life. He loves to take courses, travel, and Salt Water Fly Fishing as his hobbies. He is looking forward to taking courses and being part of the Harvard Community. ", "City State Zip": "Boston, MA 02116", "Display name": "john keefe", "Member Since": "Boston, MA 02116", "Email": "jbkeefe1@verizon.net"}
