{"SafeDict": "{\"Phone\": \"781-237-9556\", \"Last Name\": \"Ross\", \"Photo\": \"\", \"Address\": \"28 Rockridge Road\", \"Current Status\": \"2011\", \"First Name\": \"John\", \"Bio Information\": \"John has fond memories of his childhood, living in a suburb of Philadelphia, but his parents had grown up in Boston and his relatives remained there, so he knew something of the area when he entered MIT as a freshman in 1963. Boston soon became \\u201chome\\u201d and over the next 11 years John received bachelors and doctoral degrees from MIT in chemical engineering.   As many of us remember, it was a wonderful time to be in college. Pop music and folk music were everywhere and Boston and Cambridge had an incredible concentration of students. Even better, John met Myrna, as a result of each of their apartment-mates scheming to bring them together, and they have been married ever since.\\nFor a time John aspired to an academic career, but a job in industry prevailed. He had become adept at computer simulation and this became one of his specialties as he started work for Cabot Corporation in Billerica. Cabot manufactures specialty chemicals and has facilities all around the world. John stayed with them his entire career, over 35 years, working in R/D, plant design and plant management. Two things John most loved about his job were the challenge of solving difficult, technical problems and the opportunity to meet people from many different cultures.  The first step along the way \\u2013 and one fraught with misgivings at the start \\u2013 was a family relocation in 1978 to Pampa, Texas, a small, isolated town in the Texas Panhandle. Myrna, John and their one year old daughter, Alison, settled in. It was a struggle \\u2013 they would drive 70 miles to Amarillo to attend Jewish worship services \\u2013 but they were aided tremendously by friendly, warm people of a kind seen only in small towns. After three years, the family did move back to the house they had left behind in Wellesley, but not before Myrna gave birth to their second daughter, Ainsley.\\nBack in the Boston area, several years setting roots ended abruptly when John was transferred to Tokyo. Once again the family packed up and found a place in a new setting, but this was a huge challenge for everyone. One constant, though, seemed to be travel and curiosity about the local culture. Each member of the family saw a slightly different Japan: John saw more of the corporate side, Myrna more of the traditional cultural side, Ainsley and Alison the melting pot of children from many countries who lived as expatriates with their families. It was never dull.\\nJapan also became the departure point for travel throughout Asia and the Pacific. Family trips led to the far ends of Thailand, China, New Zealand, Indonesia and Australia. The experiences were incredible.\\nAfter almost six years abroad, Boston once again became home base. Under Myrna\\u2019s influence, John developed growing interests in art, art history and crafts. At work, his specialty increasingly became improving organizational effectiveness. His technical background had become the prelude to solving people problems. That pattern continued until his retirement in 2009.\\nIn 2004, John was diagnosed with multiple myeloma, a cancer in the blood system. This was further complicated by developing amyloidosis in 2006, an even more aggressive (and more rare) blood disorder. John and Myrna had to travel to the Mayo Clinic in Rochester, Minnesota to find the right combination of drugs for a stem cell transplant. That procedure has driven the cancer into remission for now, but the recovery was an arduous one and side effects remain. Myrna was instrumental in pulling John through. The experience gave John and Myrna an all too close exposure to the cutting edge of modern medicine, with both its incredible benefits and its maddening limitations.    \\nOn the positive side, one of the best features of Mayo is a very visible collection of art, especially art glass, that provides a wonderful atmosphere for healing and inspiration, a welcome diversion from the medical tests, procedures and risks. After the transplant, this collection helped foster what has become a new passion for John and Myrna around contemporary art glass.\\nJohn\\u2019s children are now adults: one in Dallas, Texas \\u2013 with a new grandchild -- and one in Somerville. Myrna has developed great skill in floral design, a talent first approached in Japan. John and Myrna, together, pursue their love of art glass. Alongside that, John is hoping at HILR to pursue many of his other interests \\u2013 from ancient cultures to modern ones, from fine art to movies, and from energy policies to economic policies.\\n \", \"City State Zip\": \"Wellesley Hills, MA 02481\", \"Display name\": \"John Ross\", \"Member Since\": \"2011\", \"Email\": \"johnross@alum.mit.edu\"}", "Phone": "781-237-9556", "Last Name": "Ross", "Photo": "", "Address": "28 Rockridge Road", "Current Status": "2011", "First Name": "John", "Bio Information": "John has fond memories of his childhood, living in a suburb of Philadelphia, but his parents had grown up in Boston and his relatives remained there, so he knew something of the area when he entered MIT as a freshman in 1963. Boston soon became \u201chome\u201d and over the next 11 years John received bachelors and doctoral degrees from MIT in chemical engineering.   As many of us remember, it was a wonderful time to be in college. Pop music and folk music were everywhere and Boston and Cambridge had an incredible concentration of students. Even better, John met Myrna, as a result of each of their apartment-mates scheming to bring them together, and they have been married ever since.\nFor a time John aspired to an academic career, but a job in industry prevailed. He had become adept at computer simulation and this became one of his specialties as he started work for Cabot Corporation in Billerica. Cabot manufactures specialty chemicals and has facilities all around the world. John stayed with them his entire career, over 35 years, working in R/D, plant design and plant management. Two things John most loved about his job were the challenge of solving difficult, technical problems and the opportunity to meet people from many different cultures.  The first step along the way \u2013 and one fraught with misgivings at the start \u2013 was a family relocation in 1978 to Pampa, Texas, a small, isolated town in the Texas Panhandle. Myrna, John and their one year old daughter, Alison, settled in. It was a struggle \u2013 they would drive 70 miles to Amarillo to attend Jewish worship services \u2013 but they were aided tremendously by friendly, warm people of a kind seen only in small towns. After three years, the family did move back to the house they had left behind in Wellesley, but not before Myrna gave birth to their second daughter, Ainsley.\nBack in the Boston area, several years setting roots ended abruptly when John was transferred to Tokyo. Once again the family packed up and found a place in a new setting, but this was a huge challenge for everyone. One constant, though, seemed to be travel and curiosity about the local culture. Each member of the family saw a slightly different Japan: John saw more of the corporate side, Myrna more of the traditional cultural side, Ainsley and Alison the melting pot of children from many countries who lived as expatriates with their families. It was never dull.\nJapan also became the departure point for travel throughout Asia and the Pacific. Family trips led to the far ends of Thailand, China, New Zealand, Indonesia and Australia. The experiences were incredible.\nAfter almost six years abroad, Boston once again became home base. Under Myrna\u2019s influence, John developed growing interests in art, art history and crafts. At work, his specialty increasingly became improving organizational effectiveness. His technical background had become the prelude to solving people problems. That pattern continued until his retirement in 2009.\nIn 2004, John was diagnosed with multiple myeloma, a cancer in the blood system. This was further complicated by developing amyloidosis in 2006, an even more aggressive (and more rare) blood disorder. John and Myrna had to travel to the Mayo Clinic in Rochester, Minnesota to find the right combination of drugs for a stem cell transplant. That procedure has driven the cancer into remission for now, but the recovery was an arduous one and side effects remain. Myrna was instrumental in pulling John through. The experience gave John and Myrna an all too close exposure to the cutting edge of modern medicine, with both its incredible benefits and its maddening limitations.    \nOn the positive side, one of the best features of Mayo is a very visible collection of art, especially art glass, that provides a wonderful atmosphere for healing and inspiration, a welcome diversion from the medical tests, procedures and risks. After the transplant, this collection helped foster what has become a new passion for John and Myrna around contemporary art glass.\nJohn\u2019s children are now adults: one in Dallas, Texas \u2013 with a new grandchild -- and one in Somerville. Myrna has developed great skill in floral design, a talent first approached in Japan. John and Myrna, together, pursue their love of art glass. Alongside that, John is hoping at HILR to pursue many of his other interests \u2013 from ancient cultures to modern ones, from fine art to movies, and from energy policies to economic policies.\n ", "City State Zip": "Wellesley Hills, MA 02481", "Display name": "John Ross", "Member Since": "2011", "Email": "johnross@alum.mit.edu"}
