{"SafeDict": "{\"Phone\": \"\", \"Last Name\": \"Traficonte\", \"Photo\": \"\", \"Address\": \"\", \"Current Status\": \"\", \"First Name\": \"John\", \"Bio Information\": \"I was born in New Jersey and attended Bucknell University.  I did graduate work at Columbia University in European intellectual history in the 1970s, teaching in their core curriculum program (Contemporary Civilization) for several years.   After getting my Ph.D., I changed direction and went to law school at Harvard, graduating in 1983.  I have been practiciing law since then primarily as a litigator.  I have worked in both the public and the public sector and for some years have had my own solo practice.  \", \"City State Zip\": \"\", \"Display name\": \"John Traficonte\", \"Member Since\": \"\", \"Email\": \"johntraficonte@gmail.com\"}", "Phone": "", "Last Name": "Traficonte", "Photo": "", "Address": "", "Current Status": "", "First Name": "John", "Bio Information": "I was born in New Jersey and attended Bucknell University.  I did graduate work at Columbia University in European intellectual history in the 1970s, teaching in their core curriculum program (Contemporary Civilization) for several years.   After getting my Ph.D., I changed direction and went to law school at Harvard, graduating in 1983.  I have been practiciing law since then primarily as a litigator.  I have worked in both the public and the public sector and for some years have had my own solo practice.  ", "City State Zip": "", "Display name": "John Traficonte", "Member Since": "", "Email": "johntraficonte@gmail.com"}
