{"SafeDict": "{\"Phone\": \"(617) 354-8822\", \"Last Name\": \"Harrington\", \"Photo\": \"\", \"Address\": \"110 Kinnaird St.\", \"Current Status\": \"Active Member\", \"First Name\": \"Jonathan\", \"Bio Information\": \"I was born in a village in upstate New York, where my father and grandfather had a slate quarry. Growing up surrounded by quite beautiful countryside, I was fascinated by nature from an early age. I began Harvard as a biology concentrator, intending to become a scientist. But I found that what I wanted out of Harvard was a \\u201cgreat books\\u201d education, so I switched to English. After graduation I earned a second B.A. in zoology at Cambridge University, completing a 360 degree journey from science to literature and back to science. I then did a Ph.D. in animal behavior at Duke and taught at several colleges. In the 1980s I left academics to take a job as an editor in a New York publishing company (back to literature again!) and subsequently worked as an editor and writer for various book publishers, medical and scientific journals, drug companies, nonprofit organizations, and universities, including Harvard.\\n            For the past 25 years I have lived in Somerville and Cambridge, where I feel very much at home as a member of the Harvard community. I enjoy the New England countryside, classical music, cooking, being with my son and grandson, and travel. Earthwatch expeditions have taken me to some interesting corners of the world and given me a chance to participate again in hands-on research. On an expedition to Madagascar I censused animals in the same patch of forest where I had done Ph.D. research on lemurs 40 years before. My latest trip was to South Africa, where I was stalked by a stuffed leopard.\\n            Back when I was teaching zoology, I became interested in the relations between animals and people in ancient Greece and Rome\\u2013\\u2013\\u2013what Kingsley Amis would have called a \\u201cstrangely neglected subject.\\u201d Later I took courses in Latin and Greek at the Harvard Extension School to be able to go to the original sources. I am working on a book to be called Lions and Warriors from Homeric Greece to Modern Times, which combines my interests in animals and literature and gives me an excuse to travel to Greece and Africa. I am looking forward to socializing and sharing interests with the members of HILR.\", \"City State Zip\": \"Cambridge, MA 02139\", \"Display name\": \"Jonathan Harrington\", \"Member Since\": \"2012\", \"Email\": \"jonathan.tori@verizon.net\"}", "Phone": "(617) 354-8822", "Last Name": "Harrington", "Photo": "", "Address": "110 Kinnaird St.", "Current Status": "Active Member", "First Name": "Jonathan", "Bio Information": "I was born in a village in upstate New York, where my father and grandfather had a slate quarry. Growing up surrounded by quite beautiful countryside, I was fascinated by nature from an early age. I began Harvard as a biology concentrator, intending to become a scientist. But I found that what I wanted out of Harvard was a \u201cgreat books\u201d education, so I switched to English. After graduation I earned a second B.A. in zoology at Cambridge University, completing a 360 degree journey from science to literature and back to science. I then did a Ph.D. in animal behavior at Duke and taught at several colleges. In the 1980s I left academics to take a job as an editor in a New York publishing company (back to literature again!) and subsequently worked as an editor and writer for various book publishers, medical and scientific journals, drug companies, nonprofit organizations, and universities, including Harvard.\n            For the past 25 years I have lived in Somerville and Cambridge, where I feel very much at home as a member of the Harvard community. I enjoy the New England countryside, classical music, cooking, being with my son and grandson, and travel. Earthwatch expeditions have taken me to some interesting corners of the world and given me a chance to participate again in hands-on research. On an expedition to Madagascar I censused animals in the same patch of forest where I had done Ph.D. research on lemurs 40 years before. My latest trip was to South Africa, where I was stalked by a stuffed leopard.\n            Back when I was teaching zoology, I became interested in the relations between animals and people in ancient Greece and Rome\u2013\u2013\u2013what Kingsley Amis would have called a \u201cstrangely neglected subject.\u201d Later I took courses in Latin and Greek at the Harvard Extension School to be able to go to the original sources. I am working on a book to be called Lions and Warriors from Homeric Greece to Modern Times, which combines my interests in animals and literature and gives me an excuse to travel to Greece and Africa. I am looking forward to socializing and sharing interests with the members of HILR.", "City State Zip": "Cambridge, MA 02139", "Display name": "Jonathan Harrington", "Member Since": "2012", "Email": "jonathan.tori@verizon.net"}
