{"SafeDict": "{\"Phone\": \"203-522-3500\", \"Last Name\": \"Sturman\", \"Photo\": \"\", \"Address\": \"221 Mass Ave, Apt 1109\", \"Current Status\": \"New Member\", \"First Name\": \"Jonathan\", \"Bio Information\": \"Jon Sturman grew up in Rochester, N.Y. and then headed east to Dartmouth College where he majored in Government and graduated with honors in 1964. After active duty service in the U.S. Army Reserves, he pursued his education at The Harvard Business School where he received an MBA in Finance in 1967. Jon started his career as a security analyst for a mutual fund management company in Boston, but soon moved over to the corporate world. Most of his professional life was spent with Freeport McMoRan in New York and New Orleans and then with the Pittston Company in Connecticut and Richmond, VA. At Pittston, (a Fortune 500 transportation services and mining company) he served in various executive capacities including Corporate Controller, CFO of its Brink\\u2019s armored car subsidiary, and VP of Planning and Analysis. In Richmond, he also served on several non-profit boards. Following retirement, Jon has done some consulting work for state and local governments and non- profits. He has also enjoyed participating in a variety of lifetime learning programs, and now looks forward to becoming an active member of the HILR community. Jon and his wife Kathy reside in Fairfield, CT, close to their six grandchildren, and also maintain an apartment in Boston.\", \"City State Zip\": \"Boston, MA. 02115\", \"Display name\": \"Jonathan Sturman\", \"Member Since\": \"Spring 2015\", \"Email\": \"jmsturman@aol.com\"}", "Phone": "203-522-3500", "Last Name": "Sturman", "Photo": "", "Address": "221 Mass Ave, Apt 1109", "Current Status": "New Member", "First Name": "Jonathan", "Bio Information": "Jon Sturman grew up in Rochester, N.Y. and then headed east to Dartmouth College where he majored in Government and graduated with honors in 1964. After active duty service in the U.S. Army Reserves, he pursued his education at The Harvard Business School where he received an MBA in Finance in 1967. Jon started his career as a security analyst for a mutual fund management company in Boston, but soon moved over to the corporate world. Most of his professional life was spent with Freeport McMoRan in New York and New Orleans and then with the Pittston Company in Connecticut and Richmond, VA. At Pittston, (a Fortune 500 transportation services and mining company) he served in various executive capacities including Corporate Controller, CFO of its Brink\u2019s armored car subsidiary, and VP of Planning and Analysis. In Richmond, he also served on several non-profit boards. Following retirement, Jon has done some consulting work for state and local governments and non- profits. He has also enjoyed participating in a variety of lifetime learning programs, and now looks forward to becoming an active member of the HILR community. Jon and his wife Kathy reside in Fairfield, CT, close to their six grandchildren, and also maintain an apartment in Boston.", "City State Zip": "Boston, MA. 02115", "Display name": "Jonathan Sturman", "Member Since": "Spring 2015", "Email": "jmsturman@aol.com"}
