{"SafeDict": "{\"Phone\": \"\", \"Last Name\": \"Small\", \"Photo\": \"\", \"Address\": \"\", \"Current Status\": \"\", \"First Name\": \"Jonathan\", \"Bio Information\": \"\", \"City State Zip\": \"\", \"Display name\": \"Jonathan Small\", \"Member Since\": \"\", \"Email\": \"smallj366@gmail.com\"}", "Phone": "", "Last Name": "Small", "Photo": "", "Address": "", "Current Status": "", "First Name": "Jonathan", "Bio Information": "", "City State Zip": "", "Display name": "Jonathan Small", "Member Since": "", "Email": "smallj366@gmail.com"}
