{"SafeDict": "{\"Phone\": \"(617) 277-0622\", \"Last Name\": \"Strongin\", \"Photo\": \"\", \"Address\": \"83 Blake Rd\", \"Current Status\": \"2015\", \"First Name\": \"Jonathan\", \"Bio Information\": \"Jonathan retired from the full time practice of medicine in 2009 from the Cambridge Health Alliance where he was the Section Chief of Pulmonary and Critical Care Medicine. He continues a weekly outpatient clinic limited to pulmonary medicine and sleep disorders. He remains involved in resident and Harvard medical student education.\\n\\nHe attended Columbia University where he received his BA, Ph.D, and MD degrees.He was a Fulbright Scholar in Peru conducting field research among the Machiguenga Indians of the Upper Urubamba River Basin. During his initial field trip, his interest shifted from social organization to the effects of culture contact and development on the health status of the Machiguenga. After completing his field work, he attended medical school and wrote his dissertation and received his MD and Ph.D  in 1982.\\n\\nJonathan trained in Internal Medicine at the Cambridge and Beth Israel Hospitals and was a fellow in Pulmonary and Critical Care Medicine at the Massachusetts General Hospital.\\n\\nJonathan and his wife, Ellen Seely, Professor of Medicine at Harvard Medical School and a physician at the Brigham and Women\\u2019s Hospital, live in Brookline and Wellfleet. They have two grown children.\", \"City State Zip\": \"Brookline, MA 02445\", \"Display name\": \"Jonathan Strongin\", \"Member Since\": \"2015\", \"Email\": \"jstrongin@challiance.org\"}", "Phone": "(617) 277-0622", "Last Name": "Strongin", "Photo": "", "Address": "83 Blake Rd", "Current Status": "2015", "First Name": "Jonathan", "Bio Information": "Jonathan retired from the full time practice of medicine in 2009 from the Cambridge Health Alliance where he was the Section Chief of Pulmonary and Critical Care Medicine. He continues a weekly outpatient clinic limited to pulmonary medicine and sleep disorders. He remains involved in resident and Harvard medical student education.\n\nHe attended Columbia University where he received his BA, Ph.D, and MD degrees.He was a Fulbright Scholar in Peru conducting field research among the Machiguenga Indians of the Upper Urubamba River Basin. During his initial field trip, his interest shifted from social organization to the effects of culture contact and development on the health status of the Machiguenga. After completing his field work, he attended medical school and wrote his dissertation and received his MD and Ph.D  in 1982.\n\nJonathan trained in Internal Medicine at the Cambridge and Beth Israel Hospitals and was a fellow in Pulmonary and Critical Care Medicine at the Massachusetts General Hospital.\n\nJonathan and his wife, Ellen Seely, Professor of Medicine at Harvard Medical School and a physician at the Brigham and Women\u2019s Hospital, live in Brookline and Wellfleet. They have two grown children.", "City State Zip": "Brookline, MA 02445", "Display name": "Jonathan Strongin", "Member Since": "2015", "Email": "jstrongin@challiance.org"}
