{"SafeDict": "{\"Phone\": \"617-527-8126\", \"Last Name\": \"Sabbath\", \"Photo\": \"\", \"Address\": \"165 Paulson Road\", \"Current Status\": \"1998\", \"First Name\": \"Joseph\", \"Bio Information\": \"Joe Sabbath is a former Montrealer and now a resident of Waban. He graduated from McGill University Medical School, with postgraduate study in Europe and the US. He has had specialty training in child and family psychiatry and psychoanalysis. He was associated with Harvard University as it lecturer and clinician, and was a senior associate of the Levinson Institute, a management and training organization.\\n\\nHe has a continuing interest in the history of medicine and in horticultural prints. Joe is an ardent traveler, a student of foreign languages, a gardener, and a cyclist. He looks forward to sharing the many interests and experiences of HILR members.\", \"City State Zip\": \"Waban MA 02468-1231\", \"Display name\": \"Joseph Sabbath\", \"Member Since\": \"1998\", \"Email\": \"marciajo@massmed.org\"}", "Phone": "617-527-8126", "Last Name": "Sabbath", "Photo": "", "Address": "165 Paulson Road", "Current Status": "1998", "First Name": "Joseph", "Bio Information": "Joe Sabbath is a former Montrealer and now a resident of Waban. He graduated from McGill University Medical School, with postgraduate study in Europe and the US. He has had specialty training in child and family psychiatry and psychoanalysis. He was associated with Harvard University as it lecturer and clinician, and was a senior associate of the Levinson Institute, a management and training organization.\n\nHe has a continuing interest in the history of medicine and in horticultural prints. Joe is an ardent traveler, a student of foreign languages, a gardener, and a cyclist. He looks forward to sharing the many interests and experiences of HILR members.", "City State Zip": "Waban MA 02468-1231", "Display name": "Joseph Sabbath", "Member Since": "1998", "Email": "marciajo@massmed.org"}
