{"SafeDict": "{\"Phone\": \"617-965-1633\", \"Last Name\": \"Pines\", \"Photo\": \"\", \"Address\": \"40 Helene Road\", \"Current Status\": \"2008\", \"First Name\": \"Joseph\", \"Bio Information\": \"Joe recently retired from the private practice of Internal Medicine and Pulmonary Disease after 40 years. He has been on the staff of the Beth Israel Deaconess Medical Center during this time, most recently as a Senior Physician, and is an Assistant Clinical Professor of Medicine at Harvard Medical School where he still teaches part time. He grew up in Manhattan where he attended a small private school, and then went to Yale. Thereafter he returned to New York City to attend Columbia University College of Physicians and Surgeons. After graduation, he decided to see what Boston medicine was all about and accepted a position as Medical Intern and then Junior Resident at Peter Bent Brigham Hospital. It was in Boston that he met his future wife, Lois. After their marriage, Joe entered the Air Force as a Captain and was stationed at Wright Patterson AFB in Dayton, Ohio, in the Aerospace Medical Research Laboratory there. This facility was engaged in investigating the cardiopulmonary responses to thermal and hypergravitational stress. That was the time of the Mercury project which first sent a man briefly into space. It was a fascinating 2 years.\\n\\nJoe and Lois returned to Boston after his discharge from the Air force. He completed a fellowship in cardiology and cardiac catheterization at Mass General Hospital, and was then named Chief Resident in Medicine at Beth Israel Hospital. He was on the full time medical staff at Beth Israel for several years and thereafter entered private practice. His family has lived in Waban ever since. Lois, who graduated from Barnard, had begun her law degree at Boston University before their marriage and completed it at the University of Cincinnati during the Air Force years. She went on to enter politics, and was a State Representative from Newton and then a State Senator from Newton, Brookline and Wellesley for many years. She is now practicing law and is responsible for all global legal and regulatory relations for their son\\u2019s telecommunications company. Their son, Robert, received his BA from Harvard and his MBA from Wharton . He is now living in NYC and is the CEO of the company that he founded. He met his wife, currently a litigation attorney, at Harvard and they have two sons. Joe and Lois\\u2019 daughter, Davida, graduated from Yale and then received a Masters degree in English at NYU, an M. Phil.(Romantic Poetry) at Oxford University and a Ph.D in English at Brandeis. She is an Associate Professor of Rhetoric at Boston University. She is married to a nephrologist who is engaged in the development of biopharmaceuticals.They have a son and a daughter.\\n\\nJoe\\u2019s interests have included leisure travel. He and his family have always enjoyed skiing and tennis. After a few achilles tendon injuries playing tennis, however, he switched to golf which is much harder! He also enjoys trying to speak French and would like to spend some time now improving this skill. He enjoys reading and theater. He is looking forward to exploring new areas at HILR\", \"City State Zip\": \"Waban MA 02468\", \"Display name\": \"Joseph Pines\", \"Member Since\": \"2008\", \"Email\": \"jpines@bidmc.harvard.edu\"}", "Phone": "617-965-1633", "Last Name": "Pines", "Photo": "", "Address": "40 Helene Road", "Current Status": "2008", "First Name": "Joseph", "Bio Information": "Joe recently retired from the private practice of Internal Medicine and Pulmonary Disease after 40 years. He has been on the staff of the Beth Israel Deaconess Medical Center during this time, most recently as a Senior Physician, and is an Assistant Clinical Professor of Medicine at Harvard Medical School where he still teaches part time. He grew up in Manhattan where he attended a small private school, and then went to Yale. Thereafter he returned to New York City to attend Columbia University College of Physicians and Surgeons. After graduation, he decided to see what Boston medicine was all about and accepted a position as Medical Intern and then Junior Resident at Peter Bent Brigham Hospital. It was in Boston that he met his future wife, Lois. After their marriage, Joe entered the Air Force as a Captain and was stationed at Wright Patterson AFB in Dayton, Ohio, in the Aerospace Medical Research Laboratory there. This facility was engaged in investigating the cardiopulmonary responses to thermal and hypergravitational stress. That was the time of the Mercury project which first sent a man briefly into space. It was a fascinating 2 years.\n\nJoe and Lois returned to Boston after his discharge from the Air force. He completed a fellowship in cardiology and cardiac catheterization at Mass General Hospital, and was then named Chief Resident in Medicine at Beth Israel Hospital. He was on the full time medical staff at Beth Israel for several years and thereafter entered private practice. His family has lived in Waban ever since. Lois, who graduated from Barnard, had begun her law degree at Boston University before their marriage and completed it at the University of Cincinnati during the Air Force years. She went on to enter politics, and was a State Representative from Newton and then a State Senator from Newton, Brookline and Wellesley for many years. She is now practicing law and is responsible for all global legal and regulatory relations for their son\u2019s telecommunications company. Their son, Robert, received his BA from Harvard and his MBA from Wharton . He is now living in NYC and is the CEO of the company that he founded. He met his wife, currently a litigation attorney, at Harvard and they have two sons. Joe and Lois\u2019 daughter, Davida, graduated from Yale and then received a Masters degree in English at NYU, an M. Phil.(Romantic Poetry) at Oxford University and a Ph.D in English at Brandeis. She is an Associate Professor of Rhetoric at Boston University. She is married to a nephrologist who is engaged in the development of biopharmaceuticals.They have a son and a daughter.\n\nJoe\u2019s interests have included leisure travel. He and his family have always enjoyed skiing and tennis. After a few achilles tendon injuries playing tennis, however, he switched to golf which is much harder! He also enjoys trying to speak French and would like to spend some time now improving this skill. He enjoys reading and theater. He is looking forward to exploring new areas at HILR", "City State Zip": "Waban MA 02468", "Display name": "Joseph Pines", "Member Since": "2008", "Email": "jpines@bidmc.harvard.edu"}
