{"SafeDict": "{\"Phone\": \"978-618-6774\", \"Last Name\": \"Spound\", \"Photo\": \"\", \"Address\": \"30 Hillside Dr.\", \"Current Status\": \"2001\", \"First Name\": \"Joseph\", \"Bio Information\": \"A native of Brookline and raised in Leominster, Joe received a BA from Dartmouth and subsequently did graduate study in economics at Columbia and UCLA.\\n\\nHis business career encompassed two different fields. Until 1982, he was part owner and president of Charlton Company, Inc., nationally known manufacturers of contemporary furniture, with plants in Massachusetts and California. The Charlton Company specialized in innovative designs, and the products also included faithful reproductions of the great classics of modern design.\\n\\nIn recent years, Joe's interest in creative design and construction found expression in the field of office and industrial real estate development. Joe founded Spound Development Associates, now managed by one of his sons.\\n\\nAlong with many civic activities over the years, Joe has also studied Russian, Spanish, government, and philosophy. He continues to chair a reading group that he started five years ago. Other interests include golf, cross-country skiing, and travel.\\n\\nHe is married to Paula, also a member of HILR. After many years in Weston, they now live in Wayland. They have three sons and six grandchildren.\", \"City State Zip\": \"Wayland MA 01778\", \"Display name\": \"Joseph Spound\", \"Member Since\": \"2001\", \"Email\": \"sda238@aol.com\"}", "Phone": "978-618-6774", "Last Name": "Spound", "Photo": "", "Address": "30 Hillside Dr.", "Current Status": "2001", "First Name": "Joseph", "Bio Information": "A native of Brookline and raised in Leominster, Joe received a BA from Dartmouth and subsequently did graduate study in economics at Columbia and UCLA.\n\nHis business career encompassed two different fields. Until 1982, he was part owner and president of Charlton Company, Inc., nationally known manufacturers of contemporary furniture, with plants in Massachusetts and California. The Charlton Company specialized in innovative designs, and the products also included faithful reproductions of the great classics of modern design.\n\nIn recent years, Joe's interest in creative design and construction found expression in the field of office and industrial real estate development. Joe founded Spound Development Associates, now managed by one of his sons.\n\nAlong with many civic activities over the years, Joe has also studied Russian, Spanish, government, and philosophy. He continues to chair a reading group that he started five years ago. Other interests include golf, cross-country skiing, and travel.\n\nHe is married to Paula, also a member of HILR. After many years in Weston, they now live in Wayland. They have three sons and six grandchildren.", "City State Zip": "Wayland MA 01778", "Display name": "Joseph Spound", "Member Since": "2001", "Email": "sda238@aol.com"}
