{"SafeDict": "{\"Phone\": \"(617) 630-1803\", \"Last Name\": \"Grabowski\", \"Photo\": \"\", \"Address\": \"401a Dedham St.\", \"Current Status\": \"New\", \"First Name\": \"Joseph\", \"Bio Information\": \"Background:\\nI was raised in Rhode Island and pursued both undergraduate and graduate degrees in New Jersey.\\nI lived in the New York area for 30 years and called Great Neck,N.Y. home for virtually that entire time. I was recruited for a job in MA in 2000 and have lived in Newton for 13 years. As much as I did enjoy New York,especially working in Manhattan,I have put down permanent roots here. I retired in 2012 and have stayed active in a variety of ways included two Boards,volunteer work,exercise and travel. For leisure time activities,I like classical music and the opera (N.B. attended a performance at La Scala two weeks ago). I enjoy reading,movies,travel,etc.I am a bit of a 'foodie' and enjoy exploring different cuisines both here and when traveling.\\n \\nProfessional history:\\nI started my business career after completing my MBA with the Doubleday company in NewYork. In the course of the next 10 years, I held a variety of financial and marketing jobs which culminated in a promotion to the CEO spot of the biggest and most profitable operating division in the company. Eventually,Doubleday was sold and I moved on to a variety of senior posts mainly in direct to the consumer organizations.My last assignment was President and CEO of The Fuller Brush Company.\", \"City State Zip\": \"Newton, MA, 02459\", \"Display name\": \"Joseph Grabowski\", \"Member Since\": \"Fall 2013\", \"Email\": \"joegrabowski1@aol.com\"}", "Phone": "(617) 630-1803", "Last Name": "Grabowski", "Photo": "", "Address": "401a Dedham St.", "Current Status": "New", "First Name": "Joseph", "Bio Information": "Background:\nI was raised in Rhode Island and pursued both undergraduate and graduate degrees in New Jersey.\nI lived in the New York area for 30 years and called Great Neck,N.Y. home for virtually that entire time. I was recruited for a job in MA in 2000 and have lived in Newton for 13 years. As much as I did enjoy New York,especially working in Manhattan,I have put down permanent roots here. I retired in 2012 and have stayed active in a variety of ways included two Boards,volunteer work,exercise and travel. For leisure time activities,I like classical music and the opera (N.B. attended a performance at La Scala two weeks ago). I enjoy reading,movies,travel,etc.I am a bit of a 'foodie' and enjoy exploring different cuisines both here and when traveling.\n \nProfessional history:\nI started my business career after completing my MBA with the Doubleday company in NewYork. In the course of the next 10 years, I held a variety of financial and marketing jobs which culminated in a promotion to the CEO spot of the biggest and most profitable operating division in the company. Eventually,Doubleday was sold and I moved on to a variety of senior posts mainly in direct to the consumer organizations.My last assignment was President and CEO of The Fuller Brush Company.", "City State Zip": "Newton, MA, 02459", "Display name": "Joseph Grabowski", "Member Since": "Fall 2013", "Email": "joegrabowski1@aol.com"}
