{"SafeDict": "{\"Phone\": \"\", \"Last Name\": \"Rosen\", \"Photo\": \"\", \"Address\": \"\", \"Current Status\": \"2005\", \"First Name\": \"Joseph\", \"Bio Information\": \"Joe was born in New York City (and still roots for the Yankees), but was raised in Boston, attending Boston Latin, Harvard College and the Business School. Upon graduation, he was intrigued by the slogan, \\u201cJoin the Navy and See the World.\\u201d and signed up. After almost a year on land, the Navy fulfilled its promise and he sailed on the USS Bennington, CV A-20, to Guantanamo, Trinidad, Montevideo, Valparaiso, San Diego, Honolulu, Yokosuka, Kobe, Okinawa, Manila and Hong Kong.\\n\\nUpon return to civilian life, Joe spent a decade in the supermarket business, before joining a consulting firm in New York. In 1972, after three years with the firm, he decided that he enjoyed consulting, but wanted to do it on his own, which is what he has been doing ever since, with clients ranging from Staples and Conde Nast to excessaccess.com.\\n\\nCurrently, apart from visiting children and grandchildren in Alabama and California, Joe has been involved with Community Action Partners, a service sponsored by the Harvard Business School Alumni of Boston, which assembles teams of alumni to work on a pro bono basis with nonprofits in the area. He has participated with teams that have worked with the Appalachian Mountain Club, Mass Audubon, Beacon Hill Village, Conservation Law Foundation and Historic New England.\\n\\nHe recently completed six years as a member of the Board of Trustees of The Food Project, an urban/ suburban organization whose mission is \\u201ccreating personal and social change through sustainable agriculture.\\u201d\", \"City State Zip\": \"\", \"Display name\": \"Joseph Rosen\", \"Member Since\": \"2005\", \"Email\": \"btsww@aol.com\"}", "Phone": "", "Last Name": "Rosen", "Photo": "", "Address": "", "Current Status": "2005", "First Name": "Joseph", "Bio Information": "Joe was born in New York City (and still roots for the Yankees), but was raised in Boston, attending Boston Latin, Harvard College and the Business School. Upon graduation, he was intrigued by the slogan, \u201cJoin the Navy and See the World.\u201d and signed up. After almost a year on land, the Navy fulfilled its promise and he sailed on the USS Bennington, CV A-20, to Guantanamo, Trinidad, Montevideo, Valparaiso, San Diego, Honolulu, Yokosuka, Kobe, Okinawa, Manila and Hong Kong.\n\nUpon return to civilian life, Joe spent a decade in the supermarket business, before joining a consulting firm in New York. In 1972, after three years with the firm, he decided that he enjoyed consulting, but wanted to do it on his own, which is what he has been doing ever since, with clients ranging from Staples and Conde Nast to excessaccess.com.\n\nCurrently, apart from visiting children and grandchildren in Alabama and California, Joe has been involved with Community Action Partners, a service sponsored by the Harvard Business School Alumni of Boston, which assembles teams of alumni to work on a pro bono basis with nonprofits in the area. He has participated with teams that have worked with the Appalachian Mountain Club, Mass Audubon, Beacon Hill Village, Conservation Law Foundation and Historic New England.\n\nHe recently completed six years as a member of the Board of Trustees of The Food Project, an urban/ suburban organization whose mission is \u201ccreating personal and social change through sustainable agriculture.\u201d", "City State Zip": "", "Display name": "Joseph Rosen", "Member Since": "2005", "Email": "btsww@aol.com"}
