{"SafeDict": "{\"Phone\": \"\", \"Last Name\": \"Gertner\", \"Photo\": \"\", \"Address\": \"\", \"Current Status\": \"\", \"First Name\": \"Joseph\", \"Bio Information\": \"\", \"City State Zip\": \"\", \"Display name\": \"Joseph Gertner\", \"Member Since\": \"\", \"Email\": \"j.gertner@rcn.com\"}", "Phone": "", "Last Name": "Gertner", "Photo": "", "Address": "", "Current Status": "", "First Name": "Joseph", "Bio Information": "", "City State Zip": "", "Display name": "Joseph Gertner", "Member Since": "", "Email": "j.gertner@rcn.com"}
