{"SafeDict": "{\"Phone\": \"(617) 354-5975\", \"Last Name\": \"Westlund\", \"Photo\": \"\", \"Address\": \"244 Brattle Street, #41,\", \"Current Status\": \"New Member\", \"First Name\": \"Joseph\", \"Bio Information\": \"Joe Westlund has lived in Cambridge for many years. He was an undergraduate at Harvard, earned his doctorate at Berkeley, and taught at Yale, Tufts, and Northeastern. He published Shakespeare\\u2019s Reparative Comedies: A Psychoanalytic View of the Middle Plays (University of Chicago Press, 1984).\\n\\nHe looks forward to resuming his undergraduate years (with a difference) at HILR, and to taking long trips abroad.\", \"City State Zip\": \"Cambridge, MA, 02138\", \"Display name\": \"Joseph Westlund\", \"Member Since\": \"Spring 2014\", \"Email\": \"jospearson@hotmail.com\"}", "Phone": "(617) 354-5975", "Last Name": "Westlund", "Photo": "", "Address": "244 Brattle Street, #41,", "Current Status": "New Member", "First Name": "Joseph", "Bio Information": "Joe Westlund has lived in Cambridge for many years. He was an undergraduate at Harvard, earned his doctorate at Berkeley, and taught at Yale, Tufts, and Northeastern. He published Shakespeare\u2019s Reparative Comedies: A Psychoanalytic View of the Middle Plays (University of Chicago Press, 1984).\n\nHe looks forward to resuming his undergraduate years (with a difference) at HILR, and to taking long trips abroad.", "City State Zip": "Cambridge, MA, 02138", "Display name": "Joseph Westlund", "Member Since": "Spring 2014", "Email": "jospearson@hotmail.com"}
