{"SafeDict": "{\"Phone\": \"\", \"Last Name\": \"Levenson\", \"Photo\": \"\", \"Address\": \"\", \"Current Status\": \"2007\", \"First Name\": \"Joyce\", \"Bio Information\": \"Joyce Cutler Levenson grew up in Springfield, MA, received a BA from the University of Massachusetts (Amherst) and taught in California, New Mexico, and Massachusetts. She earned an MEd and also a Master\\u2019s equivalency in Special Education. This led to consulting and the marketing of Special Education materials. She authored games and teaching aids for learning-disabled children which were published by King Features and Educational Development Corporation. Ultimately, Joyce shifted professions and became Director of National Accounts for Eaton Financial Corporation (AT&T). She was instrumental in the implementation of leasing as a marketing tool for small equipment vendors.\\n\\nThrough the years, she raised three children and actively participated in The League of Women Voters (Board Member), The Learning Center for Deaf Children (Development Chairperson), Danforth Museum (Membership Committee), and Framingham Historical Society (Village Hall Coordinator).\\n\\nToday, her interests center around a love of art and history, particularly presidential homes and libraries, resulting in frequent trips to historic sites and art museums. She shares these interests with her husband Paul (also an HILR member) along with heavy involvement in their blended families of fourteen adult children and spouses and seventeen grandchildren. She looks forward to active participation in the HILR community.\", \"City State Zip\": \"\", \"Display name\": \"Joyce Levenson\", \"Member Since\": \"2007\", \"Email\": \"joycelevenson@gmail.com\"}", "Phone": "", "Last Name": "Levenson", "Photo": "", "Address": "", "Current Status": "2007", "First Name": "Joyce", "Bio Information": "Joyce Cutler Levenson grew up in Springfield, MA, received a BA from the University of Massachusetts (Amherst) and taught in California, New Mexico, and Massachusetts. She earned an MEd and also a Master\u2019s equivalency in Special Education. This led to consulting and the marketing of Special Education materials. She authored games and teaching aids for learning-disabled children which were published by King Features and Educational Development Corporation. Ultimately, Joyce shifted professions and became Director of National Accounts for Eaton Financial Corporation (AT&T). She was instrumental in the implementation of leasing as a marketing tool for small equipment vendors.\n\nThrough the years, she raised three children and actively participated in The League of Women Voters (Board Member), The Learning Center for Deaf Children (Development Chairperson), Danforth Museum (Membership Committee), and Framingham Historical Society (Village Hall Coordinator).\n\nToday, her interests center around a love of art and history, particularly presidential homes and libraries, resulting in frequent trips to historic sites and art museums. She shares these interests with her husband Paul (also an HILR member) along with heavy involvement in their blended families of fourteen adult children and spouses and seventeen grandchildren. She looks forward to active participation in the HILR community.", "City State Zip": "", "Display name": "Joyce Levenson", "Member Since": "2007", "Email": "joycelevenson@gmail.com"}
