{"SafeDict": "{\"Phone\": \"978-369-3243\", \"Last Name\": \"Saler\", \"Photo\": \"\", \"Address\": \"393 Main St\", \"Current Status\": \"2000\", \"First Name\": \"Joyce\", \"Bio Information\": \"Education: University of Pennsylvania, BA in Literature and Art History\\nMASS College of Art: Certification in Art Education\\nLesley College: Independent Study for MS in Education (thesis topic: Interface Development: Psychology and Practice)\\nFounder: Concord Design Group-a graphic design and marketing organization\\nResidences: Germany, Guatemala, Colombia, Spain, Israel\\nInterests: travel,graphic design, assistive technology,origami,wood carving,birding,hiking,textile arts, antique buttons, folk art\", \"City State Zip\": \"Concord, MA 01742\", \"Display name\": \"Joyce Saler\", \"Member Since\": \"2000\", \"Email\": \"jesaler@comcast.net\"}", "Phone": "978-369-3243", "Last Name": "Saler", "Photo": "", "Address": "393 Main St", "Current Status": "2000", "First Name": "Joyce", "Bio Information": "Education: University of Pennsylvania, BA in Literature and Art History\nMASS College of Art: Certification in Art Education\nLesley College: Independent Study for MS in Education (thesis topic: Interface Development: Psychology and Practice)\nFounder: Concord Design Group-a graphic design and marketing organization\nResidences: Germany, Guatemala, Colombia, Spain, Israel\nInterests: travel,graphic design, assistive technology,origami,wood carving,birding,hiking,textile arts, antique buttons, folk art", "City State Zip": "Concord, MA 01742", "Display name": "Joyce Saler", "Member Since": "2000", "Email": "jesaler@comcast.net"}
