{"SafeDict": "{\"Phone\": \"\", \"Last Name\": \"Tyler\", \"Photo\": \"\", \"Address\": \"\", \"Current Status\": \"1994\", \"First Name\": \"Joyce\", \"Bio Information\": \"Joyce Tyler was an archivist and Special Projects Coordinator at the new England Regional Center of the Archives of American Art-Smithsonian Institution from 1971-1993. In 1987, as an archives consultant to the Museum of Fine Arts, she helped secure a grant to establish a permanent archives there. She was also a copy editor at Little, Brown and a partner in a print gallery.\\n\\nCurrently, Joyce is a volunteer archives consultant on a special project at the Brookline Public Library. She has a strong interest in American art, and is an avid reader.\", \"City State Zip\": \"\", \"Display name\": \"Joyce Tyler\", \"Member Since\": \"1994\", \"Email\": \"htyler1798@aol.com\"}", "Phone": "", "Last Name": "Tyler", "Photo": "", "Address": "", "Current Status": "1994", "First Name": "Joyce", "Bio Information": "Joyce Tyler was an archivist and Special Projects Coordinator at the new England Regional Center of the Archives of American Art-Smithsonian Institution from 1971-1993. In 1987, as an archives consultant to the Museum of Fine Arts, she helped secure a grant to establish a permanent archives there. She was also a copy editor at Little, Brown and a partner in a print gallery.\n\nCurrently, Joyce is a volunteer archives consultant on a special project at the Brookline Public Library. She has a strong interest in American art, and is an avid reader.", "City State Zip": "", "Display name": "Joyce Tyler", "Member Since": "1994", "Email": "htyler1798@aol.com"}
