{"SafeDict": "{\"Phone\": \"\", \"Last Name\": \"Levy\", \"Photo\": \"\", \"Address\": \"\", \"Current Status\": \"2003\", \"First Name\": \"Joyce\", \"Bio Information\": \"A native of Connecticut, Joyce has lived in Wayland for the past 40 years. She and her husband, Michael, have devoted their energies to their two sons and fi ve grandchildren, as well as to their own careers. As a graduate of Boston University with both a BS and MS in nursing, Joyce has had a varied and rewarding career both clinically and administratively.\\n\\nAfter serving on the original Psychiatric Emergency Team at Cambridge Hospital, she worked as a psychiatric clinical nurse specialist at Cambridge Hospital and Brigham and Women\\u2019s Hospital. She was a lecturer on psychiatry at the Harvard Medical School. Her main professional interest was in the psychological aspects of physical illness. Joyce co-authored a textbook on the subject. While at Brigham and Women\\u2019s Hospital, Joyce became the nurse administrator of the Radiation Oncology Department, which also treated patients from Children\\u2019s Hospital and Dana Farber Cancer Institute. This position combined her skills as a psychiatric nurse and administrator and gave her the opportunity to learn more about the psychological support cancer patients require.\\n\\nRetirement has afforded Joyce the opportunity to travel and study more. She has recently traveled to China, France, Thailand, Cambodia, and Eastern Europe. She spends time with her grandchildren and especially enjoys watching her sons in their parenting role, and seeing how they view her and their father in a new light. They all enjoy their home on Nantucket where they spend time together.\", \"City State Zip\": \"\", \"Display name\": \"Joyce Levy\", \"Member Since\": \"2003\", \"Email\": \"jlevy@predmar.com\"}", "Phone": "", "Last Name": "Levy", "Photo": "", "Address": "", "Current Status": "2003", "First Name": "Joyce", "Bio Information": "A native of Connecticut, Joyce has lived in Wayland for the past 40 years. She and her husband, Michael, have devoted their energies to their two sons and fi ve grandchildren, as well as to their own careers. As a graduate of Boston University with both a BS and MS in nursing, Joyce has had a varied and rewarding career both clinically and administratively.\n\nAfter serving on the original Psychiatric Emergency Team at Cambridge Hospital, she worked as a psychiatric clinical nurse specialist at Cambridge Hospital and Brigham and Women\u2019s Hospital. She was a lecturer on psychiatry at the Harvard Medical School. Her main professional interest was in the psychological aspects of physical illness. Joyce co-authored a textbook on the subject. While at Brigham and Women\u2019s Hospital, Joyce became the nurse administrator of the Radiation Oncology Department, which also treated patients from Children\u2019s Hospital and Dana Farber Cancer Institute. This position combined her skills as a psychiatric nurse and administrator and gave her the opportunity to learn more about the psychological support cancer patients require.\n\nRetirement has afforded Joyce the opportunity to travel and study more. She has recently traveled to China, France, Thailand, Cambodia, and Eastern Europe. She spends time with her grandchildren and especially enjoys watching her sons in their parenting role, and seeing how they view her and their father in a new light. They all enjoy their home on Nantucket where they spend time together.", "City State Zip": "", "Display name": "Joyce Levy", "Member Since": "2003", "Email": "jlevy@predmar.com"}
