{"SafeDict": "{\"Phone\": \"\", \"Last Name\": \"Uhrig\", \"Photo\": \"\", \"Address\": \"\", \"Current Status\": \"1999\", \"First Name\": \"Judith\", \"Bio Information\": \"Judith ijudy) J. Uhrig, a resident of Lexington, is a graduate of Tufts University with a major in political science who has never lost this interest. She has long been active in local politics, serving on numerous town committees, and has been elected to, and chaired the Lexington Planning Board for several years. She also holds an MS from Simmons College and has worked in academic and public library settings before moving to the corporate world. Most recently she was the manager of business information services at Arthur D.little, Inc.\\n\\nNow she is looking forward to exploring courses in other areas of academic interest developed throughout adulthood- art, music, literature, and history-along with the many interesting, and interested, people at HILR.\", \"City State Zip\": \"\", \"Display name\": \"Judith Uhrig\", \"Member Since\": \"1999\", \"Email\": \"uhrig01@rcn.com\"}", "Phone": "", "Last Name": "Uhrig", "Photo": "", "Address": "", "Current Status": "1999", "First Name": "Judith", "Bio Information": "Judith ijudy) J. Uhrig, a resident of Lexington, is a graduate of Tufts University with a major in political science who has never lost this interest. She has long been active in local politics, serving on numerous town committees, and has been elected to, and chaired the Lexington Planning Board for several years. She also holds an MS from Simmons College and has worked in academic and public library settings before moving to the corporate world. Most recently she was the manager of business information services at Arthur D.little, Inc.\n\nNow she is looking forward to exploring courses in other areas of academic interest developed throughout adulthood- art, music, literature, and history-along with the many interesting, and interested, people at HILR.", "City State Zip": "", "Display name": "Judith Uhrig", "Member Since": "1999", "Email": "uhrig01@rcn.com"}
