{"SafeDict": "{\"Phone\": \"978 363-5354\", \"Last Name\": \"Castle\", \"Photo\": \"\", \"Address\": \"83 Stewart Street\", \"Current Status\": \"West Newbury, MA 01985\", \"First Name\": \"Judith\", \"Bio Information\": \"HILR member since 2003 and have led several literature courses. B.A. in English from the University of London and M.Ed. from Harvard University.\\n\\n Worked as a newspaper editor and reporter for about ten years, then in Art Department at Houghton Mifflin Company. Became Art Director of the School Division.\\n\\nBorn and brought up in England. Attended Cheltenham Ladies College.\", \"City State Zip\": \"West Newbury, MA 01985\", \"Display name\": \"Judith Castle\", \"Member Since\": \"West Newbury, MA 01985\", \"Email\": \"judcastle@comcast.net\"}", "Phone": "978 363-5354", "Last Name": "Castle", "Photo": "", "Address": "83 Stewart Street", "Current Status": "West Newbury, MA 01985", "First Name": "Judith", "Bio Information": "HILR member since 2003 and have led several literature courses. B.A. in English from the University of London and M.Ed. from Harvard University.\n\n Worked as a newspaper editor and reporter for about ten years, then in Art Department at Houghton Mifflin Company. Became Art Director of the School Division.\n\nBorn and brought up in England. Attended Cheltenham Ladies College.", "City State Zip": "West Newbury, MA 01985", "Display name": "Judith Castle", "Member Since": "West Newbury, MA 01985", "Email": "judcastle@comcast.net"}
