{"SafeDict": "{\"Phone\": \"\", \"Last Name\": \"Hampton\", \"Photo\": \"\", \"Address\": \"\", \"Current Status\": \"Active Member\", \"First Name\": \"Judith\", \"Bio Information\": \"Judi Hampton was born and raised in St. Louis, Missouri. Although she attended Columbia University, she returned to the South in 1964, where she participated in the famous \\u201cFreedom Summer\\u201d in Mississippi, a pivotal experience which led to a lifelong commitment to civil rights and education. In 1969, Judi joined the Mobil Corporation, where she spent 16 years as Senior Public Affairs Officer, serving as media spokesperson and director of consumer affairs. In 1985 she founded her own public relations company, specializing in media, community and government relations.\\n\\nThroughout her business career, Judi also found opportunities to teach: at Baruch College, City College, Howard University, and Columbia University. Since 1989 she has been a Woodrow Wilson Fellow, serving as a guest lecturer at campuses nationwide. She also furthered her own education by returning to school for a Master\\u2019s in Education from Cambridge College.\\n\\nIn 1990, Judi turned her focus to leading professional development seminars and executive coaching. She presents programs on leadership, time management survival skills and other topics for clients including the Ford Foundation, the United Nations, Boston University, and Cornell University, government agencies, law firms and corporations. Judi became President of Blackside film and video production company in 1998. She spearheaded a major fund-raising campaign to bring back Eyes on the Prize, the acclaimed series on the civil rights movement that was produced by her brother, Henry Hampton. This resulted in a prime-time rebroadcast of the series on public television in 2006 and the issuance of a new Eyes DVD set.\\n\\nWith all these activities, Judi still manages to spend time on her favorite hobby: playing with her toy poodle and walking him on the Charles River Esplanade.\", \"City State Zip\": \"\", \"Display name\": \"Judith Hampton\", \"Member Since\": \"2007\", \"Email\": \"jhamp76817@aol.com\"}", "Phone": "", "Last Name": "Hampton", "Photo": "", "Address": "", "Current Status": "Active Member", "First Name": "Judith", "Bio Information": "Judi Hampton was born and raised in St. Louis, Missouri. Although she attended Columbia University, she returned to the South in 1964, where she participated in the famous \u201cFreedom Summer\u201d in Mississippi, a pivotal experience which led to a lifelong commitment to civil rights and education. In 1969, Judi joined the Mobil Corporation, where she spent 16 years as Senior Public Affairs Officer, serving as media spokesperson and director of consumer affairs. In 1985 she founded her own public relations company, specializing in media, community and government relations.\n\nThroughout her business career, Judi also found opportunities to teach: at Baruch College, City College, Howard University, and Columbia University. Since 1989 she has been a Woodrow Wilson Fellow, serving as a guest lecturer at campuses nationwide. She also furthered her own education by returning to school for a Master\u2019s in Education from Cambridge College.\n\nIn 1990, Judi turned her focus to leading professional development seminars and executive coaching. She presents programs on leadership, time management survival skills and other topics for clients including the Ford Foundation, the United Nations, Boston University, and Cornell University, government agencies, law firms and corporations. Judi became President of Blackside film and video production company in 1998. She spearheaded a major fund-raising campaign to bring back Eyes on the Prize, the acclaimed series on the civil rights movement that was produced by her brother, Henry Hampton. This resulted in a prime-time rebroadcast of the series on public television in 2006 and the issuance of a new Eyes DVD set.\n\nWith all these activities, Judi still manages to spend time on her favorite hobby: playing with her toy poodle and walking him on the Charles River Esplanade.", "City State Zip": "", "Display name": "Judith Hampton", "Member Since": "2007", "Email": "jhamp76817@aol.com"}
