{"SafeDict": "{\"Phone\": \"\", \"Last Name\": \"Elstein\", \"Photo\": \"\", \"Address\": \"\", \"Current Status\": \"\", \"First Name\": \"Judith\", \"Bio Information\": \"Judith Elstein was born in Brooklyn before it became a fashionable locus for hipsters.  She majored in English at Brooklyn College and began her teaching career in Bedford Stuyvesant.  Graduate work was interrupted by several moves and the births of two children and was finally completed at Rowan College in NJ.\\n  For more than 30 years Judy taught English to high school students in Atlantic City, a job both rewarding and exhausting.  In 1985 she became affiliated with the Folger Shakespeare Library in Washington DC.  The long-time connection continues; she now serves as an occasional program evaluator and teacher trainer.\\n  When her first grandchild was born in 2000 (and after reading hundreds of essays for the College Board that year on the important place grandparents held in student\\u2019s lives), she retired and moved to Cambridge.  She now enjoys the ideal situation of living across the street from her daughter\\u2019s family: close enough to happily interact every day, far enough to escape the tumult. \\n  Since arriving in Cambridge Judy has become a weekly volunteer at Recording for the Blind & Dyslexic; assists seniors with college applications and tutors ESL students in writing at Cambridge Rindge & Latin HS; participates in a weekly French conversation circle; and has served on the board of the Friends of the Cambridge Library.  Currently she is editing a cookbook to raise funds for the library.\\n  Her interests include reading, cooking, theater, music, walking, and quilting.  She loves living in Cambridge and looks forward to stimulating experiences at HILR.\", \"City State Zip\": \"\", \"Display name\": \"Judith Elstein\", \"Member Since\": \"\", \"Email\": \"elsteinjudith@gmail.com\"}", "Phone": "", "Last Name": "Elstein", "Photo": "", "Address": "", "Current Status": "", "First Name": "Judith", "Bio Information": "Judith Elstein was born in Brooklyn before it became a fashionable locus for hipsters.  She majored in English at Brooklyn College and began her teaching career in Bedford Stuyvesant.  Graduate work was interrupted by several moves and the births of two children and was finally completed at Rowan College in NJ.\n  For more than 30 years Judy taught English to high school students in Atlantic City, a job both rewarding and exhausting.  In 1985 she became affiliated with the Folger Shakespeare Library in Washington DC.  The long-time connection continues; she now serves as an occasional program evaluator and teacher trainer.\n  When her first grandchild was born in 2000 (and after reading hundreds of essays for the College Board that year on the important place grandparents held in student\u2019s lives), she retired and moved to Cambridge.  She now enjoys the ideal situation of living across the street from her daughter\u2019s family: close enough to happily interact every day, far enough to escape the tumult. \n  Since arriving in Cambridge Judy has become a weekly volunteer at Recording for the Blind & Dyslexic; assists seniors with college applications and tutors ESL students in writing at Cambridge Rindge & Latin HS; participates in a weekly French conversation circle; and has served on the board of the Friends of the Cambridge Library.  Currently she is editing a cookbook to raise funds for the library.\n  Her interests include reading, cooking, theater, music, walking, and quilting.  She loves living in Cambridge and looks forward to stimulating experiences at HILR.", "City State Zip": "", "Display name": "Judith Elstein", "Member Since": "", "Email": "elsteinjudith@gmail.com"}
