{"SafeDict": "{\"Phone\": \"\", \"Last Name\": \"Steinbergh\", \"Photo\": \"\", \"Address\": \"\", \"Current Status\": \"\", \"First Name\": \"Judith\", \"Bio Information\": \"\", \"City State Zip\": \"\", \"Display name\": \"Judith Steinbergh\", \"Member Since\": \"\", \"Email\": \"judithst@aol.com\"}", "Phone": "", "Last Name": "Steinbergh", "Photo": "", "Address": "", "Current Status": "", "First Name": "Judith", "Bio Information": "", "City State Zip": "", "Display name": "Judith Steinbergh", "Member Since": "", "Email": "judithst@aol.com"}
