{"SafeDict": "{\"Phone\": \"(617) 739-0042\", \"Last Name\": \"Herman\", \"Photo\": \"\", \"Address\": \"77 Pond Ave, #1201\", \"Current Status\": \"Active Member\", \"First Name\": \"Judith\", \"Bio Information\": \"Born in Boston, Judy spent midlife in Buffalo, New York, teaching English at the State College\\u2014she has a Ph.D. in English\\u2014then heading the publications department at the Buffalo Museum of Science, running a marketing company and setting up an immersion program in English for French students, all while attempting to master the fine art of skiing. She returned to Boston in 2000 to be closer to family, friends and the riches of New England.  Her chief interest and passion continues to be literature, especially poetry, which she writes earnestly and steadily.  Her poems have appeared in literary magazines,  Her chapter book was recently published by West Meadow Press.\\n\\nHarvard affiliations:\\nJudith B. Herman,  Alumna, Radcliffe Institute, 2001-2\\nHusband: Theodore S. Herman, Harvard College, B.A., 1960\\nFather: David S. Bond, Harvard College B.A., 1919\", \"City State Zip\": \"Brookline, MA 02445\", \"Display name\": \"Judith Herman\", \"Member Since\": \"2010\", \"Email\": \"judithherman@thehermans.org\"}", "Phone": "(617) 739-0042", "Last Name": "Herman", "Photo": "", "Address": "77 Pond Ave, #1201", "Current Status": "Active Member", "First Name": "Judith", "Bio Information": "Born in Boston, Judy spent midlife in Buffalo, New York, teaching English at the State College\u2014she has a Ph.D. in English\u2014then heading the publications department at the Buffalo Museum of Science, running a marketing company and setting up an immersion program in English for French students, all while attempting to master the fine art of skiing. She returned to Boston in 2000 to be closer to family, friends and the riches of New England.  Her chief interest and passion continues to be literature, especially poetry, which she writes earnestly and steadily.  Her poems have appeared in literary magazines,  Her chapter book was recently published by West Meadow Press.\n\nHarvard affiliations:\nJudith B. Herman,  Alumna, Radcliffe Institute, 2001-2\nHusband: Theodore S. Herman, Harvard College, B.A., 1960\nFather: David S. Bond, Harvard College B.A., 1919", "City State Zip": "Brookline, MA 02445", "Display name": "Judith Herman", "Member Since": "2010", "Email": "judithherman@thehermans.org"}
