{"SafeDict": "{\"Phone\": \"(617) 492-0157\", \"Last Name\": \"Clapp\", \"Photo\": \"\", \"Address\": \"221 Mt. Auburn St., #208\", \"Current Status\": \"Cambridge, MA 02138-4850\", \"First Name\": \"Judith\", \"Bio Information\": \"Judith Clapp graduated from Smith College, then received her Master\\u2019s Degree in applied science from Radcliffe College, although all of her courses were given at Harvard. She calls herself a \\u201cperpetual student.\\u201d\\n\\nHer professional career spanned the history of computers from the early behemoths to today\\u2019s laptops, with emphasis on software technology. As the technology rapidly changed, she continued to learn and to contribute to its evolution. Her primary responsibilities evolved, too, from leading software development teams, to discovering ways to manage large software projects, and most recently, to the methods for engineering very complex systems.\\n\\nJudy is an avid reader, has taken courses at Harvard Extension, Harvard Alumni seminars, Brandeis BOLLI and Cambridge Adult Education Center. As a Cambridge elementary school volunteer, she tutors reading and math. She is fascinated by how a child learns and what we can do to help them learn more easily.\", \"City State Zip\": \"Cambridge, MA 02138-4850\", \"Display name\": \"Judith Clapp\", \"Member Since\": \"Cambridge, MA 02138-4850\", \"Email\": \"jclapp@post.harvard.edu\"}", "Phone": "(617) 492-0157", "Last Name": "Clapp", "Photo": "", "Address": "221 Mt. Auburn St., #208", "Current Status": "Cambridge, MA 02138-4850", "First Name": "Judith", "Bio Information": "Judith Clapp graduated from Smith College, then received her Master\u2019s Degree in applied science from Radcliffe College, although all of her courses were given at Harvard. She calls herself a \u201cperpetual student.\u201d\n\nHer professional career spanned the history of computers from the early behemoths to today\u2019s laptops, with emphasis on software technology. As the technology rapidly changed, she continued to learn and to contribute to its evolution. Her primary responsibilities evolved, too, from leading software development teams, to discovering ways to manage large software projects, and most recently, to the methods for engineering very complex systems.\n\nJudy is an avid reader, has taken courses at Harvard Extension, Harvard Alumni seminars, Brandeis BOLLI and Cambridge Adult Education Center. As a Cambridge elementary school volunteer, she tutors reading and math. She is fascinated by how a child learns and what we can do to help them learn more easily.", "City State Zip": "Cambridge, MA 02138-4850", "Display name": "Judith Clapp", "Member Since": "Cambridge, MA 02138-4850", "Email": "jclapp@post.harvard.edu"}
