{"SafeDict": "{\"Phone\": \"(508) 583-1836\", \"Last Name\": \"Karp\", \"Photo\": \"\", \"Address\": \"60 Rockland Street\", \"Current Status\": \"Active Member\", \"First Name\": \"Judith\", \"Bio Information\": \"Originally from Worcester, I married and lived in Manhattan, Tucson, Los Angeles, and Quebec City before settling down in Brockton. I taught English at Brockton High School for 25 years and retired 8 years ago. Since then, I've had a terrific time as a member of HILR and arranging travel components for some of our classes for HILR members. We've seen Chicago, Washington, DC., New York, London, and this year we'll go to San Miguel de Allende, Mexico, twice. It's my vision that traveling with HILR members will continue to be exciting for us all. Along with the above, I am busy weekly playing duplicate bridge. I also love walking daily in our beautiful park in Brockton. The Boston Symphony and the Metropolitan Opera , along with movies, theater, and social events with my husband, Dan, round out my often-hectic life!\", \"City State Zip\": \"Brockton, MA 02301\", \"Display name\": \"Judith Karp\", \"Member Since\": \"201\", \"Email\": \"judygroup@comcast.net\"}", "Phone": "(508) 583-1836", "Last Name": "Karp", "Photo": "", "Address": "60 Rockland Street", "Current Status": "Active Member", "First Name": "Judith", "Bio Information": "Originally from Worcester, I married and lived in Manhattan, Tucson, Los Angeles, and Quebec City before settling down in Brockton. I taught English at Brockton High School for 25 years and retired 8 years ago. Since then, I've had a terrific time as a member of HILR and arranging travel components for some of our classes for HILR members. We've seen Chicago, Washington, DC., New York, London, and this year we'll go to San Miguel de Allende, Mexico, twice. It's my vision that traveling with HILR members will continue to be exciting for us all. Along with the above, I am busy weekly playing duplicate bridge. I also love walking daily in our beautiful park in Brockton. The Boston Symphony and the Metropolitan Opera , along with movies, theater, and social events with my husband, Dan, round out my often-hectic life!", "City State Zip": "Brockton, MA 02301", "Display name": "Judith Karp", "Member Since": "201", "Email": "judygroup@comcast.net"}
