{"SafeDict": "{\"Phone\": \"\", \"Last Name\": \"Parker\", \"Photo\": \"\", \"Address\": \"\", \"Current Status\": \"2009\", \"First Name\": \"Judith\", \"Bio Information\": \"Judith has moved from Miami to Cambridge in order to participate in HILR. She grew up in Kansas City, attended Vassar and Washington University in St. Louis where she majored in English. She worked in various jobs at Pan Am where she hired the first black flight attendants on any American airline.\\nEnding her years of traveling, she became a stockbroker for A. G. Edwards, and an avid gardener. This family interest inspired her to attend RISD and the Harvard Graduate School of Design where she got her Masters in Landscape Architecture.\\nAfter a few projects in New England, winning a competition took her to Madagascar where she designed the first of many tropical botanical gardens in emerging countries. She retired having designed l8 national botanical gardens, all of which featured conservation and/or conservation education.\\n\\nFor the last two years, Judith, has done a lot of pro bono work, including helping to teach a tropical building project to the junior architecture students in Miami on their spring break. In addition to helping her friends with their gardens, she enjoys photography, music, and keeping her veggie garden producing. She looks forward to settling back into Cambridge and exchanging ideas and interests with other HILR members.\", \"City State Zip\": \"\", \"Display name\": \"Judith Parker\", \"Member Since\": \"2009\", \"Email\": \"jepinc@aol.com\"}", "Phone": "", "Last Name": "Parker", "Photo": "", "Address": "", "Current Status": "2009", "First Name": "Judith", "Bio Information": "Judith has moved from Miami to Cambridge in order to participate in HILR. She grew up in Kansas City, attended Vassar and Washington University in St. Louis where she majored in English. She worked in various jobs at Pan Am where she hired the first black flight attendants on any American airline.\nEnding her years of traveling, she became a stockbroker for A. G. Edwards, and an avid gardener. This family interest inspired her to attend RISD and the Harvard Graduate School of Design where she got her Masters in Landscape Architecture.\nAfter a few projects in New England, winning a competition took her to Madagascar where she designed the first of many tropical botanical gardens in emerging countries. She retired having designed l8 national botanical gardens, all of which featured conservation and/or conservation education.\n\nFor the last two years, Judith, has done a lot of pro bono work, including helping to teach a tropical building project to the junior architecture students in Miami on their spring break. In addition to helping her friends with their gardens, she enjoys photography, music, and keeping her veggie garden producing. She looks forward to settling back into Cambridge and exchanging ideas and interests with other HILR members.", "City State Zip": "", "Display name": "Judith Parker", "Member Since": "2009", "Email": "jepinc@aol.com"}
