{"SafeDict": "{\"Phone\": \"781-646-9708\", \"Last Name\": \"Botsford\", \"Photo\": \"\", \"Address\": \"45 Bartlett Avenue\", \"Current Status\": \"Active\", \"First Name\": \"Judith\", \"Bio Information\": \"My husband Bob and I have lived in Arlington since we were married 35 years ago. We have two children--a son, married and living in Portland, OR and a daughter, married with much fanfare this summer, living and teaching in Santa Fe, NM. I retired from the Brookline Schools in 2003 where I had been the librarian/media specialist at the Runkle School for 30+ years but shared my library job for several of those years to start a small business as a free-lance florist.\\n\\nI am an avid gardener both in Arlington and at our summer house in Rockport, MA. One of my first acts as a retired person was to become a Master Gardener volunteering both at Mass Horticultural Society and at the New England Wildflower Society.\\n\\nSince retiring, I have also become an enthusiastic quilter pursuing courses and joining local quilting guilds. With encouragement from Jackie Jacobs, I recently completed the training program for Boston by Foot and this summer became a novice tour guide. Other interests include Chinese mahjong, film, drama, art, literature and, of course, travel-- especially to Paris where I wish my French and the exchange rate were better.\", \"City State Zip\": \"Arlington MA 02476-6408\", \"Display name\": \"Judith Botsford\", \"Member Since\": \"2003\", \"Email\": \"judy.botsford@gmail.com\"}", "Phone": "781-646-9708", "Last Name": "Botsford", "Photo": "", "Address": "45 Bartlett Avenue", "Current Status": "Active", "First Name": "Judith", "Bio Information": "My husband Bob and I have lived in Arlington since we were married 35 years ago. We have two children--a son, married and living in Portland, OR and a daughter, married with much fanfare this summer, living and teaching in Santa Fe, NM. I retired from the Brookline Schools in 2003 where I had been the librarian/media specialist at the Runkle School for 30+ years but shared my library job for several of those years to start a small business as a free-lance florist.\n\nI am an avid gardener both in Arlington and at our summer house in Rockport, MA. One of my first acts as a retired person was to become a Master Gardener volunteering both at Mass Horticultural Society and at the New England Wildflower Society.\n\nSince retiring, I have also become an enthusiastic quilter pursuing courses and joining local quilting guilds. With encouragement from Jackie Jacobs, I recently completed the training program for Boston by Foot and this summer became a novice tour guide. Other interests include Chinese mahjong, film, drama, art, literature and, of course, travel-- especially to Paris where I wish my French and the exchange rate were better.", "City State Zip": "Arlington MA 02476-6408", "Display name": "Judith Botsford", "Member Since": "2003", "Email": "judy.botsford@gmail.com"}
