{"SafeDict": "{\"Phone\": \"617-945-9571\", \"Last Name\": \"Singer\", \"Photo\": \"\", \"Address\": \"221 Mt. Auburn St. #502\", \"Current Status\": \"2003\", \"First Name\": \"Judith\", \"Bio Information\": \"For Judith, Milwaukee, Wisconsin was a great place to grow up. She attended Antioch College in Ohio, where the co-op program was instrumental in shifting her from journalism to clinical psychology, in which she received a PhD from Boston University. She remained on the faculty of BU for several years as well as in teaching, supervisory, and clinical roles at Boston Medical Center, New England Medical Center, and the Beth Israel Hospital.\\n\\nOther professional activities have included consulting to nursery schools about the emotional needs of children, a stint with Headstart, and a varied private practice. As a volunteer, she facilitated groups for Parents Anonymous and became a Red Cross post-trauma debriefer.\\n\\nIn addition to continuing a small private practice, Judith enjoys reading and sharing with Harvard Neighbors book group, hiking, swimming, gardening, and trying her hand at watercolors. She looks forward to sharing her interest in literature with the HILR community.\", \"City State Zip\": \"Cambridge, MA. 02138\", \"Display name\": \"Judith Singer\", \"Member Since\": \"2003\", \"Email\": \"dandjsinger@gmail.com\"}", "Phone": "617-945-9571", "Last Name": "Singer", "Photo": "", "Address": "221 Mt. Auburn St. #502", "Current Status": "2003", "First Name": "Judith", "Bio Information": "For Judith, Milwaukee, Wisconsin was a great place to grow up. She attended Antioch College in Ohio, where the co-op program was instrumental in shifting her from journalism to clinical psychology, in which she received a PhD from Boston University. She remained on the faculty of BU for several years as well as in teaching, supervisory, and clinical roles at Boston Medical Center, New England Medical Center, and the Beth Israel Hospital.\n\nOther professional activities have included consulting to nursery schools about the emotional needs of children, a stint with Headstart, and a varied private practice. As a volunteer, she facilitated groups for Parents Anonymous and became a Red Cross post-trauma debriefer.\n\nIn addition to continuing a small private practice, Judith enjoys reading and sharing with Harvard Neighbors book group, hiking, swimming, gardening, and trying her hand at watercolors. She looks forward to sharing her interest in literature with the HILR community.", "City State Zip": "Cambridge, MA. 02138", "Display name": "Judith Singer", "Member Since": "2003", "Email": "dandjsinger@gmail.com"}
