{"SafeDict": "{\"Phone\": \"(617) 599 9829\", \"Last Name\": \"Kugel\", \"Photo\": \"\", \"Address\": \"63 Fresh Pond Ln.\", \"Current Status\": \"New\", \"First Name\": \"Judy\", \"Bio Information\": \"Judy Kugel joins HILR after a thirty-three year career at Harvard\\u2019s John F. Kennedy School of Government. A graduate of the University of Michigan with a B.A. in Political Science, Judy received a M.Ed. in Counseling Psychology from Boston College. In 1972, she co-founded the Boston Project for Careers, a nonprofit organization formed to develop opportunities for individuals who were seeking part-time professional positions, often after being at home with young children. The organization was one of the first to promote job-sharing in professional positions.\\nAt the Kennedy School, Judy directed the Office of Career Services for many years. Later, she served as registrar. At retirement, she was Associate Dean of Students, a position she held for several years.\\nShe is the author of numerous personal essays and travel articles in newspapers and magazines. Exploring transitions has been a theme throughout Judy\\u2019s career and she has taught workshops on that subject. A determined journal writer, she has been blogging twice-weekly for six years at www.70-something.com.\", \"City State Zip\": \"Cambridge, MA. 02138\", \"Display name\": \"Judy Kugel\", \"Member Since\": \"Spring 2014\", \"Email\": \"peterandjudyk@yahoo.com\"}", "Phone": "(617) 599 9829", "Last Name": "Kugel", "Photo": "", "Address": "63 Fresh Pond Ln.", "Current Status": "New", "First Name": "Judy", "Bio Information": "Judy Kugel joins HILR after a thirty-three year career at Harvard\u2019s John F. Kennedy School of Government. A graduate of the University of Michigan with a B.A. in Political Science, Judy received a M.Ed. in Counseling Psychology from Boston College. In 1972, she co-founded the Boston Project for Careers, a nonprofit organization formed to develop opportunities for individuals who were seeking part-time professional positions, often after being at home with young children. The organization was one of the first to promote job-sharing in professional positions.\nAt the Kennedy School, Judy directed the Office of Career Services for many years. Later, she served as registrar. At retirement, she was Associate Dean of Students, a position she held for several years.\nShe is the author of numerous personal essays and travel articles in newspapers and magazines. Exploring transitions has been a theme throughout Judy\u2019s career and she has taught workshops on that subject. A determined journal writer, she has been blogging twice-weekly for six years at www.70-something.com.", "City State Zip": "Cambridge, MA. 02138", "Display name": "Judy Kugel", "Member Since": "Spring 2014", "Email": "peterandjudyk@yahoo.com"}
