{"SafeDict": "{\"Phone\": \"781-367-7831\", \"Last Name\": \"Uhl\", \"Photo\": \"\", \"Address\": \"236 Huron Avenue\", \"Current Status\": \"2007\", \"First Name\": \"Judy\", \"Bio Information\": \"I spent my pre-college years in Cincinnati, Ohio, where my parents\\u2019 journalism careers inspired an interest in effective communication and writing. I graduated with a double major in French and English from Wilmington College. A Junior Year Abroad in Paris, France, a senior semester at American University in Washington, DC, and the Vietnam War influenced a persistent interest in world affairs and travel, coupled with a tendency toward friendly skepticism when confronted with \\u201ctruths\\u201d offered by politicians, poets, and peers.\\n\\nMy early adult life in the mid Sixties was spent in the East Village of New York, alternately trying to make something of my professional life while protesting the war and eschewing traditional roles for women in society. I worked as a secretary, computer programmer, paralegal, and writer/ researcher. In the early 1970s I helped found a voting rights group that in turn was the catalyst for establishing a bilingual ballot for the voters of New York City (and its huge Puerto Rican population).\\n\\nIn 1974 I moved to Boston. I spent 32 years working at Harvard in various editorial and managerial capacities, helping found the Harvard Business School Press and Harvard Business School Interactive. For many years I was Vice President of Academic Publishing, and I retired in February 2007 from my job as managing director of technology-enhanced learning for Executive Education.\\n\\nI live in Cambridge with husband David Bliss. We have two children. My interests change frequently, but lately include farming while living at the post and beam house we built from trees on our property in New Vineyard, ME, fixing computers, writing with the help of my HILR writing buddies, camping and walks in the woods, folk and classical music, and yoga. I've been active on the Tech Committee and in 2012-13 was President of the HILR Council. In November 2008 I played the part of Hero in Shakespeare's Couples, and I am happy to report that I didn't forget a single line, although for one scene I did forget to take off my glasses! In November 2009 I played Lady Capulet with Bill Boone as my spouse and Mimi Hooper as my daughter. I was the one wearing the funny hat.  Only at HILR! Ask me about my novel and check out my writing in the Harvest archives.\", \"City State Zip\": \"Cambridge MA 02138\", \"Display name\": \"Judy Uhl\", \"Member Since\": \"2007\", \"Email\": \"blissuhl@gmail.com\"}", "Phone": "781-367-7831", "Last Name": "Uhl", "Photo": "", "Address": "236 Huron Avenue", "Current Status": "2007", "First Name": "Judy", "Bio Information": "I spent my pre-college years in Cincinnati, Ohio, where my parents\u2019 journalism careers inspired an interest in effective communication and writing. I graduated with a double major in French and English from Wilmington College. A Junior Year Abroad in Paris, France, a senior semester at American University in Washington, DC, and the Vietnam War influenced a persistent interest in world affairs and travel, coupled with a tendency toward friendly skepticism when confronted with \u201ctruths\u201d offered by politicians, poets, and peers.\n\nMy early adult life in the mid Sixties was spent in the East Village of New York, alternately trying to make something of my professional life while protesting the war and eschewing traditional roles for women in society. I worked as a secretary, computer programmer, paralegal, and writer/ researcher. In the early 1970s I helped found a voting rights group that in turn was the catalyst for establishing a bilingual ballot for the voters of New York City (and its huge Puerto Rican population).\n\nIn 1974 I moved to Boston. I spent 32 years working at Harvard in various editorial and managerial capacities, helping found the Harvard Business School Press and Harvard Business School Interactive. For many years I was Vice President of Academic Publishing, and I retired in February 2007 from my job as managing director of technology-enhanced learning for Executive Education.\n\nI live in Cambridge with husband David Bliss. We have two children. My interests change frequently, but lately include farming while living at the post and beam house we built from trees on our property in New Vineyard, ME, fixing computers, writing with the help of my HILR writing buddies, camping and walks in the woods, folk and classical music, and yoga. I've been active on the Tech Committee and in 2012-13 was President of the HILR Council. In November 2008 I played the part of Hero in Shakespeare's Couples, and I am happy to report that I didn't forget a single line, although for one scene I did forget to take off my glasses! In November 2009 I played Lady Capulet with Bill Boone as my spouse and Mimi Hooper as my daughter. I was the one wearing the funny hat.  Only at HILR! Ask me about my novel and check out my writing in the Harvest archives.", "City State Zip": "Cambridge MA 02138", "Display name": "Judy Uhl", "Member Since": "2007", "Email": "blissuhl@gmail.com"}
