{"SafeDict": "{\"Phone\": \"(617) 547-3788\", \"Last Name\": \"Foreman\", \"Photo\": \"\", \"Address\": \"134 Lexington Ave.\", \"Current Status\": \"New\", \"First Name\": \"Judy\", \"Bio Information\": \"Judy Foreman is a nationally syndicated health columnist whose \\u201cHealth Sense\\u201d columns have appeared regularly in the Boston Globe, Los Angeles Times, Dallas Morning News and other national and international outlets. For years, she also wrote the Globe\\u2019s popular short feature, \\u201cHealth Answers.\\u201d\\nShe graduated Phi Beta Kappa from Wellesley College, served in the Peace Corps in Brazil for three years, then got a Master\\u2019s degree from the Harvard Graduate School of Education. From 2001 to 2004, she was a Lecturer on Medicine at Harvard Medical School and, for most of this time, was a scholar at the Brandeis Women\\u2019s Research Center. She has also been the host of a weekly, call-in radio show on Healthtalk.com and has won more than 50 journalism awards.\\nHer book on chronic pain, \\u201cA Nation in Pain \\u2013 Healing Our Biggest Health Problem,\\u201d is due out in January, 2014 from Oxford University Press.\", \"City State Zip\": \"Cambridge, MA. 02138\", \"Display name\": \"Judy Foreman\", \"Member Since\": \"Fall 2013\", \"Email\": \"judy@judyforeman.com\"}", "Phone": "(617) 547-3788", "Last Name": "Foreman", "Photo": "", "Address": "134 Lexington Ave.", "Current Status": "New", "First Name": "Judy", "Bio Information": "Judy Foreman is a nationally syndicated health columnist whose \u201cHealth Sense\u201d columns have appeared regularly in the Boston Globe, Los Angeles Times, Dallas Morning News and other national and international outlets. For years, she also wrote the Globe\u2019s popular short feature, \u201cHealth Answers.\u201d\nShe graduated Phi Beta Kappa from Wellesley College, served in the Peace Corps in Brazil for three years, then got a Master\u2019s degree from the Harvard Graduate School of Education. From 2001 to 2004, she was a Lecturer on Medicine at Harvard Medical School and, for most of this time, was a scholar at the Brandeis Women\u2019s Research Center. She has also been the host of a weekly, call-in radio show on Healthtalk.com and has won more than 50 journalism awards.\nHer book on chronic pain, \u201cA Nation in Pain \u2013 Healing Our Biggest Health Problem,\u201d is due out in January, 2014 from Oxford University Press.", "City State Zip": "Cambridge, MA. 02138", "Display name": "Judy Foreman", "Member Since": "Fall 2013", "Email": "judy@judyforeman.com"}
