{"SafeDict": "{\"Phone\": \"\", \"Last Name\": \"Schwartz\", \"Photo\": \"\", \"Address\": \"\", \"Current Status\": \"1999\", \"First Name\": \"Jules\", \"Bio Information\": \"Jules J. Schwartz lives in Belmont. He received a BA in mechanical engineering and an MBA from the University of Delaware. After about twenty years designing rocket motors for military and space programs, he returned to the Harvard Business School to earn his doctorate in the area of business policy. In his second career he served on the faculty and as a dean at both the Wharton School and Boston University. He retired as a professor of both management and engineering from the latter school.\\n\\nHe has served on a number of corporate boards and consults to many of the Fortune 500 firms. Prentice Hall published his book, Corporate Policy, and he recorded a twelve-hour videotape series on corporate finance for managers for the Teaching Company's Superstar lecture Series.\\n\\nHe is married to Sandra L Burgoon, a retired management consultant. They own two Australian Terrier show dogs and practice Tai Chi together.\", \"City State Zip\": \"\", \"Display name\": \"Jules Schwartz\", \"Member Since\": \"1999\", \"Email\": \"juless@bu.edu\"}", "Phone": "", "Last Name": "Schwartz", "Photo": "", "Address": "", "Current Status": "1999", "First Name": "Jules", "Bio Information": "Jules J. Schwartz lives in Belmont. He received a BA in mechanical engineering and an MBA from the University of Delaware. After about twenty years designing rocket motors for military and space programs, he returned to the Harvard Business School to earn his doctorate in the area of business policy. In his second career he served on the faculty and as a dean at both the Wharton School and Boston University. He retired as a professor of both management and engineering from the latter school.\n\nHe has served on a number of corporate boards and consults to many of the Fortune 500 firms. Prentice Hall published his book, Corporate Policy, and he recorded a twelve-hour videotape series on corporate finance for managers for the Teaching Company's Superstar lecture Series.\n\nHe is married to Sandra L Burgoon, a retired management consultant. They own two Australian Terrier show dogs and practice Tai Chi together.", "City State Zip": "", "Display name": "Jules Schwartz", "Member Since": "1999", "Email": "juless@bu.edu"}
