{"SafeDict": "{\"Phone\": \"\", \"Last Name\": \"Cherubini\", \"Photo\": \"\", \"Address\": \"\", \"Current Status\": \"\", \"First Name\": \"Julian\", \"Bio Information\": \"Julian H. Cherubini has been a science advocate-but more importantly, an advocate of rational, scientific methodology-since his days as a metallurgy student at MIT. He has also been a lifelong resident of the Boston area, except for a brief sojourn in Oak Ridge, Tennessee where, at the Oak Ridge National Lab, he received his Masters of Science. His pursuit of scientific inquiry led him to found, in partnership with his wife, Barbara, AliMed, Inc., a company that manufactures and distributes a vast range of orthopedic, rehabilitation, and operating room specialties. Julian compares it to a 7/11 corner store offering more than 70, 000 products. He is still active in strategic planning and operations of the company and is a board member of others.\\n\\nHis inventive spirit is evidenced in the more than a dozen patents he holds. Developing interests include an avid practicing of fine art digital photography and a growing collection of contemporary art. The art interest is probably genetic but spurred by his daughter, Alexandra, a partner in the Boston gallery Sampson Projects, and by her sister Nicole, a respected clay sculptor who soon will have an exhibit at the List Gallery at MIT. Julian's photography has been exhibited in Boston.\", \"City State Zip\": \"\", \"Display name\": \"Julian Cherubini\", \"Member Since\": \"\", \"Email\": \"julianc388@aol.com\"}", "Phone": "", "Last Name": "Cherubini", "Photo": "", "Address": "", "Current Status": "", "First Name": "Julian", "Bio Information": "Julian H. Cherubini has been a science advocate-but more importantly, an advocate of rational, scientific methodology-since his days as a metallurgy student at MIT. He has also been a lifelong resident of the Boston area, except for a brief sojourn in Oak Ridge, Tennessee where, at the Oak Ridge National Lab, he received his Masters of Science. His pursuit of scientific inquiry led him to found, in partnership with his wife, Barbara, AliMed, Inc., a company that manufactures and distributes a vast range of orthopedic, rehabilitation, and operating room specialties. Julian compares it to a 7/11 corner store offering more than 70, 000 products. He is still active in strategic planning and operations of the company and is a board member of others.\n\nHis inventive spirit is evidenced in the more than a dozen patents he holds. Developing interests include an avid practicing of fine art digital photography and a growing collection of contemporary art. The art interest is probably genetic but spurred by his daughter, Alexandra, a partner in the Boston gallery Sampson Projects, and by her sister Nicole, a respected clay sculptor who soon will have an exhibit at the List Gallery at MIT. Julian's photography has been exhibited in Boston.", "City State Zip": "", "Display name": "Julian Cherubini", "Member Since": "", "Email": "julianc388@aol.com"}
