{"SafeDict": "{\"Phone\": \"\", \"Last Name\": \"Cuomo\", \"Photo\": \"\", \"Address\": \"\", \"Current Status\": \"\", \"First Name\": \"June\", \"Bio Information\": \"June Cuomo is a sociologist by profession and a cook by trade. As she had eight children to educate, she decided to concentrate on the more lucrative of the two trades. She abandoned teaching and spent the next twenty-five years running a catering company and engaging in consulting.\\n\\nAside from the inestimable pleasures of family, her husband, George Cuomo, is a retired professor of English and a novelist, and between them they have thirteen children and innumerable grandchildren. \\n\\nHer great joys are traveling (mostly to England and France where she can indulge her passion for food and museums, but lately farther afield to China, the South Pacific, Vietnam, etc.), reading nineteenth century novels, and medieval history. She received her degrees from Goucher College and Rutgers University.\", \"City State Zip\": \"\", \"Display name\": \"June Cuomo\", \"Member Since\": \"\", \"Email\": \"jgcuomo@aol.com\"}", "Phone": "", "Last Name": "Cuomo", "Photo": "", "Address": "", "Current Status": "", "First Name": "June", "Bio Information": "June Cuomo is a sociologist by profession and a cook by trade. As she had eight children to educate, she decided to concentrate on the more lucrative of the two trades. She abandoned teaching and spent the next twenty-five years running a catering company and engaging in consulting.\n\nAside from the inestimable pleasures of family, her husband, George Cuomo, is a retired professor of English and a novelist, and between them they have thirteen children and innumerable grandchildren. \n\nHer great joys are traveling (mostly to England and France where she can indulge her passion for food and museums, but lately farther afield to China, the South Pacific, Vietnam, etc.), reading nineteenth century novels, and medieval history. She received her degrees from Goucher College and Rutgers University.", "City State Zip": "", "Display name": "June Cuomo", "Member Since": "", "Email": "jgcuomo@aol.com"}
