{"SafeDict": "{\"Phone\": \"(310) 435-7182\", \"Last Name\": \"King\", \"Photo\": \"\", \"Address\": \"1015 Beacon St\", \"Current Status\": \"2013\", \"First Name\": \"Karen\", \"Bio Information\": \"Karen was born in Cambridge, MA in 1945 and after a circuitous journey has found herself right back where she started having recently moved to the Boston area from California.  Formative years were spent in New Haven, Conn at a Catholic school, followed by a year and a half as Sister Mary Dismas O.P., a novice, at St Mary\\u2019s of the Springs in Columbus, OH. Karen left the nunnery and completed her degree at Albertus Magnus College in New Haven. During the summers, she organized work projects with Nahautl speaking villagers in Central Mexico. After graduation, she moved with her actor husband and young daughter to Hollywood, Ca. where she completed law school and worked as a public defender for Los Angeles County specializing in post-conviction detention trials for 25 years.   She continued studying the Christian Mystics especially Thomas Merton and served as Mother Teresa\\u2019s regional link on the West Coast and in Northern Mexico. For over twenty years, she has practiced Buddhism in the Thai Forest Tradition at Metta Forest Monastery in San Diego. She enjoys skiing, hiking and reading.\", \"City State Zip\": \"Brookline, MA. 02446\", \"Display name\": \"Karen King\", \"Member Since\": \"2013\", \"Email\": \"hryharrow@aol.com\"}", "Phone": "(310) 435-7182", "Last Name": "King", "Photo": "", "Address": "1015 Beacon St", "Current Status": "2013", "First Name": "Karen", "Bio Information": "Karen was born in Cambridge, MA in 1945 and after a circuitous journey has found herself right back where she started having recently moved to the Boston area from California.  Formative years were spent in New Haven, Conn at a Catholic school, followed by a year and a half as Sister Mary Dismas O.P., a novice, at St Mary\u2019s of the Springs in Columbus, OH. Karen left the nunnery and completed her degree at Albertus Magnus College in New Haven. During the summers, she organized work projects with Nahautl speaking villagers in Central Mexico. After graduation, she moved with her actor husband and young daughter to Hollywood, Ca. where she completed law school and worked as a public defender for Los Angeles County specializing in post-conviction detention trials for 25 years.   She continued studying the Christian Mystics especially Thomas Merton and served as Mother Teresa\u2019s regional link on the West Coast and in Northern Mexico. For over twenty years, she has practiced Buddhism in the Thai Forest Tradition at Metta Forest Monastery in San Diego. She enjoys skiing, hiking and reading.", "City State Zip": "Brookline, MA. 02446", "Display name": "Karen King", "Member Since": "2013", "Email": "hryharrow@aol.com"}
