{"SafeDict": "{\"Phone\": \"978-897-8262\", \"Last Name\": \"McGillicuddy\", \"Photo\": \"\", \"Address\": \"8 Evelyn Road\", \"Current Status\": \"2008\", \"First Name\": \"Kate\", \"Bio Information\": \"Kate graduated from Newton College of the Sacred Heart with a B.A. In Art History, and subsequently received an M.Ed. in Moderate Special Needs from Boston College. In her career as a Learning Disabilities Specialist, her passion was empowering students diagnosed with reading, math, and written language disabilities to succeed through alternate teaching methods, strategies, and modification of the curriculum. She is a practitioner of Orton-Gillingham, the Wilson Language Program, and Project Read, all research-based programs endorsed by the National Institute of Health. She presented at many workshops and conferences throughout her career, and was often a mentor for first-year teachers. In 2005, Kate was chosen as Teacher of the Year by her district, and is included in Who's Who Among American Teachers.\\nWithin her community, Kate is a past member of the League of Women Voters, President of the Nashoba Drama Club, and continues to be involved in state and national Democratic campaigns. Since retirement, she has worked for Habitat for Humanity in various capacities ~ as a Site Host, and as well as an educational liaison, speaking at local high schools to encourage youth involvement in the program. She has worked on six local Habitat builds, as well as a project in New Orleans five years after Katrina.  She has traveled to Haiti as part of a humanitarian effort focusing on issues of economic/social justice, including nutrition/health care, affordable housing, and education, where Haitians are provided the assistance and resources to encourage self-sufficiency rather than continued dependancy. Kate is a member of the Haitian Educational Advisory Board, and headed up a project which sends library books, backpacks, and critical school supplies annually to the small town she had previously visited. She has been a long-time volunteer at Lazarus House, a soup kitchen in Lawrence. \\nKate's husband Tim is semi-retired, having been a school principal in Lowell, Brookline, and Sudbury. They have two grown children. Other interests include music, painting, political activism, hiking, theater, reading, and traveling to new places. Since retirement, there have been glimmers of progress on coaxing a decidedly non-green thumb, and 2017 holds the promise of mastering the game of bridge ...\", \"City State Zip\": \"Stow, MA 01775\", \"Display name\": \"Kate McGillicuddy\", \"Member Since\": \"2008\", \"Email\": \"mcgill336@gmail.com\"}", "Phone": "978-897-8262", "Last Name": "McGillicuddy", "Photo": "", "Address": "8 Evelyn Road", "Current Status": "2008", "First Name": "Kate", "Bio Information": "Kate graduated from Newton College of the Sacred Heart with a B.A. In Art History, and subsequently received an M.Ed. in Moderate Special Needs from Boston College. In her career as a Learning Disabilities Specialist, her passion was empowering students diagnosed with reading, math, and written language disabilities to succeed through alternate teaching methods, strategies, and modification of the curriculum. She is a practitioner of Orton-Gillingham, the Wilson Language Program, and Project Read, all research-based programs endorsed by the National Institute of Health. She presented at many workshops and conferences throughout her career, and was often a mentor for first-year teachers. In 2005, Kate was chosen as Teacher of the Year by her district, and is included in Who's Who Among American Teachers.\nWithin her community, Kate is a past member of the League of Women Voters, President of the Nashoba Drama Club, and continues to be involved in state and national Democratic campaigns. Since retirement, she has worked for Habitat for Humanity in various capacities ~ as a Site Host, and as well as an educational liaison, speaking at local high schools to encourage youth involvement in the program. She has worked on six local Habitat builds, as well as a project in New Orleans five years after Katrina.  She has traveled to Haiti as part of a humanitarian effort focusing on issues of economic/social justice, including nutrition/health care, affordable housing, and education, where Haitians are provided the assistance and resources to encourage self-sufficiency rather than continued dependancy. Kate is a member of the Haitian Educational Advisory Board, and headed up a project which sends library books, backpacks, and critical school supplies annually to the small town she had previously visited. She has been a long-time volunteer at Lazarus House, a soup kitchen in Lawrence. \nKate's husband Tim is semi-retired, having been a school principal in Lowell, Brookline, and Sudbury. They have two grown children. Other interests include music, painting, political activism, hiking, theater, reading, and traveling to new places. Since retirement, there have been glimmers of progress on coaxing a decidedly non-green thumb, and 2017 holds the promise of mastering the game of bridge ...", "City State Zip": "Stow, MA 01775", "Display name": "Kate McGillicuddy", "Member Since": "2008", "Email": "mcgill336@gmail.com"}
