{"SafeDict": "{\"Phone\": \"508-364-8119\", \"Last Name\": \"Stout\", \"Photo\": \"\", \"Address\": \"266 Main Street\", \"Current Status\": \"2010\", \"First Name\": \"Kate\", \"Bio Information\": \"Born in PA, brought up in KY. Educated in KY (Centre College \\u2014 BA in English lit.); Rome, Italy (Loyola of Chicago, junior year abroad program); England (Sussex University \\u2014  MA in 20th century British literature, specifically Virginia Woolf); NYC (MS \\u2014 Columbia University, grad. school of journalism).\\nWriter, editor, publisher, playwright, director, dog whisperer\\nFreelance writer for numerous national, regional and local publications from 1979-1986.\\nEditor and founding publisher of Nantucket Map & Legend, 1986-2001. A seasonal arts and issues newspaper publishing 250,000 copies/yr.\\nArtistic director, Theatre Workshop of Nantucket, 2000-2004.\\nPlays produced: Together Alone (2003 - Nantucket; 2005 - Chicago); Shadows of Love (2005 - staged reading, Nantucket); Hostile Patient (1998 - Nantucket); Number 21 (1988 - New York City, Don Quixote Experimental Children's Theatre)\\nBooks written: The Best of Blanche Lyon (Riverview Press, 2001), a compilation of columns from the Nantucket Map & Legend. Building With Nantucket in Mind (Nantucket Historic District Commission, 1976 & 1992). Edited from Hearth to Horizons, 125 Years of the Social Science Club of Newton, 2011.\\nInterests: Writing, Civil War, medicine (human and veterinarian), scuba diving (all over the world),fine dining, Nantucket history and lore, travel. Therapy dog handler.\\nMarried. No children. One dog, Cajun.\\nFollow me on www.katestout.net\", \"City State Zip\": \"Concord, MA 01742\", \"Display name\": \"Kate Stout\", \"Member Since\": \"2010\", \"Email\": \"genuinerisk1@gmail.com\"}", "Phone": "508-364-8119", "Last Name": "Stout", "Photo": "", "Address": "266 Main Street", "Current Status": "2010", "First Name": "Kate", "Bio Information": "Born in PA, brought up in KY. Educated in KY (Centre College \u2014 BA in English lit.); Rome, Italy (Loyola of Chicago, junior year abroad program); England (Sussex University \u2014  MA in 20th century British literature, specifically Virginia Woolf); NYC (MS \u2014 Columbia University, grad. school of journalism).\nWriter, editor, publisher, playwright, director, dog whisperer\nFreelance writer for numerous national, regional and local publications from 1979-1986.\nEditor and founding publisher of Nantucket Map & Legend, 1986-2001. A seasonal arts and issues newspaper publishing 250,000 copies/yr.\nArtistic director, Theatre Workshop of Nantucket, 2000-2004.\nPlays produced: Together Alone (2003 - Nantucket; 2005 - Chicago); Shadows of Love (2005 - staged reading, Nantucket); Hostile Patient (1998 - Nantucket); Number 21 (1988 - New York City, Don Quixote Experimental Children's Theatre)\nBooks written: The Best of Blanche Lyon (Riverview Press, 2001), a compilation of columns from the Nantucket Map & Legend. Building With Nantucket in Mind (Nantucket Historic District Commission, 1976 & 1992). Edited from Hearth to Horizons, 125 Years of the Social Science Club of Newton, 2011.\nInterests: Writing, Civil War, medicine (human and veterinarian), scuba diving (all over the world),fine dining, Nantucket history and lore, travel. Therapy dog handler.\nMarried. No children. One dog, Cajun.\nFollow me on www.katestout.net", "City State Zip": "Concord, MA 01742", "Display name": "Kate Stout", "Member Since": "2010", "Email": "genuinerisk1@gmail.com"}
