{"SafeDict": "{\"Phone\": \"(617) 557-9130\", \"Last Name\": \"Ismail\", \"Photo\": \"\", \"Address\": \"85 East India Row, 35D\", \"Current Status\": \"2013\", \"First Name\": \"Kathleen\", \"Bio Information\": \"Kathleen Hubbard-Ismail had a thirty-year career in corporate America in the field of Human Resources.  She spent the majority of her career working for several unique high technology companies in the Cambridge Kendall Square area. While at Computer Corporation of America, their R&D department worked on the development of the Arpanet, the progenitor of what was to become the Internet.  Sorry, Al Gore!  Most recently, Kathleen was a Senior Vice President for Atari, Inc., an international digital entertainment company, where she was responsible for managing their Human Resources, Facilities and Information Technology departments.  \\nKathleen loves to travel.  She and her husband have devoured the remarkable cultures of our planet through trips to Burma, Bali, Belize, Bhutan, Botswana, Brazil, Cambodia, Canada, Dominican Republic, Egypt, England, France, Greece, Guatemala, Hong Kong, Honduras, India, Indonesia, Italy, Japan, Laos, Mexico, Morocco, Pakistan, Peru, St Croix, St Thomas, Singapore, Sicily, Spain, Switzerland, Taiwan, Thailand, Turkey and Vietnam.  The more remote, the better is Kathleen\\u2019s motto.\\nIn addition, for the past 20 years, Kathleen has spent two weeks of her annual vacation doing volunteer work around the world through Global Volunteers.  As a member of their Board of Directors, she has done multiple TV interviews and speaking engagements on behalf of the company.  In January of 2009, Kathleen traveled with them to Senchi Ferry, Ghana where she learned that students must pay a steep tuition fee to attend high school.  As most of the families in rural Ghana are poor small family farmers and themselves uneducated and illiterate, they cannot afford this tuition fee, so most children do not complete their education. Because all children deserve a life of independence, fulfillment and self-esteem, Kathleen was called to help.\\nKathleen is the founder and president of the Ghana Scholarship Fund, Inc., a 501(c)3 non-profit corporation whose mission is to provide educational scholarships to local high school for students from rural communities in Ghana, West Africa who parents can\\u2019t afford the required tuition fee. Today, the Ghana Scholarship Fund provides scholarships to high school and university for \\\"brilliant but needy\\\" students from 22 rural villages in Ghana, West Africa. This work requires Kathleen to travel to Ghana three times each year. To date, 210 students have received a scholarship to high school and 13 have received a full scholarship to university.\\nIn the US, Kathleen spends her time serving as the Vice-Chair on the Board of Trustees for the YWCA of Cambridge, managing the Ghana Scholarship Fund, Inc. and traveling between her homes in Boston and Vermont, where her son lives with his wife and two children.  She and her husband are the proud grandparents of two beautiful granddaughters, who shine a loving light on their lives each blessed weekend.\\n \", \"City State Zip\": \"Boston, MA. 02130\", \"Display name\": \"Kathleen Ismail\", \"Member Since\": \"2013\", \"Email\": \"hubbard.ismail@gmail.com\"}", "Phone": "(617) 557-9130", "Last Name": "Ismail", "Photo": "", "Address": "85 East India Row, 35D", "Current Status": "2013", "First Name": "Kathleen", "Bio Information": "Kathleen Hubbard-Ismail had a thirty-year career in corporate America in the field of Human Resources.  She spent the majority of her career working for several unique high technology companies in the Cambridge Kendall Square area. While at Computer Corporation of America, their R&D department worked on the development of the Arpanet, the progenitor of what was to become the Internet.  Sorry, Al Gore!  Most recently, Kathleen was a Senior Vice President for Atari, Inc., an international digital entertainment company, where she was responsible for managing their Human Resources, Facilities and Information Technology departments.  \nKathleen loves to travel.  She and her husband have devoured the remarkable cultures of our planet through trips to Burma, Bali, Belize, Bhutan, Botswana, Brazil, Cambodia, Canada, Dominican Republic, Egypt, England, France, Greece, Guatemala, Hong Kong, Honduras, India, Indonesia, Italy, Japan, Laos, Mexico, Morocco, Pakistan, Peru, St Croix, St Thomas, Singapore, Sicily, Spain, Switzerland, Taiwan, Thailand, Turkey and Vietnam.  The more remote, the better is Kathleen\u2019s motto.\nIn addition, for the past 20 years, Kathleen has spent two weeks of her annual vacation doing volunteer work around the world through Global Volunteers.  As a member of their Board of Directors, she has done multiple TV interviews and speaking engagements on behalf of the company.  In January of 2009, Kathleen traveled with them to Senchi Ferry, Ghana where she learned that students must pay a steep tuition fee to attend high school.  As most of the families in rural Ghana are poor small family farmers and themselves uneducated and illiterate, they cannot afford this tuition fee, so most children do not complete their education. Because all children deserve a life of independence, fulfillment and self-esteem, Kathleen was called to help.\nKathleen is the founder and president of the Ghana Scholarship Fund, Inc., a 501(c)3 non-profit corporation whose mission is to provide educational scholarships to local high school for students from rural communities in Ghana, West Africa who parents can\u2019t afford the required tuition fee. Today, the Ghana Scholarship Fund provides scholarships to high school and university for \"brilliant but needy\" students from 22 rural villages in Ghana, West Africa. This work requires Kathleen to travel to Ghana three times each year. To date, 210 students have received a scholarship to high school and 13 have received a full scholarship to university.\nIn the US, Kathleen spends her time serving as the Vice-Chair on the Board of Trustees for the YWCA of Cambridge, managing the Ghana Scholarship Fund, Inc. and traveling between her homes in Boston and Vermont, where her son lives with his wife and two children.  She and her husband are the proud grandparents of two beautiful granddaughters, who shine a loving light on their lives each blessed weekend.\n ", "City State Zip": "Boston, MA. 02130", "Display name": "Kathleen Ismail", "Member Since": "2013", "Email": "hubbard.ismail@gmail.com"}
