{"SafeDict": "{\"Phone\": \"(978) 887-3943\", \"Last Name\": \"Feeks\", \"Photo\": \"\", \"Address\": \"8 Kates Lane\", \"Current Status\": \"2013\", \"First Name\": \"Katherine\", \"Bio Information\": \"In the spring of 1964, Katie was attending a Catholic women\\u2019s college and planning her summer wedding. Learning of her wedding plans, the college informed her that the school did not accept married students and if she continued with her plans she would not be allowed to return to school in September. With two years of college complete, she withdrew from college and was married in the summer of 1964.  It was while visiting colleges with her oldest daughter she decided it was time to look into completing her own degree. After four years of evening classes and a summer session she received her diploma in 1985, a B.A., magna cum laude,  with a major in Russian Area Studies.  In the audience, acknowledging her accomplishment, were her husband and five children.\\nThe years leading up to the return to school were filled with various community volunteer activities: member of the Briarcliff (NY)Library Board of Trustees and Children\\u2019s Program Coordinator; Girl Scout leader and coordinator of community Scouting activities; volunteering in the schools, working with the PTA including serving as President, and chairing the School Board committee to explore a full day kindergarten program\\nIn 1989 she moved to Dutchess County New York where her volunteer activities continued as Chair of the Town Zoning Update Committee, and member of the Dutchess County Historical Society Board of Directors and Children\\u2019s Program Coordinator.  At this time the opportunity to put much of the experience and skills gained through volunteer activities to work presented itself and Katie went to work, part-time, in a private school that was trying to develop and strengthen its library program. With limited funding, volunteers were trained and the collection was updated to support each grade level curriculum. Trained as a Junior Great Books Leader, she initiated a program with a group of 7th and 8th graders meeting during their lunch break. This was an especially rewarding experience for Katie and she is particularly pleased when she hears how the program continues to thrive.\\nWhen Katie and her husband moved to Ocean County New Jersey she was employed as Executive Director of a start-up Big Brothers Big Sisters Program.  She was starting with the basics: completing the documentation required for final approval from the national organization, preparing a policy and procedures manual, setting up an office, hiring a staff, and developing media relationships so important to the new organization. Within the year, a strong program was underway with close to 30 children in the program and outreach was expanded to a school-based mentoring program. Volunteer activities continued with membership on various United Way committees.\\nKatie then moved on to serve as Executive Director of Contact We Care, a crisis hotline that also responded to the national 1-800-SUICIDE line.  With a staff of six and 100 trained volunteers, the hotline telephones were answered 24/7/365.  She frequently answered the hotline which served as a continual reminder of the importance of this agency.\\nKatie and her husband moved to the Boston area in 2010.  Her volunteer activities continue at the Wenham Museum as a member of the Programs and Exhibitions Committee. An avid reader, she loves to garden, cook, hike and bike, and share her love of books, nature and museums with her children and grandchildren.\", \"City State Zip\": \"Boxford, MA. 01921\", \"Display name\": \"Katherine Feeks\", \"Member Since\": \"2013\", \"Email\": \"k.feeks121@gmail.com\"}", "Phone": "(978) 887-3943", "Last Name": "Feeks", "Photo": "", "Address": "8 Kates Lane", "Current Status": "2013", "First Name": "Katherine", "Bio Information": "In the spring of 1964, Katie was attending a Catholic women\u2019s college and planning her summer wedding. Learning of her wedding plans, the college informed her that the school did not accept married students and if she continued with her plans she would not be allowed to return to school in September. With two years of college complete, she withdrew from college and was married in the summer of 1964.  It was while visiting colleges with her oldest daughter she decided it was time to look into completing her own degree. After four years of evening classes and a summer session she received her diploma in 1985, a B.A., magna cum laude,  with a major in Russian Area Studies.  In the audience, acknowledging her accomplishment, were her husband and five children.\nThe years leading up to the return to school were filled with various community volunteer activities: member of the Briarcliff (NY)Library Board of Trustees and Children\u2019s Program Coordinator; Girl Scout leader and coordinator of community Scouting activities; volunteering in the schools, working with the PTA including serving as President, and chairing the School Board committee to explore a full day kindergarten program\nIn 1989 she moved to Dutchess County New York where her volunteer activities continued as Chair of the Town Zoning Update Committee, and member of the Dutchess County Historical Society Board of Directors and Children\u2019s Program Coordinator.  At this time the opportunity to put much of the experience and skills gained through volunteer activities to work presented itself and Katie went to work, part-time, in a private school that was trying to develop and strengthen its library program. With limited funding, volunteers were trained and the collection was updated to support each grade level curriculum. Trained as a Junior Great Books Leader, she initiated a program with a group of 7th and 8th graders meeting during their lunch break. This was an especially rewarding experience for Katie and she is particularly pleased when she hears how the program continues to thrive.\nWhen Katie and her husband moved to Ocean County New Jersey she was employed as Executive Director of a start-up Big Brothers Big Sisters Program.  She was starting with the basics: completing the documentation required for final approval from the national organization, preparing a policy and procedures manual, setting up an office, hiring a staff, and developing media relationships so important to the new organization. Within the year, a strong program was underway with close to 30 children in the program and outreach was expanded to a school-based mentoring program. Volunteer activities continued with membership on various United Way committees.\nKatie then moved on to serve as Executive Director of Contact We Care, a crisis hotline that also responded to the national 1-800-SUICIDE line.  With a staff of six and 100 trained volunteers, the hotline telephones were answered 24/7/365.  She frequently answered the hotline which served as a continual reminder of the importance of this agency.\nKatie and her husband moved to the Boston area in 2010.  Her volunteer activities continue at the Wenham Museum as a member of the Programs and Exhibitions Committee. An avid reader, she loves to garden, cook, hike and bike, and share her love of books, nature and museums with her children and grandchildren.", "City State Zip": "Boxford, MA. 01921", "Display name": "Katherine Feeks", "Member Since": "2013", "Email": "k.feeks121@gmail.com"}
