{"SafeDict": "{\"Phone\": \"978-562-2146\", \"Last Name\": \"Vivolo\", \"Photo\": \"\", \"Address\": \"68 Bennett St.\", \"Current Status\": \"2005\", \"First Name\": \"Kathy\", \"Bio Information\": \"Boston College, BA, English; Boston University, MEd.  Forty years of classroom teaching, grades three through eight; National Board Certification, Who's Who Among American Teachers, Past President, MA Assoc. of Science Teachers; state and national presenter, science workshops\\npresently Cochair of Mentoring Committee, Hudson, MA, responsible for mentor training and monthly seminars\\nHusband, Bernie, still working, insurance fraud investigator.  Daughter, Katie, at Boston College Graduate School of Social Work, doing internship at Boston Medical Center\\nLifelong interest in  archetypes, CG Jung, Joseph Campbell, mythology and symbols.  Love everything British except the exchange rate, Italy, art, medieval history, the ocean, and travel.\", \"City State Zip\": \"Hudson, MA 01749\", \"Display name\": \"Kathy Vivolo\", \"Member Since\": \"2005\", \"Email\": \"kathy.vivolo@verizon.net\"}", "Phone": "978-562-2146", "Last Name": "Vivolo", "Photo": "", "Address": "68 Bennett St.", "Current Status": "2005", "First Name": "Kathy", "Bio Information": "Boston College, BA, English; Boston University, MEd.  Forty years of classroom teaching, grades three through eight; National Board Certification, Who's Who Among American Teachers, Past President, MA Assoc. of Science Teachers; state and national presenter, science workshops\npresently Cochair of Mentoring Committee, Hudson, MA, responsible for mentor training and monthly seminars\nHusband, Bernie, still working, insurance fraud investigator.  Daughter, Katie, at Boston College Graduate School of Social Work, doing internship at Boston Medical Center\nLifelong interest in  archetypes, CG Jung, Joseph Campbell, mythology and symbols.  Love everything British except the exchange rate, Italy, art, medieval history, the ocean, and travel.", "City State Zip": "Hudson, MA 01749", "Display name": "Kathy Vivolo", "Member Since": "2005", "Email": "kathy.vivolo@verizon.net"}
