{"SafeDict": "{\"Phone\": \"617-491-7173\", \"Last Name\": \"O'Connor\", \"Photo\": \"\", \"Address\": \"25 Chauncy St.\", \"Current Status\": \"New Member\", \"First Name\": \"Katherine\", \"Bio Information\": \"Professor Emerita (since Fall 2012) of Russian and Comparative Literature, Department of Modern Languages & Comparative Literature, Boston University.\\nKatherine O\\u2019Connor began her study of Russian at Yale Summer School, majored in Russian at Bryn Mawr, and received a Woodrow Wilson Fellowship to do graduate work at Harvard, receiving an M.A. in the Soviet Area Studies Program and a Ph.D. in Russian from the Department of Slavic Languages & Literatures.  She was awarded an Honorary Phi Beta Kappa from Radcliffe and a Metcalf Teaching award from Boston University, where she taught for forty-one years and served as Director of the Humanities Foundation from 1991 to 2008.\\nA scholar, critic, and translator of modern Russian literature, she has written on both poetry and prose, including the poetry of Boris Pasternak, the short prose of Nikolai Leskov, the novels of Vladimir Nabokov, and, most recently and most extensively, the short stories and the letters of Anton Chekhov.  She has co-translated (with Diana Lewis Burin) selected works of the \\u00e9migr\\u00e9 writer Sergei Dovlatov, including his short story \\u201cSomebody\\u2019s Death,\\u201d which appeared in TheNew Yorker (September 29, 1981). Their 1995 translation of Mikhail Bulgakov\\u2019s The Master and Margarita remains in print as a Vintage International Paperback.  Katherine O\\u2019Connor\\u2019s translations (\\u201cA Little Game\\u201d and \\u201cAgafya\\u201d) are in the new Norton Critical Edition of Selected Stories of Chekhov (2014).\", \"City State Zip\": \"Cambridge, MA. 02138\", \"Display name\": \"Katherine O'Connor\", \"Member Since\": \"Spring 2015\", \"Email\": \"katyo@bu.edu\"}", "Phone": "617-491-7173", "Last Name": "O'Connor", "Photo": "", "Address": "25 Chauncy St.", "Current Status": "New Member", "First Name": "Katherine", "Bio Information": "Professor Emerita (since Fall 2012) of Russian and Comparative Literature, Department of Modern Languages & Comparative Literature, Boston University.\nKatherine O\u2019Connor began her study of Russian at Yale Summer School, majored in Russian at Bryn Mawr, and received a Woodrow Wilson Fellowship to do graduate work at Harvard, receiving an M.A. in the Soviet Area Studies Program and a Ph.D. in Russian from the Department of Slavic Languages & Literatures.  She was awarded an Honorary Phi Beta Kappa from Radcliffe and a Metcalf Teaching award from Boston University, where she taught for forty-one years and served as Director of the Humanities Foundation from 1991 to 2008.\nA scholar, critic, and translator of modern Russian literature, she has written on both poetry and prose, including the poetry of Boris Pasternak, the short prose of Nikolai Leskov, the novels of Vladimir Nabokov, and, most recently and most extensively, the short stories and the letters of Anton Chekhov.  She has co-translated (with Diana Lewis Burin) selected works of the \u00e9migr\u00e9 writer Sergei Dovlatov, including his short story \u201cSomebody\u2019s Death,\u201d which appeared in TheNew Yorker (September 29, 1981). Their 1995 translation of Mikhail Bulgakov\u2019s The Master and Margarita remains in print as a Vintage International Paperback.  Katherine O\u2019Connor\u2019s translations (\u201cA Little Game\u201d and \u201cAgafya\u201d) are in the new Norton Critical Edition of Selected Stories of Chekhov (2014).", "City State Zip": "Cambridge, MA. 02138", "Display name": "Katherine O'Connor", "Member Since": "Spring 2015", "Email": "katyo@bu.edu"}
