{"SafeDict": "{\"Phone\": \"617-492-0437\", \"Last Name\": \"Born\", \"Photo\": \"\", \"Address\": \"3 Walnut Avenue\", \"Current Status\": \"New\", \"First Name\": \"Kathleen\", \"Bio Information\": \"Kathleen Leahy Born\\nKathleen Leahy Born is a semi-retired architect with a parallel career as a public servant. She served four terms as a Cambridge City Councillor and also as Vice Mayor of the City of Cambridge.\\nShe chaired the successful Community Preservation Act Campaign of 2002 in Cambridge which has brought more than 30 million dollars of public investment to the city for the creation of affordable housing, historic preservation, and open space acquisition and rehabilitation.  Currently Ms. Born is the Chair of the Board of the Cambridge Redevelopment Authority (CRA), charged with oversight of the Kendall Square Urban Redevelopment Plan as well as possible new initiatives in other parts of Cambridge.  \\nMs. Born is a graduate of Smith College and holds a Master of Architecture degree from MIT. She studied English Literature at Harvard University in the Graduate School of Arts and Science and participated in the Massachusetts Senior Executives Program at the Kennedy School of Government.\\nMs. Born has lived in the same house in Cambridge since 1971 with her husband / college sweetheart, John Born.  They have four grown children with families of their own, two sons in California, one son in London, and one daughter in Connecticut.\\nThe Borns are still waiting for one of their offspring (perhaps one of their eight grandchildren currently aged 2 to 14) to appreciate living in Cambridge as much as they do. \", \"City State Zip\": \"Cambridge, MA 02140\", \"Display name\": \"Kathleen Born\", \"Member Since\": \"Spring 2014\", \"Email\": \"kathyborn@gmail.com\"}", "Phone": "617-492-0437", "Last Name": "Born", "Photo": "", "Address": "3 Walnut Avenue", "Current Status": "New", "First Name": "Kathleen", "Bio Information": "Kathleen Leahy Born\nKathleen Leahy Born is a semi-retired architect with a parallel career as a public servant. She served four terms as a Cambridge City Councillor and also as Vice Mayor of the City of Cambridge.\nShe chaired the successful Community Preservation Act Campaign of 2002 in Cambridge which has brought more than 30 million dollars of public investment to the city for the creation of affordable housing, historic preservation, and open space acquisition and rehabilitation.  Currently Ms. Born is the Chair of the Board of the Cambridge Redevelopment Authority (CRA), charged with oversight of the Kendall Square Urban Redevelopment Plan as well as possible new initiatives in other parts of Cambridge.  \nMs. Born is a graduate of Smith College and holds a Master of Architecture degree from MIT. She studied English Literature at Harvard University in the Graduate School of Arts and Science and participated in the Massachusetts Senior Executives Program at the Kennedy School of Government.\nMs. Born has lived in the same house in Cambridge since 1971 with her husband / college sweetheart, John Born.  They have four grown children with families of their own, two sons in California, one son in London, and one daughter in Connecticut.\nThe Borns are still waiting for one of their offspring (perhaps one of their eight grandchildren currently aged 2 to 14) to appreciate living in Cambridge as much as they do. ", "City State Zip": "Cambridge, MA 02140", "Display name": "Kathleen Born", "Member Since": "Spring 2014", "Email": "kathyborn@gmail.com"}
