{"SafeDict": "{\"Phone\": \"(617) 527-0269\", \"Last Name\": \"Dreyer\", \"Photo\": \"\", \"Address\": \"11 Irving Rd.\", \"Current Status\": \"New\", \"First Name\": \"Ken\", \"Bio Information\": \"Ken Dreyer is Executive Vice Chairman of the Board of Directors of Eliassen Group and previously served as the company's CEO from 2007 to 2010. Prior to joining Eliassen Group as CEO in 2007, Ken consulted to Eliassen Group on matters ranging from strategic planning and account planning to team building for the previous six years. Earlier in his career, Ken was CEO, president and chairman of several successful corporations in the Boston area and served on several boards. Ken is married to Hazel (45 years in Dec 2013), has 2 sons, Gavin (42) and Paul (40) and two grandchildren, Ava (8) and Teddy (5). Ken is an avid golfer, works out daily, travels extensively with Hazel and tutors in Mathematics at the Beacon Academy.\", \"City State Zip\": \"Waban, MA, 02468\", \"Display name\": \"Ken Dreyer\", \"Member Since\": \"Fall 2013\", \"Email\": \"kdreyer@eliassen.com\"}", "Phone": "(617) 527-0269", "Last Name": "Dreyer", "Photo": "", "Address": "11 Irving Rd.", "Current Status": "New", "First Name": "Ken", "Bio Information": "Ken Dreyer is Executive Vice Chairman of the Board of Directors of Eliassen Group and previously served as the company's CEO from 2007 to 2010. Prior to joining Eliassen Group as CEO in 2007, Ken consulted to Eliassen Group on matters ranging from strategic planning and account planning to team building for the previous six years. Earlier in his career, Ken was CEO, president and chairman of several successful corporations in the Boston area and served on several boards. Ken is married to Hazel (45 years in Dec 2013), has 2 sons, Gavin (42) and Paul (40) and two grandchildren, Ava (8) and Teddy (5). Ken is an avid golfer, works out daily, travels extensively with Hazel and tutors in Mathematics at the Beacon Academy.", "City State Zip": "Waban, MA, 02468", "Display name": "Ken Dreyer", "Member Since": "Fall 2013", "Email": "kdreyer@eliassen.com"}
