{"SafeDict": "{\"Phone\": \"\", \"Last Name\": \"Newman\", \"Photo\": \"\", \"Address\": \"\", \"Current Status\": \"2008\", \"First Name\": \"Kenneth\", \"Bio Information\": \"Kenneth Newman retired from the faculty of the University of Massachusetts Boston in 2008. He had had a joint appointment in the Departments of Computer Science and Mathematics.\\n\\nKenneth was an undergraduate at Brooklyn College and did his graduate work in mathematics at Cornell University. Before coming to the University of Massachusetts, he taught at McGill University and the University of Illinois, Chicago.\\n\\nKenneth's hobbies include bridge, chess, and poker. He also enjoys hiking, playing the piano and writing about himself in the third person. He is married to HILR member Elizabeth Neild.\", \"City State Zip\": \"\", \"Display name\": \"Kenneth Newman\", \"Member Since\": \"2008\", \"Email\": \"kenneth.newman@umb.edu\"}", "Phone": "", "Last Name": "Newman", "Photo": "", "Address": "", "Current Status": "2008", "First Name": "Kenneth", "Bio Information": "Kenneth Newman retired from the faculty of the University of Massachusetts Boston in 2008. He had had a joint appointment in the Departments of Computer Science and Mathematics.\n\nKenneth was an undergraduate at Brooklyn College and did his graduate work in mathematics at Cornell University. Before coming to the University of Massachusetts, he taught at McGill University and the University of Illinois, Chicago.\n\nKenneth's hobbies include bridge, chess, and poker. He also enjoys hiking, playing the piano and writing about himself in the third person. He is married to HILR member Elizabeth Neild.", "City State Zip": "", "Display name": "Kenneth Newman", "Member Since": "2008", "Email": "kenneth.newman@umb.edu"}
