{"SafeDict": "{\"Phone\": \"617-932-1384\", \"Last Name\": \"Hewitt\", \"Photo\": \"\", \"Address\": \"98 Common Street\", \"Current Status\": \"Active Member\", \"First Name\": \"Kent\", \"Bio Information\": \"Following Montclair (N.J.) High School, I graduated from Cornell University (\\u201859), after which I spent four years in the U.S. Navy.  Then back to academics:  Boston University School of Medicine (M.D. \\u201869) and subsequent specialty training in Maine, Connecticut, and Vermont.  Beginning in 1974, I settled in Hartford, Connecticut, practicing gastroenterology and internal medicine until 1996 when I retired and moved to the Boston area.\\n\\nI now live with my wife (Myra Hart) in Belmont, Massachusetts. Our blended family consists of seven children and nine grandchildren.  My avocational interests include: music, photography, sailing, the natural world, and birding. I especially enjoy volunteer opportunities at the Boston Museum of Science, Massachusetts Audubon Society, Boston By Foot, and The Village Church in Wellesley.\", \"City State Zip\": \"Belmont, MA 02478\", \"Display name\": \"Kent Hewitt\", \"Member Since\": \"2005\", \"Email\": \"jkh29@cornell.edu\"}", "Phone": "617-932-1384", "Last Name": "Hewitt", "Photo": "", "Address": "98 Common Street", "Current Status": "Active Member", "First Name": "Kent", "Bio Information": "Following Montclair (N.J.) High School, I graduated from Cornell University (\u201859), after which I spent four years in the U.S. Navy.  Then back to academics:  Boston University School of Medicine (M.D. \u201869) and subsequent specialty training in Maine, Connecticut, and Vermont.  Beginning in 1974, I settled in Hartford, Connecticut, practicing gastroenterology and internal medicine until 1996 when I retired and moved to the Boston area.\n\nI now live with my wife (Myra Hart) in Belmont, Massachusetts. Our blended family consists of seven children and nine grandchildren.  My avocational interests include: music, photography, sailing, the natural world, and birding. I especially enjoy volunteer opportunities at the Boston Museum of Science, Massachusetts Audubon Society, Boston By Foot, and The Village Church in Wellesley.", "City State Zip": "Belmont, MA 02478", "Display name": "Kent Hewitt", "Member Since": "2005", "Email": "jkh29@cornell.edu"}
