{"SafeDict": "{\"Phone\": \"617-868-7938\", \"Last Name\": \"Beer\", \"Photo\": \"\", \"Address\": \"17 Haskell Street\", \"Current Status\": \"Active Member\", \"First Name\": \"Kitty\", \"Bio Information\": \"I write novels about climate change. My third one in a trilogy is due out this April. \", \"City State Zip\": \"Cambridge MA 02140\", \"Display name\": \"Kitty Beer\", \"Member Since\": \"2003\", \"Email\": \"kbsep22@verizon.net\"}", "Phone": "617-868-7938", "Last Name": "Beer", "Photo": "", "Address": "17 Haskell Street", "Current Status": "Active Member", "First Name": "Kitty", "Bio Information": "I write novels about climate change. My third one in a trilogy is due out this April. ", "City State Zip": "Cambridge MA 02140", "Display name": "Kitty Beer", "Member Since": "2003", "Email": "kbsep22@verizon.net"}
