{"SafeDict": "{\"Phone\": \"617-864-2432\", \"Last Name\": \"Selfridge\", \"Photo\": \"\", \"Address\": \"66 Grozier Road\", \"Current Status\": \"1996\", \"First Name\": \"Kitty (Katherine)\", \"Bio Information\": \"Graduated with BA from Mt. Holyoke College in 1952, with senior year in Paris. Majored in art history. Lived in Paris for 2 1/2 years with husband and baby. Eventually career in tech writing,editing and graphic design; managed graphic design department at TAC, and documentation depts in 5 software companies.\\n\\nMarried to Roger Ludlow Bull in 1951; had 2 boys and 1 girl. Married Oliver Gordon Selfridge in 1967; acquired 3 stepchildren. Divorced Oliver in 1996. Moved from Lexington MA to Cambridge.\", \"City State Zip\": \"Cambridge MA 02138\", \"Display name\": \"Kitty Selfridge\", \"Member Since\": \"1996\", \"Email\": \"kselfrid@comcast.net\"}", "Phone": "617-864-2432", "Last Name": "Selfridge", "Photo": "", "Address": "66 Grozier Road", "Current Status": "1996", "First Name": "Kitty (Katherine)", "Bio Information": "Graduated with BA from Mt. Holyoke College in 1952, with senior year in Paris. Majored in art history. Lived in Paris for 2 1/2 years with husband and baby. Eventually career in tech writing,editing and graphic design; managed graphic design department at TAC, and documentation depts in 5 software companies.\n\nMarried to Roger Ludlow Bull in 1951; had 2 boys and 1 girl. Married Oliver Gordon Selfridge in 1967; acquired 3 stepchildren. Divorced Oliver in 1996. Moved from Lexington MA to Cambridge.", "City State Zip": "Cambridge MA 02138", "Display name": "Kitty Selfridge", "Member Since": "1996", "Email": "kselfrid@comcast.net"}
