{"SafeDict": "{\"Phone\": \"(617) 244-6148\", \"Last Name\": \"Finn\", \"Photo\": \"\", \"Address\": \"32 Lenox St.\", \"Current Status\": \"2012\", \"First Name\": \"Kristin\", \"Bio Information\": \"An obvious work in progress, Kris is the beneficiary of improbable opportunities that taught her to embrace change and grow with it. She is a transplanted Midwesterner who hop scotched through college, with undergraduate highlights at University of London and Yale. Her Masters in Communications from Penn\\u2019s Annenberg School led her gradually to develop a voice attuned to advocacy. She used it in editorials as a weekly newspaper editor, in publicizing a policy agenda as chief legislative aide in the Rhode Island State House, in promoting corporate responsibility through social investment research and activism, in helping to grow an environmental non-profit through media and membership outreach, and finally in advocating inventiveness and innovation as executive director of the Lemelson-MIT Program. This careening path was part of life\\u2019s dance around raising three children in Newton, with a husband whose career trajectory in a law firm was decidedly more stable and sustaining.\\nKris has been an enthusiastic book group contributor and consumer of extension courses for the past 30 years. A latecomer to rowing, she loves to row in a single scull or quad, as well as throw pottery, bike, travel, practice yoga, and muck in the garden. In recent years, she and her husband have taken up sailing, and so far have avoided disaster on various bare boat charter excursions. Each summer, they return to northern Lake Michigan, a family stamping ground for five generations, to nourish their souls.\\nKris\\u2019 weekly volunteer work with Boston\\u2019s homeless community over the last several years prompted her to initiate the development of a citywide database to improve services at HomeStart. She is currently helping to coordinate this collaborative project with volunteer programmers at MIT.\", \"City State Zip\": \"Newton, MA 02465\", \"Display name\": \"Kristin Finn\", \"Member Since\": \"2012\", \"Email\": \"krisfinn@gmail.com\"}", "Phone": "(617) 244-6148", "Last Name": "Finn", "Photo": "", "Address": "32 Lenox St.", "Current Status": "2012", "First Name": "Kristin", "Bio Information": "An obvious work in progress, Kris is the beneficiary of improbable opportunities that taught her to embrace change and grow with it. She is a transplanted Midwesterner who hop scotched through college, with undergraduate highlights at University of London and Yale. Her Masters in Communications from Penn\u2019s Annenberg School led her gradually to develop a voice attuned to advocacy. She used it in editorials as a weekly newspaper editor, in publicizing a policy agenda as chief legislative aide in the Rhode Island State House, in promoting corporate responsibility through social investment research and activism, in helping to grow an environmental non-profit through media and membership outreach, and finally in advocating inventiveness and innovation as executive director of the Lemelson-MIT Program. This careening path was part of life\u2019s dance around raising three children in Newton, with a husband whose career trajectory in a law firm was decidedly more stable and sustaining.\nKris has been an enthusiastic book group contributor and consumer of extension courses for the past 30 years. A latecomer to rowing, she loves to row in a single scull or quad, as well as throw pottery, bike, travel, practice yoga, and muck in the garden. In recent years, she and her husband have taken up sailing, and so far have avoided disaster on various bare boat charter excursions. Each summer, they return to northern Lake Michigan, a family stamping ground for five generations, to nourish their souls.\nKris\u2019 weekly volunteer work with Boston\u2019s homeless community over the last several years prompted her to initiate the development of a citywide database to improve services at HomeStart. She is currently helping to coordinate this collaborative project with volunteer programmers at MIT.", "City State Zip": "Newton, MA 02465", "Display name": "Kristin Finn", "Member Since": "2012", "Email": "krisfinn@gmail.com"}
