{"SafeDict": "{\"Phone\": \"978-369-5390\", \"Last Name\": \"Minton\", \"Photo\": \"\", \"Address\": \"24 Concord Greene, Apt. 1\", \"Current Status\": \"1981\", \"First Name\": \"Lal\", \"Bio Information\": \"I was born in Lethbridge, Alberta, Canada, one of three daughters and two sons of Emil and Kit Sick, he being of German stock and mother of Scottish, as was typical of southern Alberta, I think.  I have recently learned from Wolfgang Freitag that the name \\u201cSick\\u201d came from \\u201cSieg\\u201d, meaning Victory.  I was glad to hear it.\\nWe moved to Seattle after prohibition where my father  created  the Rainier Brewery and bought the baseball team, the Indians, renaming them the Rainiers.  Freddy Hutchinson  pitched for 25 victories in 1937 before going off to the majors.\\nI attended  the University of Washington,  graduated from Scripps in Claremont, California,  got an MA at Columbia and a PhD at Boston University.  I taught French at Concord Academy and at Boston University and wrote my doctoral thesis on Chateaubriand\\u2019s  and Claude Levi-Strauss\\u2019 literary styles.  The latter, an anthropologist, is the  father of Structuralism and,  at the age of 99, gives hope to the Parisian literati of living to  be 100 in November and providing grist for a celebration.\\nI married Robert Minton, a writer and publicist, author of several books, who was head of public relations at Radio Free Europe and Boston University.  We spent three years in Paris and three in Munich.  We had two children, Cronan and Helena.  Cronan has two married children, who each have two children, making me a great grandmother.  Helena has one son.  Cronan has a small business and Helena is director of the library in North Reading.\\nThe ILR has been my major interest for more years than I care to say.  In the outside world it is not easy to meet  people with as varied interests as our members, although there are a few in Concord, where I live. While I never tire of learning new things, I am now concentrating mainly on languages.  It is not a bad idea as they are leading me in new directions.  I play the recorder, in case anybody wants to play in a group.\\n\\nI conclude that in old age it is even more necessary to invent a life than in youth, when most activities outside of entertainment are a given i.e., work, child care. \\n \", \"City State Zip\": \"Concord MA 01742-3132\", \"Display name\": \"Lal Minton\", \"Member Since\": \"1981\", \"Email\": \"rminton867@aol.com\"}", "Phone": "978-369-5390", "Last Name": "Minton", "Photo": "", "Address": "24 Concord Greene, Apt. 1", "Current Status": "1981", "First Name": "Lal", "Bio Information": "I was born in Lethbridge, Alberta, Canada, one of three daughters and two sons of Emil and Kit Sick, he being of German stock and mother of Scottish, as was typical of southern Alberta, I think.  I have recently learned from Wolfgang Freitag that the name \u201cSick\u201d came from \u201cSieg\u201d, meaning Victory.  I was glad to hear it.\nWe moved to Seattle after prohibition where my father  created  the Rainier Brewery and bought the baseball team, the Indians, renaming them the Rainiers.  Freddy Hutchinson  pitched for 25 victories in 1937 before going off to the majors.\nI attended  the University of Washington,  graduated from Scripps in Claremont, California,  got an MA at Columbia and a PhD at Boston University.  I taught French at Concord Academy and at Boston University and wrote my doctoral thesis on Chateaubriand\u2019s  and Claude Levi-Strauss\u2019 literary styles.  The latter, an anthropologist, is the  father of Structuralism and,  at the age of 99, gives hope to the Parisian literati of living to  be 100 in November and providing grist for a celebration.\nI married Robert Minton, a writer and publicist, author of several books, who was head of public relations at Radio Free Europe and Boston University.  We spent three years in Paris and three in Munich.  We had two children, Cronan and Helena.  Cronan has two married children, who each have two children, making me a great grandmother.  Helena has one son.  Cronan has a small business and Helena is director of the library in North Reading.\nThe ILR has been my major interest for more years than I care to say.  In the outside world it is not easy to meet  people with as varied interests as our members, although there are a few in Concord, where I live. While I never tire of learning new things, I am now concentrating mainly on languages.  It is not a bad idea as they are leading me in new directions.  I play the recorder, in case anybody wants to play in a group.\n\nI conclude that in old age it is even more necessary to invent a life than in youth, when most activities outside of entertainment are a given i.e., work, child care. \n ", "City State Zip": "Concord MA 01742-3132", "Display name": "Lal Minton", "Member Since": "1981", "Email": "rminton867@aol.com"}
