{"SafeDict": "{\"Phone\": \"617-770-3099\", \"Last Name\": \"Balasundaram\", \"Photo\": \"\", \"Address\": \"117 Colonial Drive\", \"Current Status\": \"Active Member\", \"First Name\": \"Lalgudi\", \"Bio Information\": \"Lalgudi J. Balasundaram (Balu) resides in Quincy. A scientist and engineer by profession, he received his undergraduate and graduate degrees in India and Sheffield (United Kingdom). After spending 15 years as a scientist with the Indian Council of Scientific and Industrial Research at the National Metallurgical laboratory, Jamshedpur (India), he worked as an engineer with Raytheon.\\n\\nBesides being a member of many technical societies, he is a member of ASME B31.3 code committee formulating rules for construction and safe operation of petrochemical and chemical plants. He has a lifelong interest in the social and moral aspects of science and technology in contemporary society.\", \"City State Zip\": \"Quincy MA 02169-3099\", \"Display name\": \"Lalgudi Balasundaram\", \"Member Since\": \"1998\", \"Email\": \"jagbala@comcast.net\"}", "Phone": "617-770-3099", "Last Name": "Balasundaram", "Photo": "", "Address": "117 Colonial Drive", "Current Status": "Active Member", "First Name": "Lalgudi", "Bio Information": "Lalgudi J. Balasundaram (Balu) resides in Quincy. A scientist and engineer by profession, he received his undergraduate and graduate degrees in India and Sheffield (United Kingdom). After spending 15 years as a scientist with the Indian Council of Scientific and Industrial Research at the National Metallurgical laboratory, Jamshedpur (India), he worked as an engineer with Raytheon.\n\nBesides being a member of many technical societies, he is a member of ASME B31.3 code committee formulating rules for construction and safe operation of petrochemical and chemical plants. He has a lifelong interest in the social and moral aspects of science and technology in contemporary society.", "City State Zip": "Quincy MA 02169-3099", "Display name": "Lalgudi Balasundaram", "Member Since": "1998", "Email": "jagbala@comcast.net"}
