{"SafeDict": "{\"Phone\": \"\", \"Last Name\": \"Drane\", \"Photo\": \"\", \"Address\": \"31 Mount Pleasant St\", \"Current Status\": \"2013\", \"First Name\": \"Lance\", \"Bio Information\": \"Born and raised in the land of William Faulkner - \\u201cThe past is never dead. It's not even past.\\u201d\\nAfter an engineering degree from Notre Dame, I joined MIT as they started their NASA contract to go to the moon via the Apollo Program. Was there the whole time, right through, \\u201cOne small step for a man, one giant leap for mankind.\\u201d Worked the NASA programs: Apollo, Russian-Soyuz, Skylab, Shuttle \\u2013 the whole string up to the recently cancelled Ares V large booster. I\\u2019ve been challenged and excited by large software and system engineering programs.\\nHave lived in Cambridge for the last 47 years - in a Victorian Mansard, build shortly after \\u201cFrankly, my dear, I don\\u2019t give a damn.\\u201d\\nMarried forever to Elizabeth Wylde. Bought one of the first Chrysler mini-vans when Lee Iacocca said \\u201cTrust me.\\u201d Australian Shepard was great with kids. Two kids are now independent adults; mini-van long ago driven into the ground; Aussie crossed the bridge; wife remains; I wear reading glasses.\\nFavorite walking spot is Fresh Pond Reservation in Cambridge where I\\u2019m a member of the Friends of Fresh Pond Reservation and help lead bird walks. Favorite birding spot is Mount Auburn Cemetery.\\nLooking to HILR to help focus retirement reading. I\\u2019ve occupied the new free time with scattered studies. Wish to better understand neuroscience both for my own joy and because my daughter is a doctoral candidate in neuroscieance. Gotta understand what she\\u2019s talking about.\\nIt took reading the neuroscientist Eric Kandel\\u2019s The age of insight: the quest to understand the unconscious in art, mind, and brain to overcome my annoyance with Sigmund Freud\\u2019s fixation on sex. Kandel helped me appreciate that Freud opened awareness of that mind that doesn\\u2019t go through our thinking brain \\u2013 the other 90%. Perhaps HILR can help me spot other places where I\\u2019m blinded by prejudices so old that I don\\u2019t see them.\", \"City State Zip\": \"Cambridge, MA. 02140\", \"Display name\": \"Lance Drane\", \"Member Since\": \"2013\", \"Email\": \"ldrane@comcast.net\"}", "Phone": "", "Last Name": "Drane", "Photo": "", "Address": "31 Mount Pleasant St", "Current Status": "2013", "First Name": "Lance", "Bio Information": "Born and raised in the land of William Faulkner - \u201cThe past is never dead. It's not even past.\u201d\nAfter an engineering degree from Notre Dame, I joined MIT as they started their NASA contract to go to the moon via the Apollo Program. Was there the whole time, right through, \u201cOne small step for a man, one giant leap for mankind.\u201d Worked the NASA programs: Apollo, Russian-Soyuz, Skylab, Shuttle \u2013 the whole string up to the recently cancelled Ares V large booster. I\u2019ve been challenged and excited by large software and system engineering programs.\nHave lived in Cambridge for the last 47 years - in a Victorian Mansard, build shortly after \u201cFrankly, my dear, I don\u2019t give a damn.\u201d\nMarried forever to Elizabeth Wylde. Bought one of the first Chrysler mini-vans when Lee Iacocca said \u201cTrust me.\u201d Australian Shepard was great with kids. Two kids are now independent adults; mini-van long ago driven into the ground; Aussie crossed the bridge; wife remains; I wear reading glasses.\nFavorite walking spot is Fresh Pond Reservation in Cambridge where I\u2019m a member of the Friends of Fresh Pond Reservation and help lead bird walks. Favorite birding spot is Mount Auburn Cemetery.\nLooking to HILR to help focus retirement reading. I\u2019ve occupied the new free time with scattered studies. Wish to better understand neuroscience both for my own joy and because my daughter is a doctoral candidate in neuroscieance. Gotta understand what she\u2019s talking about.\nIt took reading the neuroscientist Eric Kandel\u2019s The age of insight: the quest to understand the unconscious in art, mind, and brain to overcome my annoyance with Sigmund Freud\u2019s fixation on sex. Kandel helped me appreciate that Freud opened awareness of that mind that doesn\u2019t go through our thinking brain \u2013 the other 90%. Perhaps HILR can help me spot other places where I\u2019m blinded by prejudices so old that I don\u2019t see them.", "City State Zip": "Cambridge, MA. 02140", "Display name": "Lance Drane", "Member Since": "2013", "Email": "ldrane@comcast.net"}
