{"SafeDict": "{\"Phone\": \"781-431-1820\", \"Last Name\": \"Mills\", \"Photo\": \"\", \"Address\": \"26 Croton St.\", \"Current Status\": \"2007\", \"First Name\": \"Larry\", \"Bio Information\": \"I practiced law for 40 years, mostly in Boston. Attended Boston Latin, Univ. of Pennsylvania and B.C. Law School. Air Force JAG office during Viet Nam conflict. Life long reader with an interest in WW II and the Holocaust.\\n\\nI enjoy swimming, sailing, reading, opera, military history and classic and antique cars. I live with my wife in Wellesley with two of my five grandchildren nearby. I am owned by a German short haired pointer, who frequently walks and runs me.\", \"City State Zip\": \"Wellesley, MA 02481\", \"Display name\": \"Larry Mills\", \"Member Since\": \"2007\", \"Email\": \"larrymills@comcast.net\"}", "Phone": "781-431-1820", "Last Name": "Mills", "Photo": "", "Address": "26 Croton St.", "Current Status": "2007", "First Name": "Larry", "Bio Information": "I practiced law for 40 years, mostly in Boston. Attended Boston Latin, Univ. of Pennsylvania and B.C. Law School. Air Force JAG office during Viet Nam conflict. Life long reader with an interest in WW II and the Holocaust.\n\nI enjoy swimming, sailing, reading, opera, military history and classic and antique cars. I live with my wife in Wellesley with two of my five grandchildren nearby. I am owned by a German short haired pointer, who frequently walks and runs me.", "City State Zip": "Wellesley, MA 02481", "Display name": "Larry Mills", "Member Since": "2007", "Email": "larrymills@comcast.net"}
