{"SafeDict": "{\"Phone\": \"617 547 5022\", \"Last Name\": \"Nathanson\", \"Photo\": \"\", \"Address\": \"3 Gray Gardens East,\", \"Current Status\": \"2006\", \"First Name\": \"Larry\", \"Bio Information\": \"*Harvard College AB 1950; GSAS Physics, 1951.\\n*University of Chicago MD 1955.\\n*US Army, Captain and Co. Commander, 2nd Batallion Combat Team 1956-1958\\n*Stanford (CA) University Hospital; Resident in Medicine 1959-1963.\\n*Dana/Farber Cancer Inst. Fellow in Onclogy 1963-1965.\\n*Harvard Medical School Instructor in Medicine 1965-1969.\\n*Asst., Assoc., and Professor of Medicine Tufts Univ. School Of Medicine 1970-1979\\n*Prof. of Medicine (Oncology) State Univ. of New York School of Medicine at Stony Brook 1980-1996, emeritus 1997.\\n*IACUC Amgen Corp. 2009-1013.\\n*Director, Oncology Consultants 1997-present.\\n*Publications\\\" Books 5; Professional pubs. 148; letters, abstracts etc. 112\\n*Trustee: Mass. Society for Medical Research 1999-2013. Cambridge Historical Society 1996-present. Cambridge School of Weston 1999-2097.\\n*Class Committee Harvard College class 1950 and, chair, Reunion Committee 1990-present.\", \"City State Zip\": \"Cambridge, MA 02138.\", \"Display name\": \"Larry Nathanson\", \"Member Since\": \"2006\", \"Email\": \"larrymd1@comcast.net\"}", "Phone": "617 547 5022", "Last Name": "Nathanson", "Photo": "", "Address": "3 Gray Gardens East,", "Current Status": "2006", "First Name": "Larry", "Bio Information": "*Harvard College AB 1950; GSAS Physics, 1951.\n*University of Chicago MD 1955.\n*US Army, Captain and Co. Commander, 2nd Batallion Combat Team 1956-1958\n*Stanford (CA) University Hospital; Resident in Medicine 1959-1963.\n*Dana/Farber Cancer Inst. Fellow in Onclogy 1963-1965.\n*Harvard Medical School Instructor in Medicine 1965-1969.\n*Asst., Assoc., and Professor of Medicine Tufts Univ. School Of Medicine 1970-1979\n*Prof. of Medicine (Oncology) State Univ. of New York School of Medicine at Stony Brook 1980-1996, emeritus 1997.\n*IACUC Amgen Corp. 2009-1013.\n*Director, Oncology Consultants 1997-present.\n*Publications\" Books 5; Professional pubs. 148; letters, abstracts etc. 112\n*Trustee: Mass. Society for Medical Research 1999-2013. Cambridge Historical Society 1996-present. Cambridge School of Weston 1999-2097.\n*Class Committee Harvard College class 1950 and, chair, Reunion Committee 1990-present.", "City State Zip": "Cambridge, MA 02138.", "Display name": "Larry Nathanson", "Member Since": "2006", "Email": "larrymd1@comcast.net"}
