{"SafeDict": "{\"Phone\": \"(617) 756-3659\", \"Last Name\": \"Bennigson\", \"Photo\": \"\", \"Address\": \"120 Fulton St. Apt. 3D\", \"Current Status\": \"New\", \"First Name\": \"Lawrence\", \"Bio Information\": \"Larry and his wife, Cathy, live in Boston\\u2019s North End and on Maine\\u2019s mid-coast. They have also lived in Cambridge, Belmont and Beacon Hill. They have three grown children and six grandchildren. Cathy is an abstract artist associated with the School of the Museum of Fine Arts. After taking pictures for 60 years Larry is finally making artful photographs, and has started banjo lessons. He is Board vice-chair of the Unitarian Universalist Urban Ministry providing social and educational services in Roxbury.\\nHe grew up in Spokane then studied engineering at UCLA. As a U. S. Naval officer Larry cruised the Pacific visiting countries from Peru to the Philippines and northern Japan to southern Australia before being sent to Stanford to teach Naval Science.   He completed M.S. and Ph.D. degrees in human factors engineering and industrial organization at Stanford and served as Faculty Resident in the freshmen residences.\\nLarry\\u2019s career spans business school teaching and management consulting. He taught Operations and Organization at the Harvard Business School (HBS) and as a visitor at the London Business School. As Visiting Professor, Lund University (Sweden) Graduate School of Economics and Management he deepened his views of historical forces that shape organizational culture, and of phenomenological methods. More recently he helped develop HBS\\u2019s customized Executive Education services\\nHe served as U.S. President of an international action-research institute doing work in Scandinavia, Germany, Italy, the U.K. and the U.S. As a partner in the MAC Group, a faculty-staff consulting partnership, he co-developed the practice in Leading Strategic and Culture Change. Larry worked with the Moscow-based Institute of National Economy, brought Russian faculty to the U.S. and co-led an international task force advising the Greek government on their 1994 EU Presidency special agenda. He cooperated with Alvin Toffler\\u2019s advisory firm gaining an appreciation for the power of convergent shifts and trends, and helped organizations apply these insights in pursuit of future opportunities.\\nLarry served on private and public boards including roles as Independent Lead Director and Board Chair. He co-authored a recent Sloan Management Review article introducing a governance innovation to help boards achieve balance in their oversight of both opportunity and risk. He continues this research with colleagues at Sage Partners.\", \"City State Zip\": \"Boston, MA, 02109\", \"Display name\": \"Lawrence Bennigson\", \"Member Since\": \"Spring 2014\", \"Email\": \"lbennigson@sagepartners.net\"}", "Phone": "(617) 756-3659", "Last Name": "Bennigson", "Photo": "", "Address": "120 Fulton St. Apt. 3D", "Current Status": "New", "First Name": "Lawrence", "Bio Information": "Larry and his wife, Cathy, live in Boston\u2019s North End and on Maine\u2019s mid-coast. They have also lived in Cambridge, Belmont and Beacon Hill. They have three grown children and six grandchildren. Cathy is an abstract artist associated with the School of the Museum of Fine Arts. After taking pictures for 60 years Larry is finally making artful photographs, and has started banjo lessons. He is Board vice-chair of the Unitarian Universalist Urban Ministry providing social and educational services in Roxbury.\nHe grew up in Spokane then studied engineering at UCLA. As a U. S. Naval officer Larry cruised the Pacific visiting countries from Peru to the Philippines and northern Japan to southern Australia before being sent to Stanford to teach Naval Science.   He completed M.S. and Ph.D. degrees in human factors engineering and industrial organization at Stanford and served as Faculty Resident in the freshmen residences.\nLarry\u2019s career spans business school teaching and management consulting. He taught Operations and Organization at the Harvard Business School (HBS) and as a visitor at the London Business School. As Visiting Professor, Lund University (Sweden) Graduate School of Economics and Management he deepened his views of historical forces that shape organizational culture, and of phenomenological methods. More recently he helped develop HBS\u2019s customized Executive Education services\nHe served as U.S. President of an international action-research institute doing work in Scandinavia, Germany, Italy, the U.K. and the U.S. As a partner in the MAC Group, a faculty-staff consulting partnership, he co-developed the practice in Leading Strategic and Culture Change. Larry worked with the Moscow-based Institute of National Economy, brought Russian faculty to the U.S. and co-led an international task force advising the Greek government on their 1994 EU Presidency special agenda. He cooperated with Alvin Toffler\u2019s advisory firm gaining an appreciation for the power of convergent shifts and trends, and helped organizations apply these insights in pursuit of future opportunities.\nLarry served on private and public boards including roles as Independent Lead Director and Board Chair. He co-authored a recent Sloan Management Review article introducing a governance innovation to help boards achieve balance in their oversight of both opportunity and risk. He continues this research with colleagues at Sage Partners.", "City State Zip": "Boston, MA, 02109", "Display name": "Lawrence Bennigson", "Member Since": "Spring 2014", "Email": "lbennigson@sagepartners.net"}
