{"SafeDict": "{\"Phone\": \"\", \"Last Name\": \"Harrison\", \"Photo\": \"\", \"Address\": \"\", \"Current Status\": \"Active Member\", \"First Name\": \"Lee\", \"Bio Information\": \"Lee grew up in Texas and came to Massachusetts via Wellesley College. After a brief stint in New York, where she worked for The Tonight Show, she took a job at the Harvard Program for Technology and Society, and she and her husband, Henry, settled in Cambridge. They became interested in Japanese art and often traveled to Japan. They moved to Lincoln in 1969 and started a family. When her children were small, Lee volunteered for the League of Women Voters at the local and state levels, completed a Master of Education degree at Boston University, volunteered at the Lincoln schools, and rode her horses. After the children were more or less launched, she went to law school at Boston College. She practiced first at Gaston, Snow and Ely Bartlett, then as a sole practitioner, and finally in the firm of Speizer, Harrison and Soshnick.\\nIn 1998, Lee teamed up with several friends and started the Acacia Art Gallery in Gloucester. After a year, Acacia was run entirely by Lee and Martha Soshnick for three years. During those years, she became interested in landscape design and took courses at what was then the Radcliffe Institute. Lee is currently president of Sharing A New Song, a community chorus which travels to other countries to promote peace and understanding through music. She is also president of a family corporation, served for many years on the board of the Lincoln Old Town Hall Corporation, as well as that of the Women\\u2019s Travel Club.\\nLee has taught a course about the Supreme Court with Jeanne Speizer at HILR, has enjoyed participating in three productions, and looks forward to the next new thing at HILR.\", \"City State Zip\": \"\", \"Display name\": \"Lee Harrison\", \"Member Since\": \"2009\", \"Email\": \"l44harrison@comcast.net\"}", "Phone": "", "Last Name": "Harrison", "Photo": "", "Address": "", "Current Status": "Active Member", "First Name": "Lee", "Bio Information": "Lee grew up in Texas and came to Massachusetts via Wellesley College. After a brief stint in New York, where she worked for The Tonight Show, she took a job at the Harvard Program for Technology and Society, and she and her husband, Henry, settled in Cambridge. They became interested in Japanese art and often traveled to Japan. They moved to Lincoln in 1969 and started a family. When her children were small, Lee volunteered for the League of Women Voters at the local and state levels, completed a Master of Education degree at Boston University, volunteered at the Lincoln schools, and rode her horses. After the children were more or less launched, she went to law school at Boston College. She practiced first at Gaston, Snow and Ely Bartlett, then as a sole practitioner, and finally in the firm of Speizer, Harrison and Soshnick.\nIn 1998, Lee teamed up with several friends and started the Acacia Art Gallery in Gloucester. After a year, Acacia was run entirely by Lee and Martha Soshnick for three years. During those years, she became interested in landscape design and took courses at what was then the Radcliffe Institute. Lee is currently president of Sharing A New Song, a community chorus which travels to other countries to promote peace and understanding through music. She is also president of a family corporation, served for many years on the board of the Lincoln Old Town Hall Corporation, as well as that of the Women\u2019s Travel Club.\nLee has taught a course about the Supreme Court with Jeanne Speizer at HILR, has enjoyed participating in three productions, and looks forward to the next new thing at HILR.", "City State Zip": "", "Display name": "Lee Harrison", "Member Since": "2009", "Email": "l44harrison@comcast.net"}
