{"SafeDict": "{\"Phone\": \"\", \"Last Name\": \"Sinai\", \"Photo\": \"\", \"Address\": \"\", \"Current Status\": \"2004\", \"First Name\": \"Lee\", \"Bio Information\": \"Lee Sinai's varied careers include schoolteacher, tennis professional, college administrator, author, and mother.  Born in Massachusetts but educated in the midwest where she earned a BA from the University of Michigan and an MA from Northwestern University, she now lives in Lexington which has been her home for 39 years.\\n\\nLee\\u2019s latest vocation, writer/author, stemmed from her desire to spend more time on Martha\\u2019s Vineyard, where she has a summer home. She decided that writing a recreational guide to the island would provide her with a good excuse to leave her full-time job and devote herself to biking, hiking, kayaking, doing research and writing. Her first book, Exploring Martha\\u2019s Vineyard by Bike and Foot, was well received.  She has since written 4 other books, including Exploring in and around Boston on Bike and Foot and her latest Discover Martha's Vineyard. \\nLee now is in traveling mode: visiting grandchildren and taking vacations that include skiing, cycling, hiking and/or sightseeing. She loves long plane flights as they allow her to indulge in her favorite pastime\\u2014reading.\", \"City State Zip\": \"\", \"Display name\": \"Lee Sinai\", \"Member Since\": \"2004\", \"Email\": \"leesinai@comcast.net\"}", "Phone": "", "Last Name": "Sinai", "Photo": "", "Address": "", "Current Status": "2004", "First Name": "Lee", "Bio Information": "Lee Sinai's varied careers include schoolteacher, tennis professional, college administrator, author, and mother.  Born in Massachusetts but educated in the midwest where she earned a BA from the University of Michigan and an MA from Northwestern University, she now lives in Lexington which has been her home for 39 years.\n\nLee\u2019s latest vocation, writer/author, stemmed from her desire to spend more time on Martha\u2019s Vineyard, where she has a summer home. She decided that writing a recreational guide to the island would provide her with a good excuse to leave her full-time job and devote herself to biking, hiking, kayaking, doing research and writing. Her first book, Exploring Martha\u2019s Vineyard by Bike and Foot, was well received.  She has since written 4 other books, including Exploring in and around Boston on Bike and Foot and her latest Discover Martha's Vineyard. \nLee now is in traveling mode: visiting grandchildren and taking vacations that include skiing, cycling, hiking and/or sightseeing. She loves long plane flights as they allow her to indulge in her favorite pastime\u2014reading.", "City State Zip": "", "Display name": "Lee Sinai", "Member Since": "2004", "Email": "leesinai@comcast.net"}
