{"SafeDict": "{\"Phone\": \"\", \"Last Name\": \"Aronson\", \"Photo\": \"\", \"Address\": \"\", \"Current Status\": \"Active\", \"First Name\": \"Lenore\", \"Bio Information\": \"After retiring as publisher of Getting Married, the wedding magazine, Lenore returned to school for an MA in English literature from the University of Massachusetts. The degree served her well as a member of the board of directors of Shakespeare and Company in the 1980s, that led to, among other pleasures, the opportunity to serve as one of the judges in the annual citywide high school Shakespeare competition.\\n\\nHer lifelong interest in English literature, literary theory, and the theater notwithstanding, her fi rst love among the arts has been the study of Italian baroque art and architecture. Consequently, at present, Lenore is happily engaged in creating a database, cataloguing the art in Roman church chapels that best signifies the spirit of the baroque period.\", \"City State Zip\": \"\", \"Display name\": \"Lenore Aronson\", \"Member Since\": \"2003\", \"Email\": \"leni.aronson@verizon.net\"}", "Phone": "", "Last Name": "Aronson", "Photo": "", "Address": "", "Current Status": "Active", "First Name": "Lenore", "Bio Information": "After retiring as publisher of Getting Married, the wedding magazine, Lenore returned to school for an MA in English literature from the University of Massachusetts. The degree served her well as a member of the board of directors of Shakespeare and Company in the 1980s, that led to, among other pleasures, the opportunity to serve as one of the judges in the annual citywide high school Shakespeare competition.\n\nHer lifelong interest in English literature, literary theory, and the theater notwithstanding, her fi rst love among the arts has been the study of Italian baroque art and architecture. Consequently, at present, Lenore is happily engaged in creating a database, cataloguing the art in Roman church chapels that best signifies the spirit of the baroque period.", "City State Zip": "", "Display name": "Lenore Aronson", "Member Since": "2003", "Email": "leni.aronson@verizon.net"}
