{"SafeDict": "{\"Phone\": \"1-857-205-5790\", \"Last Name\": \"Gordon\", \"Photo\": \"\", \"Address\": \"1-857-205-5790\", \"Current Status\": \"Active Member\", \"First Name\": \"Leonie\", \"Bio Information\": \"Leonie Gordon\\u2019s education was in Classical Chinese\\nlanguage and history. With these practical credentials\\nin hand, she began her long career at Harvard in 1970,\\nserving as European Studies librarian, Education\\nSchool researcher, Art Museums officer, Visual and\\nEnvironmental Studies department administrator,\\nand lastly Director of HILR. She has been happily\\nensconced at HILR since 1996.\", \"City State Zip\": \"1-857-205-5790\", \"Display name\": \"Leonie Gordon\", \"Member Since\": \"2012\", \"Email\": \"leonie_gordon@harvard.edu\"}", "Phone": "1-857-205-5790", "Last Name": "Gordon", "Photo": "", "Address": "1-857-205-5790", "Current Status": "Active Member", "First Name": "Leonie", "Bio Information": "Leonie Gordon\u2019s education was in Classical Chinese\nlanguage and history. With these practical credentials\nin hand, she began her long career at Harvard in 1970,\nserving as European Studies librarian, Education\nSchool researcher, Art Museums officer, Visual and\nEnvironmental Studies department administrator,\nand lastly Director of HILR. She has been happily\nensconced at HILR since 1996.", "City State Zip": "1-857-205-5790", "Display name": "Leonie Gordon", "Member Since": "2012", "Email": "leonie_gordon@harvard.edu"}
