{"SafeDict": "{\"Phone\": \"\", \"Last Name\": \"White\", \"Photo\": \"\", \"Address\": \"\", \"Current Status\": \"1998\", \"First Name\": \"Leon\", \"Bio Information\": \"Leon S. White lives in Lexington with his wife, Barbara, also a member of HILR. Before his first birthday, in September 1936, Leon and his parents left Germany and went by ship to Oakland, CA where he grew up. He has two degrees from Stanford and a PhD from Columbia.\\n\\nHe was initially a professor at MIT's Sloan School of Management where he received the first Salgo-Noren award for teaching excellence. He left MIT in 1973 to become Boston's first non-MD Commissioner of Health and Hospitals. Three years later he returned to academia, to the Harvard School of Public Health. In 1978 he accepted an executive position at Blue Cross of Massachusetts where he remained until retiring in 1994.\\n\\nLeon maintains a strong interest in the future of the healthcare marketplace. His non-professional interests include reading, financial planning, jazz, traveling, golf and poetry. Leon has completed a manuscript titled \\\"A Golf Course of Rhymes,\\\" a book of golf stories using poetry (including his own) written by golfing poets. Most of the poetry in the book was composed before 1930. He also maintains a blog featuring golf stories and poetry at www.golfpoet.com \", \"City State Zip\": \"\", \"Display name\": \"Leon White\", \"Member Since\": \"1998\", \"Email\": \"lswaa@rcn.com\"}", "Phone": "", "Last Name": "White", "Photo": "", "Address": "", "Current Status": "1998", "First Name": "Leon", "Bio Information": "Leon S. White lives in Lexington with his wife, Barbara, also a member of HILR. Before his first birthday, in September 1936, Leon and his parents left Germany and went by ship to Oakland, CA where he grew up. He has two degrees from Stanford and a PhD from Columbia.\n\nHe was initially a professor at MIT's Sloan School of Management where he received the first Salgo-Noren award for teaching excellence. He left MIT in 1973 to become Boston's first non-MD Commissioner of Health and Hospitals. Three years later he returned to academia, to the Harvard School of Public Health. In 1978 he accepted an executive position at Blue Cross of Massachusetts where he remained until retiring in 1994.\n\nLeon maintains a strong interest in the future of the healthcare marketplace. His non-professional interests include reading, financial planning, jazz, traveling, golf and poetry. Leon has completed a manuscript titled \"A Golf Course of Rhymes,\" a book of golf stories using poetry (including his own) written by golfing poets. Most of the poetry in the book was composed before 1930. He also maintains a blog featuring golf stories and poetry at www.golfpoet.com ", "City State Zip": "", "Display name": "Leon White", "Member Since": "1998", "Email": "lswaa@rcn.com"}
