{"SafeDict": "{\"Phone\": \"781 237 1656\", \"Last Name\": \"Inker\", \"Photo\": \"\", \"Address\": \"79 Florence Street\", \"Current Status\": \"Chestnut Hill MA 02467\", \"First Name\": \"Leonard\", \"Bio Information\": \"Leonard Inker, a product of the New York City public schools, received a BA from Princeton and drifted slowly up the coast. After four years of medical training in New Haven, he arrived in Boston for internship and residency at New England Medical Center. On his first blind date he fell in love at first sight with Judith, his wife-to-be, which for a nonromantic was shocking. The equally shocking thing that happened was that he had to use his wife\\u2019s Coop card because he had no affiliation with Harvard. Perhaps as an HILR member this may, after all these years, be rectified.\\n\\nAfter two years in the army Len returned to the faculty at Tufts for several years and then spent his career as a radiologist at Metrowest Medical Center where he served stints as chief of the department and President of the medical staff. In addition, he was the junior partner in raising two remarkable children. Len\\u2019s hobbies include cooking, reading history and politics with a somewhat jaundiced eye, and solving crossword puzzles, which, as far as one can tell, offers no social redemption.\", \"City State Zip\": \"Chestnut Hill MA 02467\", \"Display name\": \"Leonard Inker\", \"Member Since\": \"Chestnut Hill MA 02467\", \"Email\": \"lenink@verizon.net\"}", "Phone": "781 237 1656", "Last Name": "Inker", "Photo": "", "Address": "79 Florence Street", "Current Status": "Chestnut Hill MA 02467", "First Name": "Leonard", "Bio Information": "Leonard Inker, a product of the New York City public schools, received a BA from Princeton and drifted slowly up the coast. After four years of medical training in New Haven, he arrived in Boston for internship and residency at New England Medical Center. On his first blind date he fell in love at first sight with Judith, his wife-to-be, which for a nonromantic was shocking. The equally shocking thing that happened was that he had to use his wife\u2019s Coop card because he had no affiliation with Harvard. Perhaps as an HILR member this may, after all these years, be rectified.\n\nAfter two years in the army Len returned to the faculty at Tufts for several years and then spent his career as a radiologist at Metrowest Medical Center where he served stints as chief of the department and President of the medical staff. In addition, he was the junior partner in raising two remarkable children. Len\u2019s hobbies include cooking, reading history and politics with a somewhat jaundiced eye, and solving crossword puzzles, which, as far as one can tell, offers no social redemption.", "City State Zip": "Chestnut Hill MA 02467", "Display name": "Leonard Inker", "Member Since": "Chestnut Hill MA 02467", "Email": "lenink@verizon.net"}
