{"SafeDict": "{\"Phone\": \"617-448 1443\", \"Last Name\": \"shapiro\", \"Photo\": \"\", \"Address\": \"2 St. Paul Street, Apt. 404\", \"Current Status\": \"2000\", \"First Name\": \"Leon\", \"Bio Information\": \"In 1993, Leon left his private practice as a psychoanalyst and retired as a training and supervising psychoanalyst at the Boston Psychoanalytic Institute to return to Harvard to complete his undergraduate degree. For the next five years he was a graduate student in English literature at Florida Atlantic University and is still working on his master's thesis.\\n\\nHe returned to Boston when his poet-physician wife was appointed to the Psycho-Oncology Department of the Dana Farber Cancer Center. In the past, Leon had been professor of psychiatry at Tufts and at Cornell and was director of training at the Mass Mental Health Center for many years.\\n\\nHe has traveled extensively, always under grumpy protest, usually coming home sick. His interests are family, books, music, and any entertainment that is over by 8 pm.\", \"City State Zip\": \"Brookline MA 02446-6599\", \"Display name\": \"Leon Shapiro\", \"Member Since\": \"2000\", \"Email\": \"lnshapiro2000@gmail.com\"}", "Phone": "617-448 1443", "Last Name": "shapiro", "Photo": "", "Address": "2 St. Paul Street, Apt. 404", "Current Status": "2000", "First Name": "Leon", "Bio Information": "In 1993, Leon left his private practice as a psychoanalyst and retired as a training and supervising psychoanalyst at the Boston Psychoanalytic Institute to return to Harvard to complete his undergraduate degree. For the next five years he was a graduate student in English literature at Florida Atlantic University and is still working on his master's thesis.\n\nHe returned to Boston when his poet-physician wife was appointed to the Psycho-Oncology Department of the Dana Farber Cancer Center. In the past, Leon had been professor of psychiatry at Tufts and at Cornell and was director of training at the Mass Mental Health Center for many years.\n\nHe has traveled extensively, always under grumpy protest, usually coming home sick. His interests are family, books, music, and any entertainment that is over by 8 pm.", "City State Zip": "Brookline MA 02446-6599", "Display name": "Leon Shapiro", "Member Since": "2000", "Email": "lnshapiro2000@gmail.com"}
