{"SafeDict": "{\"Phone\": \"508-540-3688\", \"Last Name\": \"Laster\", \"Photo\": \"\", \"Address\": \"8 Lawrence Farm Road, #301\", \"Current Status\": \"Active Member\", \"First Name\": \"Leonard\", \"Bio Information\": \"Born in NYC, Leonard Laster has had many different paths in life, starting with several childhood years in Istanbul, the Bronx High School of Science (including acting, standup comedy); Harvard, AB, and MD. Len met Ruth Ann as a Goucher College junior; they married in December of her senior year. After a threeyear MGH residency, he went to the Commissioned Corps U.S. Public Health Service at National Institutes of Health for two decades of laboratory/clinical research, with summers at Marine Biological Laboratory in Woods Hole. He was reassigned as assistant director, President\\u2019s Office of Science and Technology; then promoted to Assistant Surgeon General, USPHS.\\n\\nAfter a year at the National Academy of Sciences, Len was VP, Downstate Medical School, NY; President, Oregon Health Sciences University; Chancellor, UMass Medical Center; Chancellor Emeritus and Distinguished University Professor of Medicine and Health Policy at UMass. His medical career spanned over 30 years. Len has served as corporate director, consultant in private and government sectors, and amateur actor.\\n\\nHis other \\u201ccareer\\u201d as wannabe writer includes 150+ published pieces (Op-Eds and full articles in Washington Post, Boston Globe, Wall Street Journal, etc.; Cape Cod Times column, 2002\\u201307); a book, Life After Medical School: 32 Doctors Describe How They Shaped Their Medical Careers, W.W. Norton, 1996.\\n\\nSince January, 2007, they oscillate between Boston and Woods Hole: Ruth Ann paints, Len writes. HILR promises to add exciting new facet to their lives.\", \"City State Zip\": \"Woods Hole MA 02543\", \"Display name\": \"Leonard Laster\", \"Member Since\": \"2007\", \"Email\": \"llaster@aol.com\"}", "Phone": "508-540-3688", "Last Name": "Laster", "Photo": "", "Address": "8 Lawrence Farm Road, #301", "Current Status": "Active Member", "First Name": "Leonard", "Bio Information": "Born in NYC, Leonard Laster has had many different paths in life, starting with several childhood years in Istanbul, the Bronx High School of Science (including acting, standup comedy); Harvard, AB, and MD. Len met Ruth Ann as a Goucher College junior; they married in December of her senior year. After a threeyear MGH residency, he went to the Commissioned Corps U.S. Public Health Service at National Institutes of Health for two decades of laboratory/clinical research, with summers at Marine Biological Laboratory in Woods Hole. He was reassigned as assistant director, President\u2019s Office of Science and Technology; then promoted to Assistant Surgeon General, USPHS.\n\nAfter a year at the National Academy of Sciences, Len was VP, Downstate Medical School, NY; President, Oregon Health Sciences University; Chancellor, UMass Medical Center; Chancellor Emeritus and Distinguished University Professor of Medicine and Health Policy at UMass. His medical career spanned over 30 years. Len has served as corporate director, consultant in private and government sectors, and amateur actor.\n\nHis other \u201ccareer\u201d as wannabe writer includes 150+ published pieces (Op-Eds and full articles in Washington Post, Boston Globe, Wall Street Journal, etc.; Cape Cod Times column, 2002\u201307); a book, Life After Medical School: 32 Doctors Describe How They Shaped Their Medical Careers, W.W. Norton, 1996.\n\nSince January, 2007, they oscillate between Boston and Woods Hole: Ruth Ann paints, Len writes. HILR promises to add exciting new facet to their lives.", "City State Zip": "Woods Hole MA 02543", "Display name": "Leonard Laster", "Member Since": "2007", "Email": "llaster@aol.com"}
