{"SafeDict": "{\"Phone\": \"+1 (617) 965-2292\", \"Last Name\": \"Markiewics\", \"Photo\": \"\", \"Address\": \"89 Eastbourne Rd.\", \"Current Status\": \"New\", \"First Name\": \"Leona\", \"Bio Information\": \"In l948 our family moved from Vancouver, Canada to Tokyo, Japan. During my childhood, I automatically internalized the values of the country I was living in. When I visited Tokyo with my husband in the early 1980\\u2019s I was amazed to see the city transformed from the poor bombed out city I remembered as a child into a modern affluent capital. This experience of living in a different country and seeing it change dramatically has influenced me greatly.\\nIn 1962 I enrolled in the University of California at Berkeley, and was surprised to see how quickly I fit in. The idealism of the students I met and their interest in other cultures made me feel very much at home.\\nSince then, I have spent many years teaching English composition and a Survey of Literary Forms as an adjunct instructor at the junior college and college levels. I found it very rewarding to expose my students to great works of literature and to help them organize and express their ideas about these works.\\nMy husband and I have been living in the Boston area since 1980 and in Newton for the past sixteen years.\\nI enjoy reading, going to the theater, to modern dance concerts, and to museums.\", \"City State Zip\": \"Newton, MA, 02459\", \"Display name\": \"Leona Markiewics\", \"Member Since\": \"Fall 2013\", \"Email\": \"markiewic@neu.edu\"}", "Phone": "+1 (617) 965-2292", "Last Name": "Markiewics", "Photo": "", "Address": "89 Eastbourne Rd.", "Current Status": "New", "First Name": "Leona", "Bio Information": "In l948 our family moved from Vancouver, Canada to Tokyo, Japan. During my childhood, I automatically internalized the values of the country I was living in. When I visited Tokyo with my husband in the early 1980\u2019s I was amazed to see the city transformed from the poor bombed out city I remembered as a child into a modern affluent capital. This experience of living in a different country and seeing it change dramatically has influenced me greatly.\nIn 1962 I enrolled in the University of California at Berkeley, and was surprised to see how quickly I fit in. The idealism of the students I met and their interest in other cultures made me feel very much at home.\nSince then, I have spent many years teaching English composition and a Survey of Literary Forms as an adjunct instructor at the junior college and college levels. I found it very rewarding to expose my students to great works of literature and to help them organize and express their ideas about these works.\nMy husband and I have been living in the Boston area since 1980 and in Newton for the past sixteen years.\nI enjoy reading, going to the theater, to modern dance concerts, and to museums.", "City State Zip": "Newton, MA, 02459", "Display name": "Leona Markiewics", "Member Since": "Fall 2013", "Email": "markiewic@neu.edu"}
