{"SafeDict": "{\"Phone\": \"978/525-3045, 617/742/8680\", \"Last Name\": \"Gimpelson\", \"Photo\": \"\", \"Address\": \"14 Strawberry Cove\", \"Current Status\": \"Active Member\", \"First Name\": \"Lester A.\", \"Bio Information\": \"Lester Gimpelson has degrees from MIT, where he was Instructor in Electrical Engineering, before joining the research staff of Bell Telephone Laboratories in the areas of communications networks and large-scale computer simulations. He moved to ITT, first in the US and then at their European headquarters in Brussels, where he lived for almost thirty years, retiring there in 1987.\\n\\nAt ITT Lester had responsibilities for technical sectors of ITT\\u2019s European laboratory system, for development of business communications, for ITT\\u2019s technical journal, for relations with UN departments, and related duties. During that time he presented more than 100 technical papers and lectures around the globe. He began his migration back to the US a few years ago, and now resides in an 1828 house in Boston (whose restoration is his latest hobby). Management of technical projects vied with studies in cultural anthropology, archeology (conveniently pursued via international travel), contemporary art glass (collecting and criticism), music (folk to Broadway to concert to opera), MIT (as a director of the MIT Club of Belgium), the art nouveau furniture and architecture movement (it started in Brussels), and the history of American furniture.\\n\\nTo these, add hiking (he has walked more Belgian trails and roads than any Belgian he knows). Of course there\\u2019s a continuing and intense interest in US relations with the countries of Europe, having followed this history from the other side for three decades.\\nMore recently, Lester has also been living on the Atlantic coast in Magnolia (between Gloucester and Manchester), gardening, walking around Cape Anne and watching the ocean.\", \"City State Zip\": \"Magnolia, MA 01930\", \"Display name\": \"Lester A. Gimpelson\", \"Member Since\": \"2005\", \"Email\": \"lag@alum.mit.edu\"}", "Phone": "978/525-3045, 617/742/8680", "Last Name": "Gimpelson", "Photo": "", "Address": "14 Strawberry Cove", "Current Status": "Active Member", "First Name": "Lester A.", "Bio Information": "Lester Gimpelson has degrees from MIT, where he was Instructor in Electrical Engineering, before joining the research staff of Bell Telephone Laboratories in the areas of communications networks and large-scale computer simulations. He moved to ITT, first in the US and then at their European headquarters in Brussels, where he lived for almost thirty years, retiring there in 1987.\n\nAt ITT Lester had responsibilities for technical sectors of ITT\u2019s European laboratory system, for development of business communications, for ITT\u2019s technical journal, for relations with UN departments, and related duties. During that time he presented more than 100 technical papers and lectures around the globe. He began his migration back to the US a few years ago, and now resides in an 1828 house in Boston (whose restoration is his latest hobby). Management of technical projects vied with studies in cultural anthropology, archeology (conveniently pursued via international travel), contemporary art glass (collecting and criticism), music (folk to Broadway to concert to opera), MIT (as a director of the MIT Club of Belgium), the art nouveau furniture and architecture movement (it started in Brussels), and the history of American furniture.\n\nTo these, add hiking (he has walked more Belgian trails and roads than any Belgian he knows). Of course there\u2019s a continuing and intense interest in US relations with the countries of Europe, having followed this history from the other side for three decades.\nMore recently, Lester has also been living on the Atlantic coast in Magnolia (between Gloucester and Manchester), gardening, walking around Cape Anne and watching the ocean.", "City State Zip": "Magnolia, MA 01930", "Display name": "Lester A. Gimpelson", "Member Since": "2005", "Email": "lag@alum.mit.edu"}
