{"SafeDict": "{\"Phone\": \"\", \"Last Name\": \"Kemp\", \"Photo\": \"\", \"Address\": \"\", \"Current Status\": \"Active Member\", \"First Name\": \"Lilian\", \"Bio Information\": \"Active Member\", \"City State Zip\": \"\", \"Display name\": \"Lilian Kemp\", \"Member Since\": \"2010\", \"Email\": \"dhmarks@mit.edu\"}", "Phone": "", "Last Name": "Kemp", "Photo": "", "Address": "", "Current Status": "Active Member", "First Name": "Lilian", "Bio Information": "Active Member", "City State Zip": "", "Display name": "Lilian Kemp", "Member Since": "2010", "Email": "dhmarks@mit.edu"}
