{"SafeDict": "{\"Phone\": \"\", \"Last Name\": \"Gottfried\", \"Photo\": \"\", \"Address\": \"\", \"Current Status\": \"\", \"First Name\": \"Lili\", \"Bio Information\": \" Lili Gottfried is a psychiatrist who most recently spent 25 years working with the  MIT community in the mental health department. Retired from full time practice, she is currently consulting at a clinic for traumatized children and families.\\n Professional areas of interest have included college mental health, and the interface between medical illness and psychiatric issues. She has taught and supervised medical students and residents as well consulted with medical professionals outside of psychiatry about mental health presentations, diagnosis and management.\\n Lili graduated from Harvard (Radcliffe!) with a degree in English History and Literature. She earned her MD from Stanford . As an undergraduate, she was active as an editor of the newspaper and has an abiding interest in language, the nuances and ambiguities of communication.\\n   \", \"City State Zip\": \"\", \"Display name\": \"Lili Gottfried\", \"Member Since\": \"\", \"Email\": \"liligottfried@gmail.com\"}", "Phone": "", "Last Name": "Gottfried", "Photo": "", "Address": "", "Current Status": "", "First Name": "Lili", "Bio Information": " Lili Gottfried is a psychiatrist who most recently spent 25 years working with the  MIT community in the mental health department. Retired from full time practice, she is currently consulting at a clinic for traumatized children and families.\n Professional areas of interest have included college mental health, and the interface between medical illness and psychiatric issues. She has taught and supervised medical students and residents as well consulted with medical professionals outside of psychiatry about mental health presentations, diagnosis and management.\n Lili graduated from Harvard (Radcliffe!) with a degree in English History and Literature. She earned her MD from Stanford . As an undergraduate, she was active as an editor of the newspaper and has an abiding interest in language, the nuances and ambiguities of communication.\n   ", "City State Zip": "", "Display name": "Lili Gottfried", "Member Since": "", "Email": "liligottfried@gmail.com"}
