{"SafeDict": "{\"Phone\": \"\", \"Last Name\": \"Waltch\", \"Photo\": \"\", \"Address\": \"\", \"Current Status\": \"\", \"First Name\": \"Lilla\", \"Bio Information\": \"LilIa M. WaItch lives in Cambridge. She has a Ph.D. from Brandeis in English and a B.A. from Radcliffe in Government. She is a teacher and a writer. She authored Fearful Symmetry, The Third Victim as well as childrens' books and short stories.\", \"City State Zip\": \"\", \"Display name\": \"Lilla Waltch\", \"Member Since\": \"\", \"Email\": \"lillamw@comcast.net\"}", "Phone": "", "Last Name": "Waltch", "Photo": "", "Address": "", "Current Status": "", "First Name": "Lilla", "Bio Information": "LilIa M. WaItch lives in Cambridge. She has a Ph.D. from Brandeis in English and a B.A. from Radcliffe in Government. She is a teacher and a writer. She authored Fearful Symmetry, The Third Victim as well as childrens' books and short stories.", "City State Zip": "", "Display name": "Lilla Waltch", "Member Since": "", "Email": "lillamw@comcast.net"}
