{"SafeDict": "{\"Phone\": \"(617) 969-2027\", \"Last Name\": \"Shapiro\", \"Photo\": \"\", \"Address\": \"79 Webster Park\", \"Current Status\": \"New\", \"First Name\": \"Linda\", \"Bio Information\": \"Linda came to Boston for college and never left.  Born and raised in Albany, New York, she graduated from Brandeis University and went on to the Harvard Graduate School of Arts and Sciences where she earned an M.A. and Ph.D. in Clinical Psychology.   She married right after finishing at Brandeis and had three children during her graduate school years.  Her husband, David, is an avid HILRer.  After finally finishing her degree, the family moved to Newton.   Summers are spent in Hull (Nantasket Beach) where beach walks and growing tomatoes are some of her favorite things.\\n \\nLinda\\u2019s career has been quite varied.   After she received her Ph.D. she worked on a research project at Mass Mental Health Center studying the families of schizophrenics.  From there she went to Quincy where she worked as a school psychologist, doing psychological testing of children from preschool through high school, running groups, and consulting with parents and teachers. While in Quincy she founded a school program for pregnant and parenting teens. It is still in operation after some 35 years.  Linda is still involved with the program, serving on the advisory board.  After ten years in Quincy, Linda became chair of the Counseling Department at Newton North High School just as her twins graduated and left. In 2001 she retired from NNHS and for nine years taught graduate students in Counseling first at B.U. and then for one year at Harvard while maintaining a private practice working with high school students around the college choice and application process. She still sees clients while volunteering at a Cambridge charter school and traveling to see grandchildren.\\n \\nThe attached photo was taken in South Carolina on one of her many trips.  Travel is one of her great pleasures.\", \"City State Zip\": \"West Newton, MA. 02465\", \"Display name\": \"Linda Shapiro\", \"Member Since\": \"Fall 2013\", \"Email\": \"lshapiro@post.harvard.edu\"}", "Phone": "(617) 969-2027", "Last Name": "Shapiro", "Photo": "", "Address": "79 Webster Park", "Current Status": "New", "First Name": "Linda", "Bio Information": "Linda came to Boston for college and never left.  Born and raised in Albany, New York, she graduated from Brandeis University and went on to the Harvard Graduate School of Arts and Sciences where she earned an M.A. and Ph.D. in Clinical Psychology.   She married right after finishing at Brandeis and had three children during her graduate school years.  Her husband, David, is an avid HILRer.  After finally finishing her degree, the family moved to Newton.   Summers are spent in Hull (Nantasket Beach) where beach walks and growing tomatoes are some of her favorite things.\n \nLinda\u2019s career has been quite varied.   After she received her Ph.D. she worked on a research project at Mass Mental Health Center studying the families of schizophrenics.  From there she went to Quincy where she worked as a school psychologist, doing psychological testing of children from preschool through high school, running groups, and consulting with parents and teachers. While in Quincy she founded a school program for pregnant and parenting teens. It is still in operation after some 35 years.  Linda is still involved with the program, serving on the advisory board.  After ten years in Quincy, Linda became chair of the Counseling Department at Newton North High School just as her twins graduated and left. In 2001 she retired from NNHS and for nine years taught graduate students in Counseling first at B.U. and then for one year at Harvard while maintaining a private practice working with high school students around the college choice and application process. She still sees clients while volunteering at a Cambridge charter school and traveling to see grandchildren.\n \nThe attached photo was taken in South Carolina on one of her many trips.  Travel is one of her great pleasures.", "City State Zip": "West Newton, MA. 02465", "Display name": "Linda Shapiro", "Member Since": "Fall 2013", "Email": "lshapiro@post.harvard.edu"}
