{"SafeDict": "{\"Phone\": \"617-818-6650\", \"Last Name\": \"Sultan\", \"Photo\": \"\", \"Address\": \"617-818-6650\", \"Current Status\": \"2012\", \"First Name\": \"Linda\", \"Bio Information\": \"Linda was born in Chicago, grew up in the Midwest and attended University of Illinois in Champagne/Urbana, graduating with a degree in Anthropology. Following her childhood dream, she moved to Mbarara, Uganda and taught school with the Peace Corps. Not ready to return stateside, she spent a year in Paris learning French in the mornings, and exploring all the museums, gardens and concert halls in the afternoons and evenings! She moved to Boston in the early 70\\u2019s, worked for a company marketing artificial membranes to the French cheese industry and then became staff anthropologist for a MIT/USAID drought project in West African Sahel, traveling to Chad, Ivory Coast, Burkina Faso and Mali.\\nLinda married and moved to Beirut, Lebanon, survived the beginning years of the civil war, gave birth to three children and by the late 70\\u2019s, moved back to the safety and calm of Boston. She created a Fort Point Channel design studio for painting, which she ran for a decade. She then began a career in non-profit fundraising, including the Appalachian Mountain Club and The New England Aquarium, before partnering in a consulting firm, BoardWork, that specialized in Board retreats, strategic planning and capital campaigns. After participating in a Global Village trip with Habitat for Humanity in 2006, Linda moved to Georgia to run Habitat\\u2019s Women Build Program and then became Director of Operations for the U.S. Area Office. After four years, she came back home and retired in 2011. She continues her zeal for traveling and takes volunteer teams around the world on Habitat builds.\\nLinda\\u2019s son Joe is a pilot in Ft. Lauderdale; both her daughter, Maya, and younger son, Nassim live in Washington D.C.-- she works as a business analyst and he\\u2019s a brewer. Linda has five grandchildren in D.C. whom she visits as often as possible, continues to draw and paint, spends inordinate amounts of time as a wannabe chef passionately cooking and baking for friends and family, and enjoys all the marvelously interesting courses at HILR!\", \"City State Zip\": \"617-818-6650\", \"Display name\": \"Linda Sultan\", \"Member Since\": \"2012\", \"Email\": \"lsultan23@gmail.com\"}", "Phone": "617-818-6650", "Last Name": "Sultan", "Photo": "", "Address": "617-818-6650", "Current Status": "2012", "First Name": "Linda", "Bio Information": "Linda was born in Chicago, grew up in the Midwest and attended University of Illinois in Champagne/Urbana, graduating with a degree in Anthropology. Following her childhood dream, she moved to Mbarara, Uganda and taught school with the Peace Corps. Not ready to return stateside, she spent a year in Paris learning French in the mornings, and exploring all the museums, gardens and concert halls in the afternoons and evenings! She moved to Boston in the early 70\u2019s, worked for a company marketing artificial membranes to the French cheese industry and then became staff anthropologist for a MIT/USAID drought project in West African Sahel, traveling to Chad, Ivory Coast, Burkina Faso and Mali.\nLinda married and moved to Beirut, Lebanon, survived the beginning years of the civil war, gave birth to three children and by the late 70\u2019s, moved back to the safety and calm of Boston. She created a Fort Point Channel design studio for painting, which she ran for a decade. She then began a career in non-profit fundraising, including the Appalachian Mountain Club and The New England Aquarium, before partnering in a consulting firm, BoardWork, that specialized in Board retreats, strategic planning and capital campaigns. After participating in a Global Village trip with Habitat for Humanity in 2006, Linda moved to Georgia to run Habitat\u2019s Women Build Program and then became Director of Operations for the U.S. Area Office. After four years, she came back home and retired in 2011. She continues her zeal for traveling and takes volunteer teams around the world on Habitat builds.\nLinda\u2019s son Joe is a pilot in Ft. Lauderdale; both her daughter, Maya, and younger son, Nassim live in Washington D.C.-- she works as a business analyst and he\u2019s a brewer. Linda has five grandchildren in D.C. whom she visits as often as possible, continues to draw and paint, spends inordinate amounts of time as a wannabe chef passionately cooking and baking for friends and family, and enjoys all the marvelously interesting courses at HILR!", "City State Zip": "617-818-6650", "Display name": "Linda Sultan", "Member Since": "2012", "Email": "lsultan23@gmail.com"}
