{"SafeDict": "{\"Phone\": \"(617) 491-7289\", \"Last Name\": \"White\", \"Photo\": \"\", \"Address\": \"12 Blanchard Rd.\", \"Current Status\": \"2011\", \"First Name\": \"Peter\", \"Bio Information\": \"Peter was a Harvard pre-med whose organic chemistry fell prey to rowing, theater and other academic pursuits. A period of discernment followed, during which he earned a degree in microbiology and then switched to architecture, studying design at the GSD.\\n Low income and subsistence housing became a passion and he was caught up in the wave to industrialize the process. He traveled to Mexico and became familiar with squatter communities, attended business school, and worked with an industrialized housing start-up as a hands-on designer, crane operator and construction manager. All too soon there was a recession, Federal funding disappeared, the company went bankrupt, and industrialized housing spiraled in to the abyss. Peter had thought that the problem was technical. It was not. It was social, political and economic.\\nIn 1974 Peter partnered with a Harvard urban design professor to found an architectural firm. Growing during the good times and entering design competitions during the bad, Lozano-White established a reputation for excellence in transportation related architecture especially involving projects with complicated circulation and requiring sophisticated engineering coordination.\\nAfter almost 20 years there was a \\u201cprofessional divorce\\u201d. Peter consulted for several years in program management and related subjects before joining Harvard Square architectural firm Tsoi Kobus & Associates, where he was construction architect for a wide variety of projects. These included the Mormon Temple on Belmont Hill, the Nine Zero Hotel, some office buildings, and conversion of the Necco Candy factory into a lab for Novartis.\\nDuring his last years at Tsoi Kobus, he designed and supervised construction of five cancer treatment centers using proton beams. These facilities, costing about $150 million each, bring radiation treatment to difficult tumor sites with less damage to surrounding tissue. They are saving lives. Peter had now come full circle, involved once again in medicine and playing the student with particle physics and radiation biology. He hopes to continue consulting in this area during retirement.\\nWhat else with the time left?  He intends to nurture relationships and explore passions left in the wake of a busy life.  He will spend more hours with Susie, his wife of almost 50 years. He will try to better support his 3 adult daughters and 7 grandchildren. His watercolor technique is bound to improve with patience, time and discipline. He will rake through his leaf-pile of fragmentary knowledge and information, study new things, look for some general principles. He will seek ways to wisdom, be thankful, and try to give something back.\", \"City State Zip\": \"Cambridge, MA 02138-1009\", \"Display name\": \"Lindsay (Peter) White\", \"Member Since\": \"2011\", \"Email\": \"thirdparty@comcast.net\"}", "Phone": "(617) 491-7289", "Last Name": "White", "Photo": "", "Address": "12 Blanchard Rd.", "Current Status": "2011", "First Name": "Peter", "Bio Information": "Peter was a Harvard pre-med whose organic chemistry fell prey to rowing, theater and other academic pursuits. A period of discernment followed, during which he earned a degree in microbiology and then switched to architecture, studying design at the GSD.\n Low income and subsistence housing became a passion and he was caught up in the wave to industrialize the process. He traveled to Mexico and became familiar with squatter communities, attended business school, and worked with an industrialized housing start-up as a hands-on designer, crane operator and construction manager. All too soon there was a recession, Federal funding disappeared, the company went bankrupt, and industrialized housing spiraled in to the abyss. Peter had thought that the problem was technical. It was not. It was social, political and economic.\nIn 1974 Peter partnered with a Harvard urban design professor to found an architectural firm. Growing during the good times and entering design competitions during the bad, Lozano-White established a reputation for excellence in transportation related architecture especially involving projects with complicated circulation and requiring sophisticated engineering coordination.\nAfter almost 20 years there was a \u201cprofessional divorce\u201d. Peter consulted for several years in program management and related subjects before joining Harvard Square architectural firm Tsoi Kobus & Associates, where he was construction architect for a wide variety of projects. These included the Mormon Temple on Belmont Hill, the Nine Zero Hotel, some office buildings, and conversion of the Necco Candy factory into a lab for Novartis.\nDuring his last years at Tsoi Kobus, he designed and supervised construction of five cancer treatment centers using proton beams. These facilities, costing about $150 million each, bring radiation treatment to difficult tumor sites with less damage to surrounding tissue. They are saving lives. Peter had now come full circle, involved once again in medicine and playing the student with particle physics and radiation biology. He hopes to continue consulting in this area during retirement.\nWhat else with the time left?  He intends to nurture relationships and explore passions left in the wake of a busy life.  He will spend more hours with Susie, his wife of almost 50 years. He will try to better support his 3 adult daughters and 7 grandchildren. His watercolor technique is bound to improve with patience, time and discipline. He will rake through his leaf-pile of fragmentary knowledge and information, study new things, look for some general principles. He will seek ways to wisdom, be thankful, and try to give something back.", "City State Zip": "Cambridge, MA 02138-1009", "Display name": "Lindsay (Peter) White", "Member Since": "2011", "Email": "thirdparty@comcast.net"}
