{"SafeDict": "{\"Phone\": \"508-645-9012 or 617-928-0508\", \"Last Name\": \"Zeltzer\", \"Photo\": \"\", \"Address\": \"508-645-9012 or 617-928-0508\", \"Current Status\": \"2006\", \"First Name\": \"Linda\", \"Bio Information\": \"At the age of thirty, I enrolled in the Evening College of Boston College to pursue a bachelor's degee in English. I continued on to graduate school at B.C. and was awarded a fellowship to teach while earning my master's degree. That experience ignited an abiding passion for teaching and directed the course of my professional life for more than twenty years as Lecturer in the English Department, College of Arts and Sciences, at Boston College. At the same time, I joined the faculty of the Evening College and taught adult learners seeking an undergraduate degree.\\nMy children's chapter book, Code Name KC: A True Account of One Osprey (ages 8 and up) was published in 2006. My poetry has appeared in the Vineyard Gazette, Martha's Vineyard Writing: A Journal of Island Writing and Poetry, and our own HILR Review.\\nMy husband and I retired to the Vineyard and have a condo in Newton, which makes active participation at HILR possible. We have three children, five grandchildren, and two yorkies.\", \"City State Zip\": \"508-645-9012 or 617-928-0508\", \"Display name\": \"Linda Zeltzer\", \"Member Since\": \"2006\", \"Email\": \"lindazel41@aol.com\"}", "Phone": "508-645-9012 or 617-928-0508", "Last Name": "Zeltzer", "Photo": "", "Address": "508-645-9012 or 617-928-0508", "Current Status": "2006", "First Name": "Linda", "Bio Information": "At the age of thirty, I enrolled in the Evening College of Boston College to pursue a bachelor's degee in English. I continued on to graduate school at B.C. and was awarded a fellowship to teach while earning my master's degree. That experience ignited an abiding passion for teaching and directed the course of my professional life for more than twenty years as Lecturer in the English Department, College of Arts and Sciences, at Boston College. At the same time, I joined the faculty of the Evening College and taught adult learners seeking an undergraduate degree.\nMy children's chapter book, Code Name KC: A True Account of One Osprey (ages 8 and up) was published in 2006. My poetry has appeared in the Vineyard Gazette, Martha's Vineyard Writing: A Journal of Island Writing and Poetry, and our own HILR Review.\nMy husband and I retired to the Vineyard and have a condo in Newton, which makes active participation at HILR possible. We have three children, five grandchildren, and two yorkies.", "City State Zip": "508-645-9012 or 617-928-0508", "Display name": "Linda Zeltzer", "Member Since": "2006", "Email": "lindazel41@aol.com"}
