{"SafeDict": "{\"Phone\": \"(603) 493-6528\", \"Last Name\": \"Neumann\", \"Photo\": \"\", \"Address\": \"25 Walden Pond Dr\", \"Current Status\": \"2015\", \"First Name\": \"Linda\", \"Bio Information\": \"Born and raised in upstate New York, Linda Neumann graduated Phi Beta Kappa from Mt Holyoke College, with concentrations in Mathematics and Philosophy. Following marriage to a young, Israeli-born physicist, Linda moved to Jerusalem in 1971, intending to experience the Middle East during a two-year postdoctoral stretch. Forty three years, one PhD, three children and eight grandchildren later, she is retiring from an absorbing career in science-based industry, looking forward to renewing her New England roots, and anticipating fresh and pleasurable challenges in HILR.\\nAfter completing a PhD in pure mathematics (non-commutative algebra), five years in research of feedback system at the Weizmann Institute of Science and numerous scientific papers, it became time to solve tangible problems and build real applications \\u2013 in short, make a move from academia to industry. Linda's professional experience and knowledge covers multiple areas: electro-optics technologies; system conception and specification; testing systems in difficult field conditions; international business development; contract negotiations and management with diverse customers. Technically, the work involves definition, design, analysis and testing of highly sophisticated electro-optical systems such as thermal night vision, lasers, aircraft and naval protection, airborne intelligence systems. On the business side, Linda has been deeply involved in technical business development in the US, UK and most often in South East Asia.\\nAfter retirement in July 2015, Linda will divide time between Israel and her home in Nashua, NH.\", \"City State Zip\": \"Nashua, NH 03064\", \"Display name\": \"Linda Neumann\", \"Member Since\": \"2015\", \"Email\": \"linneumann@yahoo.com\"}", "Phone": "(603) 493-6528", "Last Name": "Neumann", "Photo": "", "Address": "25 Walden Pond Dr", "Current Status": "2015", "First Name": "Linda", "Bio Information": "Born and raised in upstate New York, Linda Neumann graduated Phi Beta Kappa from Mt Holyoke College, with concentrations in Mathematics and Philosophy. Following marriage to a young, Israeli-born physicist, Linda moved to Jerusalem in 1971, intending to experience the Middle East during a two-year postdoctoral stretch. Forty three years, one PhD, three children and eight grandchildren later, she is retiring from an absorbing career in science-based industry, looking forward to renewing her New England roots, and anticipating fresh and pleasurable challenges in HILR.\nAfter completing a PhD in pure mathematics (non-commutative algebra), five years in research of feedback system at the Weizmann Institute of Science and numerous scientific papers, it became time to solve tangible problems and build real applications \u2013 in short, make a move from academia to industry. Linda's professional experience and knowledge covers multiple areas: electro-optics technologies; system conception and specification; testing systems in difficult field conditions; international business development; contract negotiations and management with diverse customers. Technically, the work involves definition, design, analysis and testing of highly sophisticated electro-optical systems such as thermal night vision, lasers, aircraft and naval protection, airborne intelligence systems. On the business side, Linda has been deeply involved in technical business development in the US, UK and most often in South East Asia.\nAfter retirement in July 2015, Linda will divide time between Israel and her home in Nashua, NH.", "City State Zip": "Nashua, NH 03064", "Display name": "Linda Neumann", "Member Since": "2015", "Email": "linneumann@yahoo.com"}
