{"SafeDict": "{\"Phone\": \"\", \"Last Name\": \"Spiro\", \"Photo\": \"\", \"Address\": \"\", \"Current Status\": \"2007\", \"First Name\": \"Lionel\", \"Bio Information\": \"Lionel Spiro arrived in Cambridge from Fall River, MA to attend Harvard College in 1956. Majoring in Government and Architecture he left the University seven years later with an M Arch in 1963. While in college he participated in a project at Leverett House which involved the construction of structures that had been invented by Buckminster Fuller, who returned to Harvard on this occasion, having been expelled 41 years earlier.\\n\\nAfter graduating, Lionel continued working at the Boston Redevelopment Authority, where he\\u2019d worked summers and planned to improve the public housing stock of America. But being frustrated in rounding up supplies with which to build models and do drawings, together with Blair Brown, he founded Charrette in a very modest storefront near Central Square in 1964. The partners sold Charrette in 1997 when it had 26 locations and 800 employees.\\n\\nWhile working, Lionel was actively involved in many Boston organizations, including the Kite festival, First Night, MA College of Art, the Harvard Club of Boston, the Gardner Museum, the Boston Athenaeum, and very much at Harvard College. Some of these and other involvements such as the Executive Service Corps, the Chappaquiddick Island Association, and the Brookline Community Foundation continued after his retirement.\\n\\nLionel lives in Brookline with his wife Vivian, and their daughters are now in area colleges. Vivian is very actively engaged as Chair of the Associates of the Boston Public Library. Lionel skis with his family, is learning to play golf and tennis, hunts elk in Colorado, spends time maintaining a few acres of the family\\u2019s woodlands on Chappaquiddick where he also maintains beehives. Cheered by his having been admitted to membership in HILR, he plans to occasionally leave some honey for members use in the Grossman Common Room.\", \"City State Zip\": \"\", \"Display name\": \"Lionel Spiro\", \"Member Since\": \"2007\", \"Email\": \"lbspiro@aol.com\"}", "Phone": "", "Last Name": "Spiro", "Photo": "", "Address": "", "Current Status": "2007", "First Name": "Lionel", "Bio Information": "Lionel Spiro arrived in Cambridge from Fall River, MA to attend Harvard College in 1956. Majoring in Government and Architecture he left the University seven years later with an M Arch in 1963. While in college he participated in a project at Leverett House which involved the construction of structures that had been invented by Buckminster Fuller, who returned to Harvard on this occasion, having been expelled 41 years earlier.\n\nAfter graduating, Lionel continued working at the Boston Redevelopment Authority, where he\u2019d worked summers and planned to improve the public housing stock of America. But being frustrated in rounding up supplies with which to build models and do drawings, together with Blair Brown, he founded Charrette in a very modest storefront near Central Square in 1964. The partners sold Charrette in 1997 when it had 26 locations and 800 employees.\n\nWhile working, Lionel was actively involved in many Boston organizations, including the Kite festival, First Night, MA College of Art, the Harvard Club of Boston, the Gardner Museum, the Boston Athenaeum, and very much at Harvard College. Some of these and other involvements such as the Executive Service Corps, the Chappaquiddick Island Association, and the Brookline Community Foundation continued after his retirement.\n\nLionel lives in Brookline with his wife Vivian, and their daughters are now in area colleges. Vivian is very actively engaged as Chair of the Associates of the Boston Public Library. Lionel skis with his family, is learning to play golf and tennis, hunts elk in Colorado, spends time maintaining a few acres of the family\u2019s woodlands on Chappaquiddick where he also maintains beehives. Cheered by his having been admitted to membership in HILR, he plans to occasionally leave some honey for members use in the Grossman Common Room.", "City State Zip": "", "Display name": "Lionel Spiro", "Member Since": "2007", "Email": "lbspiro@aol.com"}
