{"SafeDict": "{\"Phone\": \"(978) 475-7985\", \"Last Name\": \"Karfunkel\", \"Photo\": \"\", \"Address\": \"16 Barnswallow Ln\", \"Current Status\": \"2015\", \"First Name\": \"Lois\", \"Bio Information\": \"Lois Karfunkel grew up in the suburbs of New York City.  She attended the\\nUniversity of Massachusetts/Amherst as an out-of-state student (one of a record 5 students from her home town).  After graduating early, she roamed Europe on $5 a day (can you believe!), briefly worked in publishing --after excelling at the typing test, and then attended Columbia Law School.  Lois was one of the 5% \\u201cquota\\u201d for women students at a time when leading law schools had no women faculty members and prospective employers inquired about a woman\\u2019s marriage plans.  After graduating with Honors, Lois worked as a legal services attorney, the first woman lawyer in practice in her community.  She remembers fondly when, as a Justice of the Peace, she married two of her clients after ensuring that the couple were able to remain in public housing \\u2013 until they purchased their new home.  Lois practiced as a regulatory attorney with the Federal Trade Commission, again as the first female attorney in the regional office.   During this period Lois met and married Perry, who it turned out grew up just a few miles from her childhood home.  \\n\\nDuring the following years Lois\\u2019s legal career matched the needs of her growing family --and the demands of Perry\\u2019s medical practice.  She worked at a boutique Boston firm; was in house counsel at a NYC corporate 500 company (again the first woman lawyer in her section)-- where she had a great view of the Macy\\u2019s Thanksgiving Day parade; was an associate with a mid-sized Boston law firm (yes, again, only woman lawyer, but this time in a so-called \\u201cmommy-track\\u201d job); and, finally, she set up her own law practice in her home town so she could be there when her children came home from school.  In addition to practicing law, Lois taught as a Lecturer in Law at several area law schools, including eaching the first animal law course and micro business course (which she created) at Boston University School of Law.  \\n\\nActive in local politics, Lois and Perry helped establish community groups working on educational issues. She led a successful town meeting warrant article effort to save afterschool programs, served on the Town\\u2019s Zoning Board of Appeals, and supported various political organizations.  As an active senior she created a weekly independent film program at the town\\u2019s boomer/senior center, founded an animal support organization that facilitated the distribution of pet food at area food banks\\n(over 100,000 pounds were given away), and enjoyed her time on the tennis courts using her wiles against the younger generation.  Finally, with her children pursuing their own careers and her husband about to retire, Lois and Perry moved this past summer to The Pinehills in Plymouth to enjoy an active retirement.  A life-time tennis player, somewhat golfer, photographer, social bridge player, artist, birder, and a creative writing novice, Lois is enjoying the opportunity to challenge her right brain and to watch BBC mysteries on television (she\\u2019s waiting for the next chapters of Vera to be available!).  She looks forward to her time with fellow seniors at the HILR programs.\", \"City State Zip\": \"Plymouth, MA 02360\", \"Display name\": \"Lois Karfunkel\", \"Member Since\": \"2015\", \"Email\": \"loiskarfunkel@gmail.com\"}", "Phone": "(978) 475-7985", "Last Name": "Karfunkel", "Photo": "", "Address": "16 Barnswallow Ln", "Current Status": "2015", "First Name": "Lois", "Bio Information": "Lois Karfunkel grew up in the suburbs of New York City.  She attended the\nUniversity of Massachusetts/Amherst as an out-of-state student (one of a record 5 students from her home town).  After graduating early, she roamed Europe on $5 a day (can you believe!), briefly worked in publishing --after excelling at the typing test, and then attended Columbia Law School.  Lois was one of the 5% \u201cquota\u201d for women students at a time when leading law schools had no women faculty members and prospective employers inquired about a woman\u2019s marriage plans.  After graduating with Honors, Lois worked as a legal services attorney, the first woman lawyer in practice in her community.  She remembers fondly when, as a Justice of the Peace, she married two of her clients after ensuring that the couple were able to remain in public housing \u2013 until they purchased their new home.  Lois practiced as a regulatory attorney with the Federal Trade Commission, again as the first female attorney in the regional office.   During this period Lois met and married Perry, who it turned out grew up just a few miles from her childhood home.  \n\nDuring the following years Lois\u2019s legal career matched the needs of her growing family --and the demands of Perry\u2019s medical practice.  She worked at a boutique Boston firm; was in house counsel at a NYC corporate 500 company (again the first woman lawyer in her section)-- where she had a great view of the Macy\u2019s Thanksgiving Day parade; was an associate with a mid-sized Boston law firm (yes, again, only woman lawyer, but this time in a so-called \u201cmommy-track\u201d job); and, finally, she set up her own law practice in her home town so she could be there when her children came home from school.  In addition to practicing law, Lois taught as a Lecturer in Law at several area law schools, including eaching the first animal law course and micro business course (which she created) at Boston University School of Law.  \n\nActive in local politics, Lois and Perry helped establish community groups working on educational issues. She led a successful town meeting warrant article effort to save afterschool programs, served on the Town\u2019s Zoning Board of Appeals, and supported various political organizations.  As an active senior she created a weekly independent film program at the town\u2019s boomer/senior center, founded an animal support organization that facilitated the distribution of pet food at area food banks\n(over 100,000 pounds were given away), and enjoyed her time on the tennis courts using her wiles against the younger generation.  Finally, with her children pursuing their own careers and her husband about to retire, Lois and Perry moved this past summer to The Pinehills in Plymouth to enjoy an active retirement.  A life-time tennis player, somewhat golfer, photographer, social bridge player, artist, birder, and a creative writing novice, Lois is enjoying the opportunity to challenge her right brain and to watch BBC mysteries on television (she\u2019s waiting for the next chapters of Vera to be available!).  She looks forward to her time with fellow seniors at the HILR programs.", "City State Zip": "Plymouth, MA 02360", "Display name": "Lois Karfunkel", "Member Since": "2015", "Email": "loiskarfunkel@gmail.com"}
