{"SafeDict": "{\"Phone\": \"\", \"Last Name\": \"Merrill\", \"Photo\": \"\", \"Address\": \"\", \"Current Status\": \"\", \"First Name\": \"Lois\", \"Bio Information\": \"Lois was born and raised in New Haven, Connecticut. During high school, she spent a year in Lausanne, Switzerland learning French. She attended Wellesley College for a year and then transferred to Yale when women were accepted. When her two sons started school, Lois attended Boston College Law School and worked in private firms before accepting an in-house position at Blue Cross Blue Shield of Massachusetts and later at Tufts Health Plan, where she specialized in privacy and quality of care issues. She was a member of a number of legal organizations and spoke on the Health Insurance Portability and Accountability Act (HIPAA).\\nLois is interested in printmaking, which she studies at DeCordova Museum School. She is the founder and co-parent director of the Wellesley College Meimei-Jiejie (Little Sister-Big Sister) Program, which matches college students of Asian descent as mentors for adopted girls from China. Lois has volunteered for a number of organizations including Altrusa, International and the Kenneth B. Schwartz Center. She has lived in Needham since 1979, and loves spending time with her three children, two grandchildren and two dogs.\", \"City State Zip\": \"\", \"Display name\": \"Lois Merrill\", \"Member Since\": \"\", \"Email\": \"lbmerrill3@gmail.com\"}", "Phone": "", "Last Name": "Merrill", "Photo": "", "Address": "", "Current Status": "", "First Name": "Lois", "Bio Information": "Lois was born and raised in New Haven, Connecticut. During high school, she spent a year in Lausanne, Switzerland learning French. She attended Wellesley College for a year and then transferred to Yale when women were accepted. When her two sons started school, Lois attended Boston College Law School and worked in private firms before accepting an in-house position at Blue Cross Blue Shield of Massachusetts and later at Tufts Health Plan, where she specialized in privacy and quality of care issues. She was a member of a number of legal organizations and spoke on the Health Insurance Portability and Accountability Act (HIPAA).\nLois is interested in printmaking, which she studies at DeCordova Museum School. She is the founder and co-parent director of the Wellesley College Meimei-Jiejie (Little Sister-Big Sister) Program, which matches college students of Asian descent as mentors for adopted girls from China. Lois has volunteered for a number of organizations including Altrusa, International and the Kenneth B. Schwartz Center. She has lived in Needham since 1979, and loves spending time with her three children, two grandchildren and two dogs.", "City State Zip": "", "Display name": "Lois Merrill", "Member Since": "", "Email": "lbmerrill3@gmail.com"}
