{"SafeDict": "{\"Phone\": \"\", \"Last Name\": \"Loewenstein\", \"Photo\": \"\", \"Address\": \"\", \"Current Status\": \"2006\", \"First Name\": \"Louise\", \"Bio Information\": \"Louise Loewenstein met her future husband after graduation from Boston University. They spent the four years of his medical schooling in Buffalo, then one year\\u2019s internship in Washington, DC before returning to Boston permanently. A devoted wife and mother during the early years of her two sons\\u2019 lives, she was active in their schools, entertained a lot, took up basket weaving and provided a loving retreat for her very busy husband.\\n\\nIn mid-life, she returned to school and earned two master\\u2019s degrees in Reading and Children\\u2019s Literature. She also studied to become an adult Bat Mitzvah. She returned to the classroom as an English teacher of middle school students. She also worked for a publishers developing curriculum which offered mentoring responsibilities with other teachers.\\n\\nSince retirement from the classroom Louise has created enrichment courses for teens and rejuvenated a contemporary basket-weaving business that she started 25 years ago. While learning to play bridge and to swing a golf club better, she looks forward to HILR, which gives her the opportunity to be back in the classroom, a very familiar place in her life.\", \"City State Zip\": \"\", \"Display name\": \"Louise Loewenstein\", \"Member Since\": \"2006\", \"Email\": \"lloewenstein@comcast.net\"}", "Phone": "", "Last Name": "Loewenstein", "Photo": "", "Address": "", "Current Status": "2006", "First Name": "Louise", "Bio Information": "Louise Loewenstein met her future husband after graduation from Boston University. They spent the four years of his medical schooling in Buffalo, then one year\u2019s internship in Washington, DC before returning to Boston permanently. A devoted wife and mother during the early years of her two sons\u2019 lives, she was active in their schools, entertained a lot, took up basket weaving and provided a loving retreat for her very busy husband.\n\nIn mid-life, she returned to school and earned two master\u2019s degrees in Reading and Children\u2019s Literature. She also studied to become an adult Bat Mitzvah. She returned to the classroom as an English teacher of middle school students. She also worked for a publishers developing curriculum which offered mentoring responsibilities with other teachers.\n\nSince retirement from the classroom Louise has created enrichment courses for teens and rejuvenated a contemporary basket-weaving business that she started 25 years ago. While learning to play bridge and to swing a golf club better, she looks forward to HILR, which gives her the opportunity to be back in the classroom, a very familiar place in her life.", "City State Zip": "", "Display name": "Louise Loewenstein", "Member Since": "2006", "Email": "lloewenstein@comcast.net"}
