{"SafeDict": "{\"Phone\": \"\", \"Last Name\": \"Slaughter\", \"Photo\": \"\", \"Address\": \"\", \"Current Status\": \"2010\", \"First Name\": \"Lucretia\", \"Bio Information\": \"Lucretia Slaughter spent most of her childhood in or around New York City.  She attended Wellesley College, spent her junior year in Paris, and graduated in 1962 with a degree in French.  Upon graduation, she married and began graduate studies in French at Harvard University.   Twelve years and three children later she completed her Ph.D. in Romance Languages\\nDuring the 1970\\u2019s, Lucretia was an Assistant Professor of French at Tufts University  In addition to teaching French language and literature, she chaired the Experimental College at Tufts where she co-taught with a psychologist an interdisciplinary course on Success in America.  Much of her work was influenced by the emerging women\\u2019s movement.\\nLucretia decided to make a career change and went to MIT\\u2019s Sloan School where she received an M.S. in Management with concentrations in finance and planning and control in 1980.  She then joined Bolt, Beranek and Newman, Inc., a Cambridge high tech firm whose start was in acoustics but whose principal business became computer networks.  Lucretia worked at BBN for 17 years in a variety of financial positions, with her last few years in BBN\\u2019s nascent internet business.  From 1997 to 2003 Lucretia worked as a CFO for several internet startups.  She finished her business career in 2010 as a financial analyst at Education Development Center, Inc., a non profit organization doing outstanding work in education and health throughout the world.\\nDuring her work years, Lucretia found time to spend with family, travel occasionally to France and attend various cultural events in Boston. She was a member and co-chair of the Board of Advisors of the French Library, now the French Cultural Center.\\nRecently retired, Lucretia is looking forward to this new phase in her life and grateful to be starting it with her also recently retired partner, Rich Johnson.  She looks forward to spending more time with her granddaughter, taking greater advantage of Boston\\u2019s rich cultural life, being open to new experiences, and enjoying the learning and fellowship offered at HILR.\", \"City State Zip\": \"\", \"Display name\": \"Lucretia Slaughter\", \"Member Since\": \"2010\", \"Email\": \"lucretias@mindspring.com\"}", "Phone": "", "Last Name": "Slaughter", "Photo": "", "Address": "", "Current Status": "2010", "First Name": "Lucretia", "Bio Information": "Lucretia Slaughter spent most of her childhood in or around New York City.  She attended Wellesley College, spent her junior year in Paris, and graduated in 1962 with a degree in French.  Upon graduation, she married and began graduate studies in French at Harvard University.   Twelve years and three children later she completed her Ph.D. in Romance Languages\nDuring the 1970\u2019s, Lucretia was an Assistant Professor of French at Tufts University  In addition to teaching French language and literature, she chaired the Experimental College at Tufts where she co-taught with a psychologist an interdisciplinary course on Success in America.  Much of her work was influenced by the emerging women\u2019s movement.\nLucretia decided to make a career change and went to MIT\u2019s Sloan School where she received an M.S. in Management with concentrations in finance and planning and control in 1980.  She then joined Bolt, Beranek and Newman, Inc., a Cambridge high tech firm whose start was in acoustics but whose principal business became computer networks.  Lucretia worked at BBN for 17 years in a variety of financial positions, with her last few years in BBN\u2019s nascent internet business.  From 1997 to 2003 Lucretia worked as a CFO for several internet startups.  She finished her business career in 2010 as a financial analyst at Education Development Center, Inc., a non profit organization doing outstanding work in education and health throughout the world.\nDuring her work years, Lucretia found time to spend with family, travel occasionally to France and attend various cultural events in Boston. She was a member and co-chair of the Board of Advisors of the French Library, now the French Cultural Center.\nRecently retired, Lucretia is looking forward to this new phase in her life and grateful to be starting it with her also recently retired partner, Rich Johnson.  She looks forward to spending more time with her granddaughter, taking greater advantage of Boston\u2019s rich cultural life, being open to new experiences, and enjoying the learning and fellowship offered at HILR.", "City State Zip": "", "Display name": "Lucretia Slaughter", "Member Since": "2010", "Email": "lucretias@mindspring.com"}
