{"SafeDict": "{\"Phone\": \"617 888-2474\", \"Last Name\": \"Druke\", \"Photo\": \"\", \"Address\": \"950 Mass Ave, #2b\", \"Current Status\": \"2008\", \"First Name\": \"Luise\", \"Bio Information\": \"I am a life-long student with interests in many fields. Grown up in post WWII divided Europe it was clear early on in my life that education and knowledge of foreign cultures and languages help build bridges between people and countries. As a Member and study group leader at HILR since 2008, I have been enjoying taking and leading courses on international, UN and EU relations, while continuing as a Co-Chair of the Inter-University Committee on International Migration at MIT and Affiliated Expert at the Harvard Humanitarian Initiative (HHI)..\\n  Before and during my 16 assignments to head UN and UNHCR offices/missions in Europe, South East Asia, Central Asia, Latin America and Africa for 30 years, more recently at ambassadorial level, I managed to earn MA degrees in German Studies and political sc., economics, law and public administration, and completed my doctoral degree as Fellow at Harvard  from the Leibniz University Hannover in 1989 to continue a dual track working life as practitioner and part-time lecturer in countries of my duty UN stations at universities worldwide, including at the Faculty of Law and the European Institute at the University of Nice (1989-1997), at Boston University (Graduate Program), Harvard and Suffolk University.\\n  My publications include many books (also edited and co-edited) and articles which address UN, European and UNHCR refugee protection issues worldwide. Latest Journal Articles/ Book Chapters include 'Insider\\u2019s View: \\u201cAcademics and Practitioners\\u201d,Mobilizing Academic Involvement for UN Humanitarian Action,'Refugee Policy in Eurasia' at UNHCR and MIT and on 'Innovations in Refugee Protection...' at Harvard Law School.\\n  I am delighted to continue my HILR life and look forward to further enriching exchanges, conversations and sharing of French and European literature and politics together with Michel from the other side of the Rhine; we were  married in April 2015 in Harvard Memorial Church in the presence of many wonderful HILR friends.\\n\\n \", \"City State Zip\": \"Cambridge, MA 02139\", \"Display name\": \"Luise Druke\", \"Member Since\": \"2008\", \"Email\": \"luise.druke@post.harvard.edu\"}", "Phone": "617 888-2474", "Last Name": "Druke", "Photo": "", "Address": "950 Mass Ave, #2b", "Current Status": "2008", "First Name": "Luise", "Bio Information": "I am a life-long student with interests in many fields. Grown up in post WWII divided Europe it was clear early on in my life that education and knowledge of foreign cultures and languages help build bridges between people and countries. As a Member and study group leader at HILR since 2008, I have been enjoying taking and leading courses on international, UN and EU relations, while continuing as a Co-Chair of the Inter-University Committee on International Migration at MIT and Affiliated Expert at the Harvard Humanitarian Initiative (HHI)..\n  Before and during my 16 assignments to head UN and UNHCR offices/missions in Europe, South East Asia, Central Asia, Latin America and Africa for 30 years, more recently at ambassadorial level, I managed to earn MA degrees in German Studies and political sc., economics, law and public administration, and completed my doctoral degree as Fellow at Harvard  from the Leibniz University Hannover in 1989 to continue a dual track working life as practitioner and part-time lecturer in countries of my duty UN stations at universities worldwide, including at the Faculty of Law and the European Institute at the University of Nice (1989-1997), at Boston University (Graduate Program), Harvard and Suffolk University.\n  My publications include many books (also edited and co-edited) and articles which address UN, European and UNHCR refugee protection issues worldwide. Latest Journal Articles/ Book Chapters include 'Insider\u2019s View: \u201cAcademics and Practitioners\u201d,Mobilizing Academic Involvement for UN Humanitarian Action,'Refugee Policy in Eurasia' at UNHCR and MIT and on 'Innovations in Refugee Protection...' at Harvard Law School.\n  I am delighted to continue my HILR life and look forward to further enriching exchanges, conversations and sharing of French and European literature and politics together with Michel from the other side of the Rhine; we were  married in April 2015 in Harvard Memorial Church in the presence of many wonderful HILR friends.\n\n ", "City State Zip": "Cambridge, MA 02139", "Display name": "Luise Druke", "Member Since": "2008", "Email": "luise.druke@post.harvard.edu"}
