{"SafeDict": "{\"Phone\": \"617-495-4072\", \"Last Name\": \"Sheehan\", \"Photo\": \"\", \"Address\": \"617-495-4072\", \"Current Status\": \"2005\", \"First Name\": \"Lydia\", \"Bio Information\": \"Lydia Sheehan has been running the HILR office for\\nseven years and knows the HILR membership better\\nthan anyone. Before coming to work at Harvard in 2000,\\nshe managed licensing for inspectors of nuclear power\\nplants at a local engineering company, where she worked\\nfor 16 years.\", \"City State Zip\": \"617-495-4072\", \"Display name\": \"Lydia Sheehan\", \"Member Since\": \"2005\", \"Email\": \"lydia_sheehan@harvard.edu\"}", "Phone": "617-495-4072", "Last Name": "Sheehan", "Photo": "", "Address": "617-495-4072", "Current Status": "2005", "First Name": "Lydia", "Bio Information": "Lydia Sheehan has been running the HILR office for\nseven years and knows the HILR membership better\nthan anyone. Before coming to work at Harvard in 2000,\nshe managed licensing for inspectors of nuclear power\nplants at a local engineering company, where she worked\nfor 16 years.", "City State Zip": "617-495-4072", "Display name": "Lydia Sheehan", "Member Since": "2005", "Email": "lydia_sheehan@harvard.edu"}
