{"SafeDict": "{\"Phone\": \"781-274-7744\", \"Last Name\": \"Smith\", \"Photo\": \"\", \"Address\": \"Brookhaven F-10, 1010 Waltham Street\", \"Current Status\": \"Former Member\", \"First Name\": \"Lydia\", \"Bio Information\": \"Lydia A. Smith lives in Concord, MA. She majored in English at Radcliffe College (1951), taught for two years, and then studied under Dr. Robert Ulich at the Harvard Graduate School of Education, where she received her Ed.D. (1960) in the cultural foundations of education.\\n\\nShe has taught primarily at Simmons College in Boston, such courses as The History of Educational Thought, Educational Psychology, and Current Issues in Education, as well as founding and administering a Master of Arts in Teaching program. Her research and publications have focused on the history of progressive education in the U.S. and the U.K.\\n\\nHer other interests include hiking, skiing and snowshoeing, reading, and Scottish country dancing.\", \"City State Zip\": \"Lexington MA 02421-8044\", \"Display name\": \"Lydia Smith\", \"Member Since\": \"Lexington MA 02421-8044\", \"Email\": \"smithlydia@aol.com\"}", "Phone": "781-274-7744", "Last Name": "Smith", "Photo": "", "Address": "Brookhaven F-10, 1010 Waltham Street", "Current Status": "Former Member", "First Name": "Lydia", "Bio Information": "Lydia A. Smith lives in Concord, MA. She majored in English at Radcliffe College (1951), taught for two years, and then studied under Dr. Robert Ulich at the Harvard Graduate School of Education, where she received her Ed.D. (1960) in the cultural foundations of education.\n\nShe has taught primarily at Simmons College in Boston, such courses as The History of Educational Thought, Educational Psychology, and Current Issues in Education, as well as founding and administering a Master of Arts in Teaching program. Her research and publications have focused on the history of progressive education in the U.S. and the U.K.\n\nHer other interests include hiking, skiing and snowshoeing, reading, and Scottish country dancing.", "City State Zip": "Lexington MA 02421-8044", "Display name": "Lydia Smith", "Member Since": "Lexington MA 02421-8044", "Email": "smithlydia@aol.com"}
