{"SafeDict": "{\"Phone\": \"\", \"Last Name\": \"Warner\", \"Photo\": \"\", \"Address\": \"\", \"Current Status\": \"2005\", \"First Name\": \"Lyle\", \"Bio Information\": \"Lyle received her BA at Smith College and shortly after joined her new husband in editing and publishing a local weekly newspaper. After the birth of four children, a move to St. Louis, and assumption of the role of academic wife, she set her sights on a career in social work. This materialized in an MSW and a job on an Ann Arbor, Michigan research team investigating the development of infants born blind.\\n\\nInfant development became a significant interest and when the family moved back to Boston Lyle continued to work with infants and their families at Boston City Hospital. With a developing interest in the education of social workers, Lyle began lecturing at Boston University School of Social Work on human development and opened her own private practice.\\n\\nTo deepen her understanding of the theory and practice of clinical social work, Lyle returned to the Smith College School for Social Work to study for a PhD. Teaching, clinical supervision, and a private practice occupied her until her retirement.\\n\\nShe is currently engrossed in piano study, having returned to the piano only four years ago after a long hiatus. Favorite leisure activities are symphony and chamber music concerts, opera, and movies. She has been an avid birder for 40-plus years and has traveled widely in pursuit of strange and beautiful a capella songsters.\", \"City State Zip\": \"\", \"Display name\": \"Lyle Warner\", \"Member Since\": \"2005\", \"Email\": \"lyle.warner@verizon.net\"}", "Phone": "", "Last Name": "Warner", "Photo": "", "Address": "", "Current Status": "2005", "First Name": "Lyle", "Bio Information": "Lyle received her BA at Smith College and shortly after joined her new husband in editing and publishing a local weekly newspaper. After the birth of four children, a move to St. Louis, and assumption of the role of academic wife, she set her sights on a career in social work. This materialized in an MSW and a job on an Ann Arbor, Michigan research team investigating the development of infants born blind.\n\nInfant development became a significant interest and when the family moved back to Boston Lyle continued to work with infants and their families at Boston City Hospital. With a developing interest in the education of social workers, Lyle began lecturing at Boston University School of Social Work on human development and opened her own private practice.\n\nTo deepen her understanding of the theory and practice of clinical social work, Lyle returned to the Smith College School for Social Work to study for a PhD. Teaching, clinical supervision, and a private practice occupied her until her retirement.\n\nShe is currently engrossed in piano study, having returned to the piano only four years ago after a long hiatus. Favorite leisure activities are symphony and chamber music concerts, opera, and movies. She has been an avid birder for 40-plus years and has traveled widely in pursuit of strange and beautiful a capella songsters.", "City State Zip": "", "Display name": "Lyle Warner", "Member Since": "2005", "Email": "lyle.warner@verizon.net"}
