{"SafeDict": "{\"Phone\": \"970-379-5236\", \"Last Name\": \"McEnany\", \"Photo\": \"\", \"Address\": \"23 Grozier Rd\", \"Current Status\": \"New Member\", \"First Name\": \"M. Terry\", \"Bio Information\": \"Terry McEnany was born in Iowa and graduated from Brown University and The Johns Hopkins University School of Medicine. After training in general and cardiothoracic surgery at The Massachusetts General Hospital and Guy\\u2019s Hospital (London) and spending two years in research at the National Institutes of Health, he joined the faculty of The MGH and Harvard Medical School.\\nIn 1975, while at the MGH, Terry was asked additionally to rehabilitate the Mt. Auburn Hospital\\u2019s troubled cardiac surgery program. After success there, which attracted national media attention, he was recruited by the Brown Medical School and the medical school at The Ohio State University for similar rescues. In 1982, after fixing departmental problems in Providence and Columbus, Terry moved to San Francisco where he established a new regional cardiovascular surgical program for Northern California Kaiser-Permanente. The service grew quickly, becoming the largest heart surgery hospital in San Francisco.\\nWhile at Kaiser San Francisco, he agreed, after several previous invitations, to speak at a cardiology conference in Snowmass, Colorado. There, he skied for the first time and quickly developed a passion for the sport. After a move to Wisconsin in 1993 to start another new heart surgery program at a multi-specialty clinic recently acquired by the Mayo Clinic, he retired from surgery in 1998 to become a ski instructor at The Ski Schools of Aspen. He completed his sixteenth season teaching there in April 2014.\\nDuring his academic surgical years, Terry published over seventy scientific papers and chapters and simultaneously served on several community and church boards, sang in three choirs, and completed two terms as President of the Eau Claire (WI) Chamber Orchestra.\\nHe moved to Cambridge from Wisconsin after his September 2014 wedding to Marjorie Bride and is looking forward to reconnecting with the vibrant intellectual and cultural life of the Boston area.\", \"City State Zip\": \"Cambridge, MA. 02138\", \"Display name\": \"M. Terry McEnany\", \"Member Since\": \"Spring 2015\", \"Email\": \"mtmcemd@yahoo.com\"}", "Phone": "970-379-5236", "Last Name": "McEnany", "Photo": "", "Address": "23 Grozier Rd", "Current Status": "New Member", "First Name": "M. Terry", "Bio Information": "Terry McEnany was born in Iowa and graduated from Brown University and The Johns Hopkins University School of Medicine. After training in general and cardiothoracic surgery at The Massachusetts General Hospital and Guy\u2019s Hospital (London) and spending two years in research at the National Institutes of Health, he joined the faculty of The MGH and Harvard Medical School.\nIn 1975, while at the MGH, Terry was asked additionally to rehabilitate the Mt. Auburn Hospital\u2019s troubled cardiac surgery program. After success there, which attracted national media attention, he was recruited by the Brown Medical School and the medical school at The Ohio State University for similar rescues. In 1982, after fixing departmental problems in Providence and Columbus, Terry moved to San Francisco where he established a new regional cardiovascular surgical program for Northern California Kaiser-Permanente. The service grew quickly, becoming the largest heart surgery hospital in San Francisco.\nWhile at Kaiser San Francisco, he agreed, after several previous invitations, to speak at a cardiology conference in Snowmass, Colorado. There, he skied for the first time and quickly developed a passion for the sport. After a move to Wisconsin in 1993 to start another new heart surgery program at a multi-specialty clinic recently acquired by the Mayo Clinic, he retired from surgery in 1998 to become a ski instructor at The Ski Schools of Aspen. He completed his sixteenth season teaching there in April 2014.\nDuring his academic surgical years, Terry published over seventy scientific papers and chapters and simultaneously served on several community and church boards, sang in three choirs, and completed two terms as President of the Eau Claire (WI) Chamber Orchestra.\nHe moved to Cambridge from Wisconsin after his September 2014 wedding to Marjorie Bride and is looking forward to reconnecting with the vibrant intellectual and cultural life of the Boston area.", "City State Zip": "Cambridge, MA. 02138", "Display name": "M. Terry McEnany", "Member Since": "Spring 2015", "Email": "mtmcemd@yahoo.com"}
