{"SafeDict": "{\"Phone\": \"(617) 955-5847\", \"Last Name\": \"Huff-Rousselle\", \"Photo\": \"\", \"Address\": \"50 Commonwealth Avenue, #905\", \"Current Status\": \"New\", \"First Name\": \"Maggie\", \"Bio Information\": \"Maggie is from a small concrete block house on the banks of a river whose namesake was the Thames that flowed through the Dickens novels her mother read to her under the shade of a sour cherry tree surrounded by tufts of fresh mint. She is from the tiny bedroom her mother papered with maps from around the world. A large map of Africa, its borders like the silhouette of a man with his head thrown back, crying out with hunger or rage, held watch over the foot of her bed until she was five, and that silhouette took root in her consciousness, something about how the places we are born in shape the directions our lives take. \\nShe is from another concrete block house, sunk into the rich soil of Southern Ontario, where her parents listened to the black plastic Zenith radio perched on the fresh earth that surrounded the fallout shelter they dug into their backyard while they listened to news of Kennedy and Khrushchev and talked about the possibility of an atom bomb dropping 60 miles away, just over the border in that rich and powerful country to the south, in the city of Detroit, an industrial capital of the world at the time, a rather scary metropolis that created long sleek cars and its own brand of dance music blasted over the radio. That fallout shelter took root in her consciousness, something about where we each fit in the passage of history and how that shapes us.\\nMaggie is also from a time when female virginity was prized and pregnancy outside of marriage was stigmatized; she left high school at 17, married, and learned how to be a skillful housewife, who knew how to economize by stewing elbow macaroni with ground beef and tomatoes, and how to keep house to her mother-in-law\\u2019s standards by polishing the tile floors until they gleamed every week. That experience is a deep taproot in her consciousness; something about how the societies we function in shape our lives and who we become.\\nWe fit in naturally or learn to conform to the time and places and societies we inhabit, and as we age we become like one of those gnarled bonsai trees that has taken root on a coastline with prevailing or shifting winds, even those of us who have lived as migratory birds (of no fixed migratory pattern) settle down at some point. And so it is when we are asked to write a \\u201cblurb\\u201d for the Harvard Institute for Learning in Retirement where we know one writes of oneself in the third person, and says:\\nMaggie has worked in the field of global health for over 35 years, as a long-term advisor, project manager, short-term consultant, or academic in over 50 countries. She was born and lived in Canada until she was 21, in 1969, and then she moved to the Bahamas, followed by the US (Vermont, then Boston), Haiti, St. Lucia (working with six island micro states), the US (Boston), St. Lucia again (working with nine island micro states), Morocco, Cambodia, Egypt, Israel and the Occupied Territories, France, and the United States (Boston\\u2019s South End and now Back Bay). She has an MA in the Teaching of Writing from Goddard College, a dual MBA in Public/Non-Profit and Health Systems Management from Boston University, and a PhD in Management Studies from the University of the West Indies (although unintended, the dissertation became a critique of the foreign aid industry). She has current or former faculty teaching appointments at eight colleges or universities. She loves to trespass, especially across the invisible boundaries we create in our own minds, setting limits on our interpretations of reality.\\nMaggie published an article \\\"Memories of My Burmese Days,\\\" in the Orwell Society Newsletter, Dec. 2013.\", \"City State Zip\": \"Boston, MA. 02116-3095\", \"Display name\": \"Maggie Huff-Rousselle\", \"Member Since\": \"Fall 2014\", \"Email\": \"mhuffrousselle@gmail.com\"}", "Phone": "(617) 955-5847", "Last Name": "Huff-Rousselle", "Photo": "", "Address": "50 Commonwealth Avenue, #905", "Current Status": "New", "First Name": "Maggie", "Bio Information": "Maggie is from a small concrete block house on the banks of a river whose namesake was the Thames that flowed through the Dickens novels her mother read to her under the shade of a sour cherry tree surrounded by tufts of fresh mint. She is from the tiny bedroom her mother papered with maps from around the world. A large map of Africa, its borders like the silhouette of a man with his head thrown back, crying out with hunger or rage, held watch over the foot of her bed until she was five, and that silhouette took root in her consciousness, something about how the places we are born in shape the directions our lives take. \nShe is from another concrete block house, sunk into the rich soil of Southern Ontario, where her parents listened to the black plastic Zenith radio perched on the fresh earth that surrounded the fallout shelter they dug into their backyard while they listened to news of Kennedy and Khrushchev and talked about the possibility of an atom bomb dropping 60 miles away, just over the border in that rich and powerful country to the south, in the city of Detroit, an industrial capital of the world at the time, a rather scary metropolis that created long sleek cars and its own brand of dance music blasted over the radio. That fallout shelter took root in her consciousness, something about where we each fit in the passage of history and how that shapes us.\nMaggie is also from a time when female virginity was prized and pregnancy outside of marriage was stigmatized; she left high school at 17, married, and learned how to be a skillful housewife, who knew how to economize by stewing elbow macaroni with ground beef and tomatoes, and how to keep house to her mother-in-law\u2019s standards by polishing the tile floors until they gleamed every week. That experience is a deep taproot in her consciousness; something about how the societies we function in shape our lives and who we become.\nWe fit in naturally or learn to conform to the time and places and societies we inhabit, and as we age we become like one of those gnarled bonsai trees that has taken root on a coastline with prevailing or shifting winds, even those of us who have lived as migratory birds (of no fixed migratory pattern) settle down at some point. And so it is when we are asked to write a \u201cblurb\u201d for the Harvard Institute for Learning in Retirement where we know one writes of oneself in the third person, and says:\nMaggie has worked in the field of global health for over 35 years, as a long-term advisor, project manager, short-term consultant, or academic in over 50 countries. She was born and lived in Canada until she was 21, in 1969, and then she moved to the Bahamas, followed by the US (Vermont, then Boston), Haiti, St. Lucia (working with six island micro states), the US (Boston), St. Lucia again (working with nine island micro states), Morocco, Cambodia, Egypt, Israel and the Occupied Territories, France, and the United States (Boston\u2019s South End and now Back Bay). She has an MA in the Teaching of Writing from Goddard College, a dual MBA in Public/Non-Profit and Health Systems Management from Boston University, and a PhD in Management Studies from the University of the West Indies (although unintended, the dissertation became a critique of the foreign aid industry). She has current or former faculty teaching appointments at eight colleges or universities. She loves to trespass, especially across the invisible boundaries we create in our own minds, setting limits on our interpretations of reality.\nMaggie published an article \"Memories of My Burmese Days,\" in the Orwell Society Newsletter, Dec. 2013.", "City State Zip": "Boston, MA. 02116-3095", "Display name": "Maggie Huff-Rousselle", "Member Since": "Fall 2014", "Email": "mhuffrousselle@gmail.com"}
