{"SafeDict": "{\"Phone\": \"781-643-1766\", \"Last Name\": \"Seeger\", \"Photo\": \"\", \"Address\": \"78 Madison Avenue\", \"Current Status\": \"Former Member\", \"First Name\": \"Maggie\", \"Bio Information\": \"Margaret Seeger received her BA from Stanford. When she became 40, fearing the best part was done (empty nest),she became a practical nurse, took up viola, and led Sierra Club trips, joined the Arlington visiting nurses and worked there with great pleasure until 1993.\\n\\nHer main businesses these days are with the Arlington Recycling Committee, some regular cycling, the Sierra Club' s outings program, French and viola lessons, and Arlington's orchestra and chorus.\", \"City State Zip\": \"Arlington MA 02474\", \"Display name\": \"Maggie Seeger\", \"Member Since\": \"Arlington MA 02474\", \"Email\": \"macbombie@rcn.com\"}", "Phone": "781-643-1766", "Last Name": "Seeger", "Photo": "", "Address": "78 Madison Avenue", "Current Status": "Former Member", "First Name": "Maggie", "Bio Information": "Margaret Seeger received her BA from Stanford. When she became 40, fearing the best part was done (empty nest),she became a practical nurse, took up viola, and led Sierra Club trips, joined the Arlington visiting nurses and worked there with great pleasure until 1993.\n\nHer main businesses these days are with the Arlington Recycling Committee, some regular cycling, the Sierra Club' s outings program, French and viola lessons, and Arlington's orchestra and chorus.", "City State Zip": "Arlington MA 02474", "Display name": "Maggie Seeger", "Member Since": "Arlington MA 02474", "Email": "macbombie@rcn.com"}
