{"SafeDict": "{\"Phone\": \"\", \"Last Name\": \"Notman\", \"Photo\": \"\", \"Address\": \"\", \"Current Status\": \"\", \"First Name\": \"Malkah\", \"Bio Information\": \"\", \"City State Zip\": \"\", \"Display name\": \"Malkah Notman\", \"Member Since\": \"\", \"Email\": \"malkah_notman@hms.harvard.edu\"}", "Phone": "", "Last Name": "Notman", "Photo": "", "Address": "", "Current Status": "", "First Name": "Malkah", "Bio Information": "", "City State Zip": "", "Display name": "Malkah Notman", "Member Since": "", "Email": "malkah_notman@hms.harvard.edu"}
