{"SafeDict": "{\"Phone\": \"\", \"Last Name\": \"Stubbs\", \"Photo\": \"\", \"Address\": \"\", \"Current Status\": \"1998\", \"First Name\": \"Marcia\", \"Bio Information\": \"Marcia Stubbs grew up in Newark, NJ, received her BA and MA from the University of Michigan, and now lives in Cambridge and on Block Island.\\n\\nShe started teaching expository writing at what is now Eastern Michigan University, then moved east, teaching at Tufts University, and at Wellesley College where she taught for twenty two years and directed the writing program. Her last two years of teaching were also spent at Harvard's Expository Writing program.\\n\\nHer daughter teaches Asian art history at the University of Utah.\", \"City State Zip\": \"\", \"Display name\": \"Marcia Stubbs\", \"Member Since\": \"1998\", \"Email\": \"mstubbs@wellesley.edu\"}", "Phone": "", "Last Name": "Stubbs", "Photo": "", "Address": "", "Current Status": "1998", "First Name": "Marcia", "Bio Information": "Marcia Stubbs grew up in Newark, NJ, received her BA and MA from the University of Michigan, and now lives in Cambridge and on Block Island.\n\nShe started teaching expository writing at what is now Eastern Michigan University, then moved east, teaching at Tufts University, and at Wellesley College where she taught for twenty two years and directed the writing program. Her last two years of teaching were also spent at Harvard's Expository Writing program.\n\nHer daughter teaches Asian art history at the University of Utah.", "City State Zip": "", "Display name": "Marcia Stubbs", "Member Since": "1998", "Email": "mstubbs@wellesley.edu"}
