{"SafeDict": "{\"Phone\": \"\", \"Last Name\": \"Goldsmith\", \"Photo\": \"\", \"Address\": \"\", \"Current Status\": \"\", \"First Name\": \"Marcia\", \"Bio Information\": \"Marcia Goldsmith lives in Wellesley and is looking forward to new intellectual challenges and to meeting new people at HILR. She graduated from Tufts with a BA in English and while her two children were teenagers she received her law degree from the University of Miami law School in Coral Gables, Fl. After returning to Massachusetts, she worked for the Commonwealth of Massachusetts as a tax attorney for nineteen years before retiring this year. She is currently volunteering at the Attorney General's office and tutoring at a Wellesley elementary school, and is on the scholarship committee for the Rashi School in Needham.\\n\\nHer special interests include theater, art, books, walking, and the ocean. Her greatest pleasures come from her four grandchildren who live in Providence, RI and Baltimore, MD.\", \"City State Zip\": \"\", \"Display name\": \"Marcia Goldsmith\", \"Member Since\": \"\", \"Email\": \"mkgoldsm@aol.com\"}", "Phone": "", "Last Name": "Goldsmith", "Photo": "", "Address": "", "Current Status": "", "First Name": "Marcia", "Bio Information": "Marcia Goldsmith lives in Wellesley and is looking forward to new intellectual challenges and to meeting new people at HILR. She graduated from Tufts with a BA in English and while her two children were teenagers she received her law degree from the University of Miami law School in Coral Gables, Fl. After returning to Massachusetts, she worked for the Commonwealth of Massachusetts as a tax attorney for nineteen years before retiring this year. She is currently volunteering at the Attorney General's office and tutoring at a Wellesley elementary school, and is on the scholarship committee for the Rashi School in Needham.\n\nHer special interests include theater, art, books, walking, and the ocean. Her greatest pleasures come from her four grandchildren who live in Providence, RI and Baltimore, MD.", "City State Zip": "", "Display name": "Marcia Goldsmith", "Member Since": "", "Email": "mkgoldsm@aol.com"}
