{"SafeDict": "{\"Phone\": \"617-571-9441\", \"Last Name\": \"Leavitt\", \"Photo\": \"\", \"Address\": \"29 Jameson Rd\", \"Current Status\": \"2016\", \"First Name\": \"Marcia\", \"Bio Information\": \"Marcia Leavitt has been a software developer at Mass General Hospital and has created clinical and research tools for the Cardiac Unit.  She is interested in reading, traveling, walking, and eating. She is now eager to tun her attentions to social and political issues.\", \"City State Zip\": \"Newton, Ma, 02458\", \"Display name\": \"Marcia Leavitt\", \"Member Since\": \"2016\", \"Email\": \"marciablissleavitt@gmail.com\"}", "Phone": "617-571-9441", "Last Name": "Leavitt", "Photo": "", "Address": "29 Jameson Rd", "Current Status": "2016", "First Name": "Marcia", "Bio Information": "Marcia Leavitt has been a software developer at Mass General Hospital and has created clinical and research tools for the Cardiac Unit.  She is interested in reading, traveling, walking, and eating. She is now eager to tun her attentions to social and political issues.", "City State Zip": "Newton, Ma, 02458", "Display name": "Marcia Leavitt", "Member Since": "2016", "Email": "marciablissleavitt@gmail.com"}
