{"SafeDict": "{\"Phone\": \"978-369-5274\", \"Last Name\": \"Marlow\", \"Photo\": \"\", \"Address\": \"30 Bow Street\", \"Current Status\": \"2006\", \"First Name\": \"Marcia\", \"Bio Information\": \"Marcia Marlow, originally from New York City, has lived in Concord for the past 30 years. A retired educator, she has participated in the Critical and Creative Thinking Program and helped in the creation of a peer coaching model for infusing these thinking skills into daily classroom lessons. With an interest in multiple intelligences theories, she attended Harvard Graduate School of Education summer institutes offered by Project Zero where Howard Gardner and David Perkins, among others, led thought-provoking discussions.\\n\\nShe is a member of the Board of the Friends of the Concord Free Public Library through which she helped create a popular series of author and poetry readings, as well as the Music from the Library series, now in its tenth season. Most recently, inspired by her experience with a research team at the Chimpanzee and Human Communication Institute at Central Washington University, she volunteers at Earthwatch Institute in Maynard.\\n\\nAn avid reader and currently a member of the Boston Authors Club, she is a member of the Julia Ward Howe Award committee which seeks to recognize local authors. Having raised a professional cellist, chamber music has become a leading passion.\", \"City State Zip\": \"Concord MA 01742-1702\", \"Display name\": \"Marcia Marlow\", \"Member Since\": \"2006\", \"Email\": \"mmarlow6104@gmail.com\"}", "Phone": "978-369-5274", "Last Name": "Marlow", "Photo": "", "Address": "30 Bow Street", "Current Status": "2006", "First Name": "Marcia", "Bio Information": "Marcia Marlow, originally from New York City, has lived in Concord for the past 30 years. A retired educator, she has participated in the Critical and Creative Thinking Program and helped in the creation of a peer coaching model for infusing these thinking skills into daily classroom lessons. With an interest in multiple intelligences theories, she attended Harvard Graduate School of Education summer institutes offered by Project Zero where Howard Gardner and David Perkins, among others, led thought-provoking discussions.\n\nShe is a member of the Board of the Friends of the Concord Free Public Library through which she helped create a popular series of author and poetry readings, as well as the Music from the Library series, now in its tenth season. Most recently, inspired by her experience with a research team at the Chimpanzee and Human Communication Institute at Central Washington University, she volunteers at Earthwatch Institute in Maynard.\n\nAn avid reader and currently a member of the Boston Authors Club, she is a member of the Julia Ward Howe Award committee which seeks to recognize local authors. Having raised a professional cellist, chamber music has become a leading passion.", "City State Zip": "Concord MA 01742-1702", "Display name": "Marcia Marlow", "Member Since": "2006", "Email": "mmarlow6104@gmail.com"}
