{"SafeDict": "{\"Phone\": \"(508) 494-3746\", \"Last Name\": \"Waldron\", \"Photo\": \"\", \"Address\": \"11 Weybridge Ln\", \"Current Status\": \"Active\", \"First Name\": \"Marcus (Chris)\", \"Bio Information\": \"Marcus C. (Chris) Waldron is an aquatic ecologist specializing in studies of lakes, ponds, and reservoirs. After receiving a BA in zoology from the University of Maine in 1974, he completed a Master\\u2019s degree at the University of Georgia, where he studied with marine ecologist Lawrence Pomeroy, and a Ph.D. at Clemson University, under the direction of freshwater ecologist James Schindler. Following this training, he became an Assistant and later a tenured Associate Professor of Biology at Marshal University in Huntington, West Virginia. He worked at Marshall from 1983 until 1992, eventually joining the Graduate faculty of West Virginia University and the Pharmacology faculty of the Marshall University School of Medicine as an Adjunct Associate Professor. There, he conducted research, advised graduate students, and taught graduate and undergraduate courses in ecology, microbiology, ecosystem theory, and environmental toxicology.\\nIn 1992, Chris joined the U.S. Geological Survey\\u2019s District Office in Charleston, West Virginia as a specialist in ecology and aquatic chemistry. He then moved to the New England Water Science Center in 1995 and became Chief of Water Quality Studies there in 2002. In this role, he directed research aimed at protecting drinking-water supplies and other aquatic resources in Massachusetts, Connecticut, Rhode Island, and Maryland. He has published more than 45 articles in refereed scientific journals and peer-reviewed Interior Department series.\\nMost recently, after retiring from the USGS at the end of 2014, Chris returned to teaching as an Adjunct Instructor in environmental science at Fisher College in Boston.He has served on the Hopkinton, Mass. Conservation Commission since 2010. He travels extensively and has visited India, China, Cambodia, Laos, Thailand, Vietnam, Peru, Ecuador, Brazil, France, Greece, Mexico, Canada, and Turkey. He and his wife, Kathleen, enjoy kayaking and windsurfing in summer, snowshoeing and cross-country skiing in winter. Together, they have six grown children and 14 grandchildren, ranging in age from 3 to 16 years.\", \"City State Zip\": \"Hopkinton, MA 01748\", \"Display name\": \"Marcus Waldron\", \"Member Since\": \"2016\", \"Email\": \"marcuswaldron@me.com\"}", "Phone": "(508) 494-3746", "Last Name": "Waldron", "Photo": "", "Address": "11 Weybridge Ln", "Current Status": "Active", "First Name": "Marcus (Chris)", "Bio Information": "Marcus C. (Chris) Waldron is an aquatic ecologist specializing in studies of lakes, ponds, and reservoirs. After receiving a BA in zoology from the University of Maine in 1974, he completed a Master\u2019s degree at the University of Georgia, where he studied with marine ecologist Lawrence Pomeroy, and a Ph.D. at Clemson University, under the direction of freshwater ecologist James Schindler. Following this training, he became an Assistant and later a tenured Associate Professor of Biology at Marshal University in Huntington, West Virginia. He worked at Marshall from 1983 until 1992, eventually joining the Graduate faculty of West Virginia University and the Pharmacology faculty of the Marshall University School of Medicine as an Adjunct Associate Professor. There, he conducted research, advised graduate students, and taught graduate and undergraduate courses in ecology, microbiology, ecosystem theory, and environmental toxicology.\nIn 1992, Chris joined the U.S. Geological Survey\u2019s District Office in Charleston, West Virginia as a specialist in ecology and aquatic chemistry. He then moved to the New England Water Science Center in 1995 and became Chief of Water Quality Studies there in 2002. In this role, he directed research aimed at protecting drinking-water supplies and other aquatic resources in Massachusetts, Connecticut, Rhode Island, and Maryland. He has published more than 45 articles in refereed scientific journals and peer-reviewed Interior Department series.\nMost recently, after retiring from the USGS at the end of 2014, Chris returned to teaching as an Adjunct Instructor in environmental science at Fisher College in Boston.He has served on the Hopkinton, Mass. Conservation Commission since 2010. He travels extensively and has visited India, China, Cambodia, Laos, Thailand, Vietnam, Peru, Ecuador, Brazil, France, Greece, Mexico, Canada, and Turkey. He and his wife, Kathleen, enjoy kayaking and windsurfing in summer, snowshoeing and cross-country skiing in winter. Together, they have six grown children and 14 grandchildren, ranging in age from 3 to 16 years.", "City State Zip": "Hopkinton, MA 01748", "Display name": "Marcus Waldron", "Member Since": "2016", "Email": "marcuswaldron@me.com"}
