{"SafeDict": "{\"Phone\": \"617 714 4340\", \"Last Name\": \"Wood\", \"Photo\": \"\", \"Address\": \"17 Otis Street #501\", \"Current Status\": \"2007\", \"First Name\": \"Margaret\", \"Bio Information\": \"Peggy Wood has lived in Lincoln, MA, Washington, DC, Middletown CT, Boston\\u2019s South End and the Boston Waterfront. Widowed in 2005, she recently moved from the Waterfront to a condo in Cambridge.\\n\\nPeggy has put most of her volunteer and professional energy into two areas: housing and education. In Lincoln, where she raised her family, she was active in persuading the community to accept an affordable housing development, Lincoln Woods. She taught history at the Lincoln Sudbury Regional High School and developed and operated an internship program for high schhool students.\\nIn education, Peggy has worked on teacher preparation and qualifications for the Massachusetts Departments of Elementary and Secondary Education and the Board of Higher Education.\\n\\nPeggy spends a good deal of time maintaining an old house and garden in Little Compton, Rhode Island. Besides being a die-hard Red Sox fan, she  is also a political junkie. A bum knee has ended her tennis career.\", \"City State Zip\": \"Cambridge, MA 02141\", \"Display name\": \"Margaret Wood\", \"Member Since\": \"2007\", \"Email\": \"margwood@comcast.net\"}", "Phone": "617 714 4340", "Last Name": "Wood", "Photo": "", "Address": "17 Otis Street #501", "Current Status": "2007", "First Name": "Margaret", "Bio Information": "Peggy Wood has lived in Lincoln, MA, Washington, DC, Middletown CT, Boston\u2019s South End and the Boston Waterfront. Widowed in 2005, she recently moved from the Waterfront to a condo in Cambridge.\n\nPeggy has put most of her volunteer and professional energy into two areas: housing and education. In Lincoln, where she raised her family, she was active in persuading the community to accept an affordable housing development, Lincoln Woods. She taught history at the Lincoln Sudbury Regional High School and developed and operated an internship program for high schhool students.\nIn education, Peggy has worked on teacher preparation and qualifications for the Massachusetts Departments of Elementary and Secondary Education and the Board of Higher Education.\n\nPeggy spends a good deal of time maintaining an old house and garden in Little Compton, Rhode Island. Besides being a die-hard Red Sox fan, she  is also a political junkie. A bum knee has ended her tennis career.", "City State Zip": "Cambridge, MA 02141", "Display name": "Margaret Wood", "Member Since": "2007", "Email": "margwood@comcast.net"}
