{"SafeDict": "{\"Phone\": \"\", \"Last Name\": \"Hooper\", \"Photo\": \"\", \"Address\": \"\", \"Current Status\": \"Active Member\", \"First Name\": \"Margaret\", \"Bio Information\": \"Mimi\\u2019s first job after graduation from Radcliffe was teaching French at a private girls\\u2019 school in California. Two years later she accepted a Fulbright Teaching Assistantship at the Lyc\\u00e9e Jeanne d\\u2019Arc in Orleans, France.\\n\\nOn her return to the States, Mimi continued teaching French in both public and private schools in California (where her first child was born) and in the Boston area, where she also enrolled in a master\\u2019s degree program in French literature from Tufts.\\n\\nBy now a single parent, Mimi began a second career in academic administration at BU, where she managed an academic peer counseling program. After marriage to Tom Hooper (HILR 2001) and the birth of a son, Mimi joined GTE Corporation in human resource management, focusing on \\u201cthe human side of the enterprise\\u201d in engineering and computer companies. While there she earned an MS in Human Resource Development from American University.\\n\\nIn 1987 Mimi joined Digital Equipment Corporation, where she worked for 13 years as a human resource business partner to senior management teams around the world.\\n\\nWith retirement and \\u201clearning for the pure joy of it,\\u201d Mimi and Tom look forward to exploring the opportunities offered by HILR.\", \"City State Zip\": \"\", \"Display name\": \"Margaret Hooper\", \"Member Since\": \"2002\", \"Email\": \"mimihooper@comcast.net\"}", "Phone": "", "Last Name": "Hooper", "Photo": "", "Address": "", "Current Status": "Active Member", "First Name": "Margaret", "Bio Information": "Mimi\u2019s first job after graduation from Radcliffe was teaching French at a private girls\u2019 school in California. Two years later she accepted a Fulbright Teaching Assistantship at the Lyc\u00e9e Jeanne d\u2019Arc in Orleans, France.\n\nOn her return to the States, Mimi continued teaching French in both public and private schools in California (where her first child was born) and in the Boston area, where she also enrolled in a master\u2019s degree program in French literature from Tufts.\n\nBy now a single parent, Mimi began a second career in academic administration at BU, where she managed an academic peer counseling program. After marriage to Tom Hooper (HILR 2001) and the birth of a son, Mimi joined GTE Corporation in human resource management, focusing on \u201cthe human side of the enterprise\u201d in engineering and computer companies. While there she earned an MS in Human Resource Development from American University.\n\nIn 1987 Mimi joined Digital Equipment Corporation, where she worked for 13 years as a human resource business partner to senior management teams around the world.\n\nWith retirement and \u201clearning for the pure joy of it,\u201d Mimi and Tom look forward to exploring the opportunities offered by HILR.", "City State Zip": "", "Display name": "Margaret Hooper", "Member Since": "2002", "Email": "mimihooper@comcast.net"}
