{"SafeDict": "{\"Phone\": \"\", \"Last Name\": \"Mulkerin\", \"Photo\": \"\", \"Address\": \"\", \"Current Status\": \"2007\", \"First Name\": \"Margaret (Marge)\", \"Bio Information\": \"I was born in Denver, but we didn't live there long because my father's jobs required our family to move often. An early love of literature was nurtured at Mount Lebanon High School outside Pittsburgh by my English teacher. Not surprisingly, I majored in English at Trinity College in Washington, DC, and went on to earn my M.A. in English from U.C. Berkeley. I started teaching high school English when I returned East after grad school. While my husband studied in London, I taught in a British comprehensive school, an experience that increased my appreciation for American public education.\\n\\nAfter traveling for a year after we left London,  we returned to Boston. My six years as an English teacher at Lexington High School were interrupted by maternity leaves for the birth of three wonderful sons. Although I left teaching for awhile to stay at home with the children, divorce propelled me back to support them. At Winchester High School, I enjoyed my richest teaching experience team-teaching a Humanities course for seniors. After a decade at Winchester, I became English Department Director, while continuing to teach three courses.  Six years later,  I left Winchester for Wayland High School, where I also taught three courses and led a top-notch English Department.  After retiring in 2005, I moved to Harvard Square.\\n\\nI still work part-time in education--as facilitator of meetings for English department heads and as a supervisor of student teachers. Retirement affords me time to keep up on political developments, read, spend time with family and  friends, travel, and participate in HILR.\", \"City State Zip\": \"\", \"Display name\": \"Margaret (Marge) Mulkerin\", \"Member Since\": \"2007\", \"Email\": \"margemulkerin@gmail.com\"}", "Phone": "", "Last Name": "Mulkerin", "Photo": "", "Address": "", "Current Status": "2007", "First Name": "Margaret (Marge)", "Bio Information": "I was born in Denver, but we didn't live there long because my father's jobs required our family to move often. An early love of literature was nurtured at Mount Lebanon High School outside Pittsburgh by my English teacher. Not surprisingly, I majored in English at Trinity College in Washington, DC, and went on to earn my M.A. in English from U.C. Berkeley. I started teaching high school English when I returned East after grad school. While my husband studied in London, I taught in a British comprehensive school, an experience that increased my appreciation for American public education.\n\nAfter traveling for a year after we left London,  we returned to Boston. My six years as an English teacher at Lexington High School were interrupted by maternity leaves for the birth of three wonderful sons. Although I left teaching for awhile to stay at home with the children, divorce propelled me back to support them. At Winchester High School, I enjoyed my richest teaching experience team-teaching a Humanities course for seniors. After a decade at Winchester, I became English Department Director, while continuing to teach three courses.  Six years later,  I left Winchester for Wayland High School, where I also taught three courses and led a top-notch English Department.  After retiring in 2005, I moved to Harvard Square.\n\nI still work part-time in education--as facilitator of meetings for English department heads and as a supervisor of student teachers. Retirement affords me time to keep up on political developments, read, spend time with family and  friends, travel, and participate in HILR.", "City State Zip": "", "Display name": "Margaret (Marge) Mulkerin", "Member Since": "2007", "Email": "margemulkerin@gmail.com"}
