{"SafeDict": "{\"Phone\": \"(781) 863-7271\", \"Last Name\": \"Gustafson\", \"Photo\": \"\", \"Address\": \"(781) 863-7271\", \"Current Status\": \"Active Member\", \"First Name\": \"Margery\", \"Bio Information\": \"After graduate school, I worked for the Poverty Program in Washington, DC. Like many women of my generation, I followed my husband to several cities before settling in Boston. In Philadelphia, I worked at Jefferson Medical School Community Mental Health Center as a researcher and clinician.  In Boston,  I taught psychology to undergraduates for several years.  Ultimately, I moved into college administration. Initially I served as Director of Graduate Admissions for Emerson College\\u2019s Boston and European campuses and later became Manager of WPI's Waltham Campus. \\n\\nReading is a passion. I am part of a book group which has met for 18 years.  It has provided a forum for the exchange of ideas, evolving from women's issues to history, philosophy, politics and environmental issues.  \\nI have two sons, both living in Portland, ME, and three grandchildren.  My husband Don and I live in Lexington, Massachusetts.\", \"City State Zip\": \"(781) 863-7271\", \"Display name\": \"Margery Gustafson\", \"Member Since\": \"2001\", \"Email\": \"mgustafson34@aol.com\"}", "Phone": "(781) 863-7271", "Last Name": "Gustafson", "Photo": "", "Address": "(781) 863-7271", "Current Status": "Active Member", "First Name": "Margery", "Bio Information": "After graduate school, I worked for the Poverty Program in Washington, DC. Like many women of my generation, I followed my husband to several cities before settling in Boston. In Philadelphia, I worked at Jefferson Medical School Community Mental Health Center as a researcher and clinician.  In Boston,  I taught psychology to undergraduates for several years.  Ultimately, I moved into college administration. Initially I served as Director of Graduate Admissions for Emerson College\u2019s Boston and European campuses and later became Manager of WPI's Waltham Campus. \n\nReading is a passion. I am part of a book group which has met for 18 years.  It has provided a forum for the exchange of ideas, evolving from women's issues to history, philosophy, politics and environmental issues.  \nI have two sons, both living in Portland, ME, and three grandchildren.  My husband Don and I live in Lexington, Massachusetts.", "City State Zip": "(781) 863-7271", "Display name": "Margery Gustafson", "Member Since": "2001", "Email": "mgustafson34@aol.com"}
