{"SafeDict": "{\"Phone\": \"617-734-5398\", \"Last Name\": \"Cain\", \"Photo\": \"\", \"Address\": \"66 Atherton Road #1\", \"Current Status\": \"Brookline MA 02446\", \"First Name\": \"Margaret\", \"Bio Information\": \"My career was in lab chemistry mostly at New England Nuclear/NEN Research Products, producers of labelled compounds, where I developed analytical methods for quality control and customer convenience kits. NEN became part of DuPont, from which I retired. Education at The College of Wooster ( Ohio),my original home state,and Northeastern University in Boston.\\n\\nI've been an amateur musician all my life as well as enjoying attending performances. Currently I sing in my UU church choir, play violin in New Philharmonia community orchestra ( Newton) and play informal chamber music with various sets of people.\\nI enjoy outdoor activities of hiking, birding,gardening and general nature study. I've done lots of travel, much of it with hiking in my younger days.Now I'm especially interested in natural history travel. Highlights include Nepal,Kenya,New Zealand,China, Antarctica,Galapagos and Iceland as well as much of Europe and the Americas.\\nBeyond music, I enjoy volunteering at the Museum of Science, Bosotn, where I'm an exhibit hall interpreter (informal educator) for several  guest interactions, including live animals and microorganisms in Charles River Water.\", \"City State Zip\": \"Brookline MA 02446\", \"Display name\": \"Margaret Cain\", \"Member Since\": \"Brookline MA 02446\", \"Email\": \"margaretjcain@verizon.net\"}", "Phone": "617-734-5398", "Last Name": "Cain", "Photo": "", "Address": "66 Atherton Road #1", "Current Status": "Brookline MA 02446", "First Name": "Margaret", "Bio Information": "My career was in lab chemistry mostly at New England Nuclear/NEN Research Products, producers of labelled compounds, where I developed analytical methods for quality control and customer convenience kits. NEN became part of DuPont, from which I retired. Education at The College of Wooster ( Ohio),my original home state,and Northeastern University in Boston.\n\nI've been an amateur musician all my life as well as enjoying attending performances. Currently I sing in my UU church choir, play violin in New Philharmonia community orchestra ( Newton) and play informal chamber music with various sets of people.\nI enjoy outdoor activities of hiking, birding,gardening and general nature study. I've done lots of travel, much of it with hiking in my younger days.Now I'm especially interested in natural history travel. Highlights include Nepal,Kenya,New Zealand,China, Antarctica,Galapagos and Iceland as well as much of Europe and the Americas.\nBeyond music, I enjoy volunteering at the Museum of Science, Bosotn, where I'm an exhibit hall interpreter (informal educator) for several  guest interactions, including live animals and microorganisms in Charles River Water.", "City State Zip": "Brookline MA 02446", "Display name": "Margaret Cain", "Member Since": "Brookline MA 02446", "Email": "margaretjcain@verizon.net"}
