{"SafeDict": "{\"Phone\": \"978-456-7819\", \"Last Name\": \"Murphy\", \"Photo\": \"\", \"Address\": \"15 Harris Lane\", \"Current Status\": \"2008\", \"First Name\": \"Margaret\", \"Bio Information\": \"Born in Brooklyn, New York, Margaret graduated from the College of New Rochelle (Economics major) and earned both a Masters and Doctorate from Rutgers University shortly thereafter. After moving to Maryland, she taught full time for eighteen years at the graduate level, fifteen of them at Johns Hopkins University, where she started certificate and masters\\u2019 programs and directed several specialties in the business graduate programs.\\n\\nAfter completing appointed terms on the CAC at the Board of Governors and the Banking Board in Maryland, she joined the Federal Reserve Bank of Richmond, where she served for twelve years as resident economist and senior executive before retiring and returning to Johns Hopkins.\\n\\nMargaret and her husband Ed have now retired completely and moved to Massachusetts, close to three of their five grown children and families. Besides anticipating active involvement in HILR, Margaret plans to spend much time with family, and pursue volunteer opportunities as well as her hobbies of photography, gardening, piano playing, and competitive tennis.\", \"City State Zip\": \"Harvard, MA 01451\", \"Display name\": \"Margaret Murphy\", \"Member Since\": \"2008\", \"Email\": \"murphy.margaret@gmail.com\"}", "Phone": "978-456-7819", "Last Name": "Murphy", "Photo": "", "Address": "15 Harris Lane", "Current Status": "2008", "First Name": "Margaret", "Bio Information": "Born in Brooklyn, New York, Margaret graduated from the College of New Rochelle (Economics major) and earned both a Masters and Doctorate from Rutgers University shortly thereafter. After moving to Maryland, she taught full time for eighteen years at the graduate level, fifteen of them at Johns Hopkins University, where she started certificate and masters\u2019 programs and directed several specialties in the business graduate programs.\n\nAfter completing appointed terms on the CAC at the Board of Governors and the Banking Board in Maryland, she joined the Federal Reserve Bank of Richmond, where she served for twelve years as resident economist and senior executive before retiring and returning to Johns Hopkins.\n\nMargaret and her husband Ed have now retired completely and moved to Massachusetts, close to three of their five grown children and families. Besides anticipating active involvement in HILR, Margaret plans to spend much time with family, and pursue volunteer opportunities as well as her hobbies of photography, gardening, piano playing, and competitive tennis.", "City State Zip": "Harvard, MA 01451", "Display name": "Margaret Murphy", "Member Since": "2008", "Email": "murphy.margaret@gmail.com"}
