{"SafeDict": "{\"Phone\": \"\", \"Last Name\": \"Woods\", \"Photo\": \"\", \"Address\": \"\", \"Current Status\": \"2008\", \"First Name\": \"Margo\", \"Bio Information\": \"Margo has been at Tufts School of Medicine in the Department of Public Health and Family Medicine for over 25 years doing research in nutrition and disease. Her research was on the effect of dietary fat and fiber on risk of breast cancer and the role of nutrition in the etiology and treatment of HIV. She has taught nutrition to medical students, residents and physicians. Tufts is one of the few medical schools where nutrition is required for medical students. She was involved in a number of large national trials that investigated the effect of low fat diets on breast cancer, nutrition intervention of the DASH diet (Dietary Approach to Stop Hypertension) to reduce blood pressure and calcium supplementation to decrease risk of pre-eclampsia of pregnancy. Current research is on the role of omega-3 fatty acids from fish, on metabolic syndrome and risk of type-2 diabetes.\\n\\nMargo is currently on the board of the Ethical Society of Boston (ESOB) and chair of the Ethical Projects Committee which is currently focused on \\u201cVoluntary Simplicity\\u201d and \\u201cCompassionate Communications\\u201d. She directed the development of a Consumer Guide published by the ESOB to help people use their purchasing power to support healthy products and the environment.\\n\\nShe graduated from Montclair State College (BS), Cornell University (MNS) and Harvard School of Public Health (DSc). Her daughter, Kristina, is currently finishing up her degree in architecture at Oklahoma University. Other interests include sketching, sewing, cooking and philosophy cafes.\", \"City State Zip\": \"\", \"Display name\": \"Margo Woods\", \"Member Since\": \"2008\", \"Email\": \"margo.woods@tufts.edu\"}", "Phone": "", "Last Name": "Woods", "Photo": "", "Address": "", "Current Status": "2008", "First Name": "Margo", "Bio Information": "Margo has been at Tufts School of Medicine in the Department of Public Health and Family Medicine for over 25 years doing research in nutrition and disease. Her research was on the effect of dietary fat and fiber on risk of breast cancer and the role of nutrition in the etiology and treatment of HIV. She has taught nutrition to medical students, residents and physicians. Tufts is one of the few medical schools where nutrition is required for medical students. She was involved in a number of large national trials that investigated the effect of low fat diets on breast cancer, nutrition intervention of the DASH diet (Dietary Approach to Stop Hypertension) to reduce blood pressure and calcium supplementation to decrease risk of pre-eclampsia of pregnancy. Current research is on the role of omega-3 fatty acids from fish, on metabolic syndrome and risk of type-2 diabetes.\n\nMargo is currently on the board of the Ethical Society of Boston (ESOB) and chair of the Ethical Projects Committee which is currently focused on \u201cVoluntary Simplicity\u201d and \u201cCompassionate Communications\u201d. She directed the development of a Consumer Guide published by the ESOB to help people use their purchasing power to support healthy products and the environment.\n\nShe graduated from Montclair State College (BS), Cornell University (MNS) and Harvard School of Public Health (DSc). Her daughter, Kristina, is currently finishing up her degree in architecture at Oklahoma University. Other interests include sketching, sewing, cooking and philosophy cafes.", "City State Zip": "", "Display name": "Margo Woods", "Member Since": "2008", "Email": "margo.woods@tufts.edu"}
