{"SafeDict": "{\"Phone\": \"\", \"Last Name\": \"Saccardi\", \"Photo\": \"\", \"Address\": \"\", \"Current Status\": \"\", \"First Name\": \"Marianne\", \"Bio Information\": \"Marianne was born in Brooklyn, NY. When she turned six, her family moved to Tucson, Arizona where they lived for four years before deciding to return to NY and settle in Queens. While still in college, Marianne began a teaching career that spanned over 40 years. After teaching in a private elementary school in Queens, NY, she moved to Madawaska, ME, where she was given carte blanche to innovate in her fourth grade classroom to her heart\\u2019s content. There she created a \\u201clearning in the field\\u201d program and engaged her students in choral and Shakespeare productions. She developed an art history course that later became the content of a book published for parents and teachers. Marianne returned to NY and married her husband, Thomas. They eventually settled in Greenwich, CT where they raised two sons and where, after becoming a Montessori certified teacher, Marianne taught at the Whitby American Montessori School. While at the school, she founded the Fairfield-Westchester Children\\u2019s Reading Project, a program that distributed new books and brought children\\u2019s book authors to 53 classrooms in Greenwich, CT and Westchester, NY. Also during this time, she partnered with Dr. Marilyn Jody to establish BookRead, a national electronic-mail system linking children, authors, and books, and co-authored the book, Using Computers to Teach Literature: A Teacher\\u2019s Guide published by the National Council of Teachers of English. After leaving Whitby, Marianne taught courses in children\\u2019s literature and early literacy in the graduate school at the College of New Rochelle, NY and Norwalk Community College in Norwalk, CT. She also wrote numerous teacher guides for Broderbund Electronic Books, a guide for a Robert Frost Project, and a Teacher's Guide for the Grolier Multimedia Encyclopedia. For many years she conducted week-long teacher seminars for the North Carolina Center for the Advancement of Teaching in Cullowhee, NC, on such topics as multicultural children\\u2019s literature, children\\u2019s books as models for student writing, and creativity inspired by children\\u2019s books. As a consultant to the Connecticut Literacy Initiative AmeriCorps America Reads Project, Marianne conducted numerous literacy workshops for AmeriCorps Members and supervised their preschool teaching. Working as an independent contractor for the Connecticut State Department of Education, she served as project director for Project Stars, wrote a literacy curriculum for entry level preschool teachers, taught an advanced literacy course, and wrote the script and teachers\\u2019 guide for a literacy DVD demonstrating excellent literacy practice for preschool children. Most recently, she worked with the Greenwich Education Alliance to develop a curriculum called Going Places with Books for a story bus that visits preschools in the area. A new edition of her book, Art in Story: Teaching Art History to Elementary School Children, was published in 2006 by Libraries Unlimited/Teacher Ideas Press and Books that Teach Kids to Write was published by the same press in 2011. Libraries Unlimited published her book, Creativity and Children\\u2019s Literature: New Ways to Encourage Divergent Thinking in 2014. Marianne currently reviews children\\u2019s books for School Library Journal. Her articles have appeared in School Library Journal, The Reading Teacher, School Arts, Book Links, and The Constructive Triangle. Marianne has presented workshops at the conventions of the International Literacy Association and the National Council of Teachers of English. When their younger son announced that he and his wife were moving to Boston where his older brother had been living for some time, Marianne and Thomas decided to relocate to be near them and their granddaughter, Stella. They are delighted to be living in Cambridge and to have the opportunity to join HILR. They are looking forward to continuing their learning, contributing to the group, and making new friends.\", \"City State Zip\": \"\", \"Display name\": \"Marianne Saccardi\", \"Member Since\": \"\", \"Email\": \"m.saccardi@gmail.com\"}", "Phone": "", "Last Name": "Saccardi", "Photo": "", "Address": "", "Current Status": "", "First Name": "Marianne", "Bio Information": "Marianne was born in Brooklyn, NY. When she turned six, her family moved to Tucson, Arizona where they lived for four years before deciding to return to NY and settle in Queens. While still in college, Marianne began a teaching career that spanned over 40 years. After teaching in a private elementary school in Queens, NY, she moved to Madawaska, ME, where she was given carte blanche to innovate in her fourth grade classroom to her heart\u2019s content. There she created a \u201clearning in the field\u201d program and engaged her students in choral and Shakespeare productions. She developed an art history course that later became the content of a book published for parents and teachers. Marianne returned to NY and married her husband, Thomas. They eventually settled in Greenwich, CT where they raised two sons and where, after becoming a Montessori certified teacher, Marianne taught at the Whitby American Montessori School. While at the school, she founded the Fairfield-Westchester Children\u2019s Reading Project, a program that distributed new books and brought children\u2019s book authors to 53 classrooms in Greenwich, CT and Westchester, NY. Also during this time, she partnered with Dr. Marilyn Jody to establish BookRead, a national electronic-mail system linking children, authors, and books, and co-authored the book, Using Computers to Teach Literature: A Teacher\u2019s Guide published by the National Council of Teachers of English. After leaving Whitby, Marianne taught courses in children\u2019s literature and early literacy in the graduate school at the College of New Rochelle, NY and Norwalk Community College in Norwalk, CT. She also wrote numerous teacher guides for Broderbund Electronic Books, a guide for a Robert Frost Project, and a Teacher's Guide for the Grolier Multimedia Encyclopedia. For many years she conducted week-long teacher seminars for the North Carolina Center for the Advancement of Teaching in Cullowhee, NC, on such topics as multicultural children\u2019s literature, children\u2019s books as models for student writing, and creativity inspired by children\u2019s books. As a consultant to the Connecticut Literacy Initiative AmeriCorps America Reads Project, Marianne conducted numerous literacy workshops for AmeriCorps Members and supervised their preschool teaching. Working as an independent contractor for the Connecticut State Department of Education, she served as project director for Project Stars, wrote a literacy curriculum for entry level preschool teachers, taught an advanced literacy course, and wrote the script and teachers\u2019 guide for a literacy DVD demonstrating excellent literacy practice for preschool children. Most recently, she worked with the Greenwich Education Alliance to develop a curriculum called Going Places with Books for a story bus that visits preschools in the area. A new edition of her book, Art in Story: Teaching Art History to Elementary School Children, was published in 2006 by Libraries Unlimited/Teacher Ideas Press and Books that Teach Kids to Write was published by the same press in 2011. Libraries Unlimited published her book, Creativity and Children\u2019s Literature: New Ways to Encourage Divergent Thinking in 2014. Marianne currently reviews children\u2019s books for School Library Journal. Her articles have appeared in School Library Journal, The Reading Teacher, School Arts, Book Links, and The Constructive Triangle. Marianne has presented workshops at the conventions of the International Literacy Association and the National Council of Teachers of English. When their younger son announced that he and his wife were moving to Boston where his older brother had been living for some time, Marianne and Thomas decided to relocate to be near them and their granddaughter, Stella. They are delighted to be living in Cambridge and to have the opportunity to join HILR. They are looking forward to continuing their learning, contributing to the group, and making new friends.", "City State Zip": "", "Display name": "Marianne Saccardi", "Member Since": "", "Email": "m.saccardi@gmail.com"}
