{"SafeDict": "{\"Phone\": \"(617) 354-3930\", \"Last Name\": \"Mellowes\", \"Photo\": \"\", \"Address\": \"190 Lexington Ave.\", \"Current Status\": \"New\", \"First Name\": \"Marilyn\", \"Bio Information\": \"Marilyn Mellowes is a producer and writer of documentary films who worked at WGBH/Boston for nearly thirty-five years.   Her credits include major landmark series and documentary programs broadcast nationally on public television to both popular and critical acclaim.   She is best known for the four-hour series From Jesus to Christ: the First Christians, which used in-depth interviews with twelve leading New Testament scholars and archaeologists to explore the origins of Christianity as it grew from a small Jewish sect to a major religion embraced by the Roman world. When it premiered in April 1998, The New York Times called the series \\u201cadmirably produced\\u201d and proclaimed \\u201cThis work is a revelation of what television can be.\\u201d The series has been rebroadcast many times in the United States and widely distributed overseas.\\nMellowes began her career as a writer and producer of new programing at WGBH in 1976. The station was then embarking upon an ambitious thirteen-hour co-production with British and French television on the controversial subject of the Vietnam War. Mellowes worked on three of the thirteen programs, including the widely praised \\u201cLBJ Goes to War\\u201d that examined how Lyndon Johnson embroiled America in the conflict. VIETNAM: A Television Historyset the standard for excellence in historical programming on television, won every major award in broadcasting, and established WGBH as a preeminent national production center. After VIETNAM, the series FRONTLINE asked Mellowes to produce \\u201cCastro\\u2019s Challenge, one of four films in the special series Crisis in Central America.  \\nIn the mid-80s, Mellowes was assigned a daunting task: to develop a new, major series on American history under the direction of WGBH\\u2019s vice-president of national programming. That series, the American Experience, was launched in 1986 and became the leading strand of programing broadcast nationally on PBS. Mellowes served as the first Series Editor, working with producers and executives to select stories and create an on-going anthology about American history. Marilyn\\u2019s other credits include some of the best-known films presented by American Experience. She developed the three-part series \\u201cNixon,\\u201d the first presidential biography produced for the series, and went on to produce and write the third hour, \\u201cThe Fall.\\u201d Working with a select team, she helped to co-produce the four-hour series \\u201cThe Kennedys,\\u201d which remains one of American Experience\\u2019s most popular programs.  \\nMore recently Mellowes developed God in America, the six hour series that explores the tumultuous intersection of religion and political life in this country from the first European settlements to the election of 2008. Mellowes served as the Series Producer and was chiefly responsible for guiding its editorial content; she also provided key content for the series web site. A co-production of FRONTLINE and American Experience, God in America premiered in October 2010.\", \"City State Zip\": \"Cambridge, MA. 02138\", \"Display name\": \"Marilyn Mellowes\", \"Member Since\": \"Spring 2014\", \"Email\": \"j2c68@comcast.net\"}", "Phone": "(617) 354-3930", "Last Name": "Mellowes", "Photo": "", "Address": "190 Lexington Ave.", "Current Status": "New", "First Name": "Marilyn", "Bio Information": "Marilyn Mellowes is a producer and writer of documentary films who worked at WGBH/Boston for nearly thirty-five years.   Her credits include major landmark series and documentary programs broadcast nationally on public television to both popular and critical acclaim.   She is best known for the four-hour series From Jesus to Christ: the First Christians, which used in-depth interviews with twelve leading New Testament scholars and archaeologists to explore the origins of Christianity as it grew from a small Jewish sect to a major religion embraced by the Roman world. When it premiered in April 1998, The New York Times called the series \u201cadmirably produced\u201d and proclaimed \u201cThis work is a revelation of what television can be.\u201d The series has been rebroadcast many times in the United States and widely distributed overseas.\nMellowes began her career as a writer and producer of new programing at WGBH in 1976. The station was then embarking upon an ambitious thirteen-hour co-production with British and French television on the controversial subject of the Vietnam War. Mellowes worked on three of the thirteen programs, including the widely praised \u201cLBJ Goes to War\u201d that examined how Lyndon Johnson embroiled America in the conflict. VIETNAM: A Television Historyset the standard for excellence in historical programming on television, won every major award in broadcasting, and established WGBH as a preeminent national production center. After VIETNAM, the series FRONTLINE asked Mellowes to produce \u201cCastro\u2019s Challenge, one of four films in the special series Crisis in Central America.  \nIn the mid-80s, Mellowes was assigned a daunting task: to develop a new, major series on American history under the direction of WGBH\u2019s vice-president of national programming. That series, the American Experience, was launched in 1986 and became the leading strand of programing broadcast nationally on PBS. Mellowes served as the first Series Editor, working with producers and executives to select stories and create an on-going anthology about American history. Marilyn\u2019s other credits include some of the best-known films presented by American Experience. She developed the three-part series \u201cNixon,\u201d the first presidential biography produced for the series, and went on to produce and write the third hour, \u201cThe Fall.\u201d Working with a select team, she helped to co-produce the four-hour series \u201cThe Kennedys,\u201d which remains one of American Experience\u2019s most popular programs.  \nMore recently Mellowes developed God in America, the six hour series that explores the tumultuous intersection of religion and political life in this country from the first European settlements to the election of 2008. Mellowes served as the Series Producer and was chiefly responsible for guiding its editorial content; she also provided key content for the series web site. A co-production of FRONTLINE and American Experience, God in America premiered in October 2010.", "City State Zip": "Cambridge, MA. 02138", "Display name": "Marilyn Mellowes", "Member Since": "Spring 2014", "Email": "j2c68@comcast.net"}
