{"SafeDict": "{\"Phone\": \"617-566-3124\", \"Last Name\": \"Hershenson\", \"Photo\": \"\", \"Address\": \"70 Park Street, Unit 42\", \"Current Status\": \"Active Member\", \"First Name\": \"Marian\", \"Bio Information\": \"Marian Hershenson received an AB in architectural sciences from Radcliffe College, attended Harvard Graduate School of Design, and received an MA in urban studies from Roosevelt University. Marian\\u2019s city planning career focused, at first, on master plan development, zoning, and historic preservation; and later, on park planning and downtown revitalization. In formulating her projects, she sought to have all voices heard, to encourage the powerless, and to foster sensitivity to design. In time, Marian became more deeply involved in design. This led to her earning a Bachelor of Landscape Architecture from the University of Maryland after her retirement and her establishment of an ongoing residential landscape design practice.\\n\\nMarian has maintained interests in history, art and architecture, music, French language and literature, and travel. She is looking forward to pursuing these areas at HILR.\", \"City State Zip\": \"Brookline, MA 02446\", \"Display name\": \"Marian Hershenson\", \"Member Since\": \"2006\", \"Email\": \"mvhgardens@gmail.com\"}", "Phone": "617-566-3124", "Last Name": "Hershenson", "Photo": "", "Address": "70 Park Street, Unit 42", "Current Status": "Active Member", "First Name": "Marian", "Bio Information": "Marian Hershenson received an AB in architectural sciences from Radcliffe College, attended Harvard Graduate School of Design, and received an MA in urban studies from Roosevelt University. Marian\u2019s city planning career focused, at first, on master plan development, zoning, and historic preservation; and later, on park planning and downtown revitalization. In formulating her projects, she sought to have all voices heard, to encourage the powerless, and to foster sensitivity to design. In time, Marian became more deeply involved in design. This led to her earning a Bachelor of Landscape Architecture from the University of Maryland after her retirement and her establishment of an ongoing residential landscape design practice.\n\nMarian has maintained interests in history, art and architecture, music, French language and literature, and travel. She is looking forward to pursuing these areas at HILR.", "City State Zip": "Brookline, MA 02446", "Display name": "Marian Hershenson", "Member Since": "2006", "Email": "mvhgardens@gmail.com"}
