{"SafeDict": "{\"Phone\": \"\", \"Last Name\": \"Riley\", \"Photo\": \"\", \"Address\": \"\", \"Current Status\": \"1993\", \"First Name\": \"Marie\", \"Bio Information\": \"Marie Riley lives in Waltham and has a Ph.D. from Boston College in Administration. She has been a Principal as well as a Special Education Director.\\n\\nShe loves music, travel, political process, saving the environment, hiking, gardening, bird watching, reading, and plays.\", \"City State Zip\": \"\", \"Display name\": \"Marie Riley\", \"Member Since\": \"1993\", \"Email\": \"merspad@verizon.net\"}", "Phone": "", "Last Name": "Riley", "Photo": "", "Address": "", "Current Status": "1993", "First Name": "Marie", "Bio Information": "Marie Riley lives in Waltham and has a Ph.D. from Boston College in Administration. She has been a Principal as well as a Special Education Director.\n\nShe loves music, travel, political process, saving the environment, hiking, gardening, bird watching, reading, and plays.", "City State Zip": "", "Display name": "Marie Riley", "Member Since": "1993", "Email": "merspad@verizon.net"}
