{"SafeDict": "{\"Phone\": \"(617) 529 0626\", \"Last Name\": \"Maws\", \"Photo\": \"\", \"Address\": \"704 Beacon St.\", \"Current Status\": \"2012\", \"First Name\": \"Marjorie\", \"Bio Information\": \"I was born in Cambridge and grew up in Newton. After three significant detours \\u2014Ann Arbor (4 years), New York City (6 years), and London UK (11 years) \\u2014I find myself contentedly settled back into - where else? \\u2014Cambridge and Newton.\\nAfter college, I started a career in business while raising my family\\u2014making me a bit of an outlier in those days. A job at Arthur D. LIttle led to a chance to form a new division, ADL Learning Systems, to develop and deliver management conferences and seminars. Since then, adult learning and entrepreneurship have been recurrent themes. I started and ran three management and technical training companies, one of which was sold to Inc. Magazine. A brief retirement was interrupted by an offer to join the senior management team of Informa plc, an information conglomerate headquartered in London. From there I travelled to 26 countries advising management and tweaking the business and marketing plans for publications and events in each country's subsidiary.\\nAfter 11 years based in London (and airports), I attempted a second retirement, agreeing to help (\\u201c6 months maximum!\\u201d) my son, Chef To Maws, realize his dream of opening a restaurant. I knew zero about restaurants but one odd job turned into another and pretty soon 10 years flew by. Tony and Craigie Street Bistrot then grew into a new location, Craigie On Main. Tony won dozens of awards, served thousands of (mostly) happy diners, and is proud to have been a pioneer of locavore and sustainable dining.\\n\\nMy son, Alex, is Education Director of a non-profit foundation in London, providing me with a ready excuse to visit him and my favorite city. Tony and his wife have bestowed a gourmet grandson, Charlie, on our family. I live in Newton with my partner, Alan Joseph, a former Advertising Creative Director and professional musician (guitar) and tennis and softball fanatic. I spend summers in Menemsha on Martha's Vineyard.\\nI've always made time for my own continuing education and community involvement, and am looking forward to exchanging a life of plates for one of Plato.\", \"City State Zip\": \"Newton, MA 02459\", \"Display name\": \"Marjorie Maws\", \"Member Since\": \"2012\", \"Email\": \"mbmaws@aol.com\"}", "Phone": "(617) 529 0626", "Last Name": "Maws", "Photo": "", "Address": "704 Beacon St.", "Current Status": "2012", "First Name": "Marjorie", "Bio Information": "I was born in Cambridge and grew up in Newton. After three significant detours \u2014Ann Arbor (4 years), New York City (6 years), and London UK (11 years) \u2014I find myself contentedly settled back into - where else? \u2014Cambridge and Newton.\nAfter college, I started a career in business while raising my family\u2014making me a bit of an outlier in those days. A job at Arthur D. LIttle led to a chance to form a new division, ADL Learning Systems, to develop and deliver management conferences and seminars. Since then, adult learning and entrepreneurship have been recurrent themes. I started and ran three management and technical training companies, one of which was sold to Inc. Magazine. A brief retirement was interrupted by an offer to join the senior management team of Informa plc, an information conglomerate headquartered in London. From there I travelled to 26 countries advising management and tweaking the business and marketing plans for publications and events in each country's subsidiary.\nAfter 11 years based in London (and airports), I attempted a second retirement, agreeing to help (\u201c6 months maximum!\u201d) my son, Chef To Maws, realize his dream of opening a restaurant. I knew zero about restaurants but one odd job turned into another and pretty soon 10 years flew by. Tony and Craigie Street Bistrot then grew into a new location, Craigie On Main. Tony won dozens of awards, served thousands of (mostly) happy diners, and is proud to have been a pioneer of locavore and sustainable dining.\n\nMy son, Alex, is Education Director of a non-profit foundation in London, providing me with a ready excuse to visit him and my favorite city. Tony and his wife have bestowed a gourmet grandson, Charlie, on our family. I live in Newton with my partner, Alan Joseph, a former Advertising Creative Director and professional musician (guitar) and tennis and softball fanatic. I spend summers in Menemsha on Martha's Vineyard.\nI've always made time for my own continuing education and community involvement, and am looking forward to exchanging a life of plates for one of Plato.", "City State Zip": "Newton, MA 02459", "Display name": "Marjorie Maws", "Member Since": "2012", "Email": "mbmaws@aol.com"}
