{"SafeDict": "{\"Phone\": \"617-735-9477\", \"Last Name\": \"Harvey\", \"Photo\": \"\", \"Address\": \"80 Park Street, Apt. 23\", \"Current Status\": \"Active Member\", \"First Name\": \"Marjorie\", \"Bio Information\": \"Marge received her BS in occupational therapy from Columbia University, her MSW from Boston University School of Social Work, and completed all the requirements for the doctoral degree trom Boston University School of Education except the dissertation.\\n\\nMarge was an Assistant Professor at BU Sargent College and Director of Services for Older People at the Family Service of Greater Boston, She founded the Family Service Gerontology Institute and was a fellow at the gerontology program at the University of Massachusetts. She was also a founding member of the Alzheimer's Association and is a member of the Statewide Advisory Committee of the Department of Mental Health and the State Mental Health Planning Committee.\\n\\nShe took early retirement from Family Service and has enjoyed the time traveling, practicing psychiatric social work, teaching social gerontology, writing articles for professional journals and books, and being an advocate for mentally ill children and adults. Marge has taught HILR courses in Medical Ethics, History of Modern Psychiatry, and African Tribal Arts.\", \"City State Zip\": \"Brookline MA 02446-6341\", \"Display name\": \"Marjorie Harvey\", \"Member Since\": \"2000\", \"Email\": \"margehg@aol.com\"}", "Phone": "617-735-9477", "Last Name": "Harvey", "Photo": "", "Address": "80 Park Street, Apt. 23", "Current Status": "Active Member", "First Name": "Marjorie", "Bio Information": "Marge received her BS in occupational therapy from Columbia University, her MSW from Boston University School of Social Work, and completed all the requirements for the doctoral degree trom Boston University School of Education except the dissertation.\n\nMarge was an Assistant Professor at BU Sargent College and Director of Services for Older People at the Family Service of Greater Boston, She founded the Family Service Gerontology Institute and was a fellow at the gerontology program at the University of Massachusetts. She was also a founding member of the Alzheimer's Association and is a member of the Statewide Advisory Committee of the Department of Mental Health and the State Mental Health Planning Committee.\n\nShe took early retirement from Family Service and has enjoyed the time traveling, practicing psychiatric social work, teaching social gerontology, writing articles for professional journals and books, and being an advocate for mentally ill children and adults. Marge has taught HILR courses in Medical Ethics, History of Modern Psychiatry, and African Tribal Arts.", "City State Zip": "Brookline MA 02446-6341", "Display name": "Marjorie Harvey", "Member Since": "2000", "Email": "margehg@aol.com"}
