{"SafeDict": "{\"Phone\": \"\", \"Last Name\": \"North\", \"Photo\": \"\", \"Address\": \"\", \"Current Status\": \"2009\", \"First Name\": \"Marjorie\", \"Bio Information\": \"\\u201cI want to be a star!\\u201d That was Marjorie\\u2019s first career path choice. In her junior year at Hunter College, NY, she decided that she should probably be a little more practical, and switched to Speech Pathology and Audiology as a major. After completing her graduate work in that field, Marjorie worked as a speech pathologist at Coney Island Hospital in Brooklyn, until she left that position to start a family. Two children and many dirty diapers later, she returned to the work force and also to school, to get a master\\u2019s degree from Adelphi University in Speech Arts and Educational Theatre.\\nHer professional career was split into two areas: teaching public speaking and communication skills, and teaching speech pathology, which she did at St. John\\u2019s University in NY. She also taught theatre, and participated in community theatre productions as performer, director, producer, and choreographer. She moved to Boston 15 years ago to marry, and continued her career at Northeastern University, where she was Director of Clinical Services in Speech/Language Pathology.\\nAfter retiring three years ago, she has enjoyed pursuing her favorite pastimes: tennis, golf, dance, reading, and knitting. She still teaches two courses in Public Speaking at Harvard Extension School, consults, and maintains a small private practice. Most of all, she enjoys spending time with her family\\u2014her husband, her two children, and her three grandchildren.\", \"City State Zip\": \"\", \"Display name\": \"Marjorie North\", \"Member Since\": \"2009\", \"Email\": \"mnorth@fas.harvard.edu\"}", "Phone": "", "Last Name": "North", "Photo": "", "Address": "", "Current Status": "2009", "First Name": "Marjorie", "Bio Information": "\u201cI want to be a star!\u201d That was Marjorie\u2019s first career path choice. In her junior year at Hunter College, NY, she decided that she should probably be a little more practical, and switched to Speech Pathology and Audiology as a major. After completing her graduate work in that field, Marjorie worked as a speech pathologist at Coney Island Hospital in Brooklyn, until she left that position to start a family. Two children and many dirty diapers later, she returned to the work force and also to school, to get a master\u2019s degree from Adelphi University in Speech Arts and Educational Theatre.\nHer professional career was split into two areas: teaching public speaking and communication skills, and teaching speech pathology, which she did at St. John\u2019s University in NY. She also taught theatre, and participated in community theatre productions as performer, director, producer, and choreographer. She moved to Boston 15 years ago to marry, and continued her career at Northeastern University, where she was Director of Clinical Services in Speech/Language Pathology.\nAfter retiring three years ago, she has enjoyed pursuing her favorite pastimes: tennis, golf, dance, reading, and knitting. She still teaches two courses in Public Speaking at Harvard Extension School, consults, and maintains a small private practice. Most of all, she enjoys spending time with her family\u2014her husband, her two children, and her three grandchildren.", "City State Zip": "", "Display name": "Marjorie North", "Member Since": "2009", "Email": "mnorth@fas.harvard.edu"}
