{"SafeDict": "{\"Phone\": \"\", \"Last Name\": \"Damon\", \"Photo\": \"\", \"Address\": \"\", \"Current Status\": \"\", \"First Name\": \"Marjorie\", \"Bio Information\": \"A good life, many passions: my husband Parky, two children, ten years writing a newspaper column, two years at Harvard School of Education, still can't get enough of David Hockney, Bob Dylan, Mahler, turquoise, conversation, contemporary fiction, photography, national politics, gardening, writing, play reading, alternative medicine, movies, grandchildren, New Mexico, building collages in our studio, artichokes, swimming, walking and making a very slow but respectful acquaintance with my iPhone.\", \"City State Zip\": \"\", \"Display name\": \"Marjorie Damon\", \"Member Since\": \"\", \"Email\": \"mhdamon@comcast.net\"}", "Phone": "", "Last Name": "Damon", "Photo": "", "Address": "", "Current Status": "", "First Name": "Marjorie", "Bio Information": "A good life, many passions: my husband Parky, two children, ten years writing a newspaper column, two years at Harvard School of Education, still can't get enough of David Hockney, Bob Dylan, Mahler, turquoise, conversation, contemporary fiction, photography, national politics, gardening, writing, play reading, alternative medicine, movies, grandchildren, New Mexico, building collages in our studio, artichokes, swimming, walking and making a very slow but respectful acquaintance with my iPhone.", "City State Zip": "", "Display name": "Marjorie Damon", "Member Since": "", "Email": "mhdamon@comcast.net"}
