{"SafeDict": "{\"Phone\": \"\", \"Last Name\": \"Yessian\", \"Photo\": \"\", \"Address\": \"\", \"Current Status\": \"2007\", \"First Name\": \"Mark\", \"Bio Information\": \"Mark Yessian grew up in Providence, Rhode Island where he would walk to the public schools he attended and play ball on the local streets and playgrounds. He attended Clark University in Worcester and then Syracuse University where he received a PhD in political science.\\n\\nCaught up in the idealism and social change of the 1960\\u2019s, Mark focused much of his graduate work on the revitalization of American cities. That led to early work in Philadelphia and Baltimore where as a researcher and consultant he immersed himself in issues involving housing and urban renewal. Then the draw of public service led him to Washington, DC and three decades of governmental service in Washington, Boston, and even for a time in Oklahoma City.\\n\\nFor most of his career, he served in the Office of Inspector General of the U.S. Department of Health and Human Services. There, he was able to carry out a consumer protection role that at times may actually have led to some improvements in governmental programs. Throughout his governmental career, he sought to limit the damaging effects of bureaucratic life by teaching courses at local universities, writing for professional journals, and co-editing a national journal on health and human services.\\n\\nRelatively new to retirement, he relishes the precious gift of time that he did not have during his workaholic years. He has been teaching a course on government to art students, co-editing a neighborhood newsletter, working on his Armenian cooking, and attending more Red Sox games. He lives in the Back Bay, with his wife, Jacquelin Yessian, an architect who shares his commitment to public service and volunteerism.\", \"City State Zip\": \"\", \"Display name\": \"Mark Yessian\", \"Member Since\": \"2007\", \"Email\": \"myessian@aol.com\"}", "Phone": "", "Last Name": "Yessian", "Photo": "", "Address": "", "Current Status": "2007", "First Name": "Mark", "Bio Information": "Mark Yessian grew up in Providence, Rhode Island where he would walk to the public schools he attended and play ball on the local streets and playgrounds. He attended Clark University in Worcester and then Syracuse University where he received a PhD in political science.\n\nCaught up in the idealism and social change of the 1960\u2019s, Mark focused much of his graduate work on the revitalization of American cities. That led to early work in Philadelphia and Baltimore where as a researcher and consultant he immersed himself in issues involving housing and urban renewal. Then the draw of public service led him to Washington, DC and three decades of governmental service in Washington, Boston, and even for a time in Oklahoma City.\n\nFor most of his career, he served in the Office of Inspector General of the U.S. Department of Health and Human Services. There, he was able to carry out a consumer protection role that at times may actually have led to some improvements in governmental programs. Throughout his governmental career, he sought to limit the damaging effects of bureaucratic life by teaching courses at local universities, writing for professional journals, and co-editing a national journal on health and human services.\n\nRelatively new to retirement, he relishes the precious gift of time that he did not have during his workaholic years. He has been teaching a course on government to art students, co-editing a neighborhood newsletter, working on his Armenian cooking, and attending more Red Sox games. He lives in the Back Bay, with his wife, Jacquelin Yessian, an architect who shares his commitment to public service and volunteerism.", "City State Zip": "", "Display name": "Mark Yessian", "Member Since": "2007", "Email": "myessian@aol.com"}
