{"SafeDict": "{\"Phone\": \"\", \"Last Name\": \"Michelson\", \"Photo\": \"\", \"Address\": \"\", \"Current Status\": \"2009\", \"First Name\": \"Mark\", \"Bio Information\": \"Mark was born in Cambridge in 1935 but moved to Dorchester about eight days later. In 1940 his family settled in Brookline, and he happily attended its public schools. At Harvard College, he majored in History and Literature and graduated in 1957. Afterwards he lived on the lower East Side of Manhattan, went hitchhiking around Western Europe, returned to Cambridge, and graduated from Harvard Law School (1962). After a year as a law clerk he became an associate and then a partner in a State Street law firm, where his practice emphasized complex business trials and appeals. He became chair of the firm\\u2019s litigation department and developed a number of new lines of practice.\\nWhile practicing law full time, Mark was active in the Civil Liberties Union of Massachusetts, becoming president for two terms; president of Citizens Housing and Planning Association for two terms; chair of the Brookline Rent Control Board; occasional acting Town Moderator; Life Member of the American Law Institute; and chair or member of a number of other non-profit or town entities.\\nIn 2002 he retired from the firm and from the practice of law. Mark spent a year recharging his batteries, and then two years studying in Me\\u2019ah, an intense program in Jewish studies sponsored by Hebrew College. He has taken Me\\u2019ah graduate courses, as well as Brookline Adult Ed courses in cooking, computers, and Chinese brush painting. (His attempts at conversational Italian have gone less well.)\\nMark has been happily married since 1963 to Kadimah (\\u201cKim\\u201d) Michelson. They live in Brookline, and for respite they go to their house in the White Mountains of New Hampshire. They have three daughters, each with a Brookline High School degree, a Harvard College degree, a graduate school degree, a husband and children.\", \"City State Zip\": \"\", \"Display name\": \"Mark Michelson\", \"Member Since\": \"2009\", \"Email\": \"mmichelson@choate.com\"}", "Phone": "", "Last Name": "Michelson", "Photo": "", "Address": "", "Current Status": "2009", "First Name": "Mark", "Bio Information": "Mark was born in Cambridge in 1935 but moved to Dorchester about eight days later. In 1940 his family settled in Brookline, and he happily attended its public schools. At Harvard College, he majored in History and Literature and graduated in 1957. Afterwards he lived on the lower East Side of Manhattan, went hitchhiking around Western Europe, returned to Cambridge, and graduated from Harvard Law School (1962). After a year as a law clerk he became an associate and then a partner in a State Street law firm, where his practice emphasized complex business trials and appeals. He became chair of the firm\u2019s litigation department and developed a number of new lines of practice.\nWhile practicing law full time, Mark was active in the Civil Liberties Union of Massachusetts, becoming president for two terms; president of Citizens Housing and Planning Association for two terms; chair of the Brookline Rent Control Board; occasional acting Town Moderator; Life Member of the American Law Institute; and chair or member of a number of other non-profit or town entities.\nIn 2002 he retired from the firm and from the practice of law. Mark spent a year recharging his batteries, and then two years studying in Me\u2019ah, an intense program in Jewish studies sponsored by Hebrew College. He has taken Me\u2019ah graduate courses, as well as Brookline Adult Ed courses in cooking, computers, and Chinese brush painting. (His attempts at conversational Italian have gone less well.)\nMark has been happily married since 1963 to Kadimah (\u201cKim\u201d) Michelson. They live in Brookline, and for respite they go to their house in the White Mountains of New Hampshire. They have three daughters, each with a Brookline High School degree, a Harvard College degree, a graduate school degree, a husband and children.", "City State Zip": "", "Display name": "Mark Michelson", "Member Since": "2009", "Email": "mmichelson@choate.com"}
