{"SafeDict": "{\"Phone\": \"(617) 477-4069\", \"Last Name\": \"Vicinus\", \"Photo\": \"\", \"Address\": \"509 Centre St., #2\", \"Current Status\": \"2012\", \"First Name\": \"Martha\", \"Bio Information\": \"Martha is a Midwesterner, who attended Northwestern for her BA (Honors English) and the University of Wisconsin, Madison, for her PhD in English. She taught first at Indiana University and then the University of Michigan, Ann Arbor. Upon retiring in 2008, she moved to Boston to be nearer family and friends, as well as for the challenge of meeting new people. A specialist in nineteenth-century British literature and history, she has published books and articles on working-class literature, Victorian women, nineteenth-century theatre, and the history of sexuality. She spent many years serving on a variety of university committees; she helped to found Indiana\\u2019s Women\\u2019s Studies Program and to create tenure-track positions for Michigan\\u2019s WS Program. In addition she served as chair of Michigan\\u2019s Women\\u2019s Studies Program, the Department of English and the Sweetland Writing Center.\\nSince moving to Boston, Martha has been able to travel more (most recently to the Antarctic, which is every bit as wonderful as its reputation), and to take up birding more seriously. Too bad she has no ear for bird songs and poor visual memory! She is also an avid kayaker, and remembers with great fondness kayaking among the white/green/blue icebergs of the Antarctic. She retains a long-standing fascination with British history and the city of London, where she spent so much time as a student. She now works as a volunteer for Boston by Foot and Hog Island, ME, Audubon camp. She and her partner live in a renovated Victorian home in Jamaica Plain.\", \"City State Zip\": \"Jamaica Plain, MA 02130-2040\", \"Display name\": \"Martha Vicinus\", \"Member Since\": \"2012\", \"Email\": \"vicinus@umich.edu\"}", "Phone": "(617) 477-4069", "Last Name": "Vicinus", "Photo": "", "Address": "509 Centre St., #2", "Current Status": "2012", "First Name": "Martha", "Bio Information": "Martha is a Midwesterner, who attended Northwestern for her BA (Honors English) and the University of Wisconsin, Madison, for her PhD in English. She taught first at Indiana University and then the University of Michigan, Ann Arbor. Upon retiring in 2008, she moved to Boston to be nearer family and friends, as well as for the challenge of meeting new people. A specialist in nineteenth-century British literature and history, she has published books and articles on working-class literature, Victorian women, nineteenth-century theatre, and the history of sexuality. She spent many years serving on a variety of university committees; she helped to found Indiana\u2019s Women\u2019s Studies Program and to create tenure-track positions for Michigan\u2019s WS Program. In addition she served as chair of Michigan\u2019s Women\u2019s Studies Program, the Department of English and the Sweetland Writing Center.\nSince moving to Boston, Martha has been able to travel more (most recently to the Antarctic, which is every bit as wonderful as its reputation), and to take up birding more seriously. Too bad she has no ear for bird songs and poor visual memory! She is also an avid kayaker, and remembers with great fondness kayaking among the white/green/blue icebergs of the Antarctic. She retains a long-standing fascination with British history and the city of London, where she spent so much time as a student. She now works as a volunteer for Boston by Foot and Hog Island, ME, Audubon camp. She and her partner live in a renovated Victorian home in Jamaica Plain.", "City State Zip": "Jamaica Plain, MA 02130-2040", "Display name": "Martha Vicinus", "Member Since": "2012", "Email": "vicinus@umich.edu"}
