{"SafeDict": "{\"Phone\": \"617-492-3424\", \"Last Name\": \"Gibbs\", \"Photo\": \"Gibbs\", \"Address\": \"42 trowbridge St. Unit 2\", \"Current Status\": \"Active Member\", \"First Name\": \"Martha\", \"Bio Information\": \"Martha was born in Honolulu and was five when Pearl Harbor was attacked. She remained in Hawaii until 1947. During the next three years the family moved from Hawaii to Florida, Washington, D.C., California and Winchester, MA. She and her husband, Allen, settled in Wellesley where they raised their three children. Martha worked in admissions at Wellesley College, heading up foreign student admissions.\\n\\nA career change took her to the Rivers School in Weston as a learning disabilities tutor and head of the tutoring department. Volunteer interests included peace and nuclear freeze movements, the Wellesley College Peace and Justice Studies program and the Unitarian Church. In l995 Martha and Allen decided to try life in a small town and moved to Orleans where both became very involved in volunteer activities. Martha was a social outreach worker and served a term as president for a charitable organization serving the eight lower cape towns. She was also on the Affordable Housing Committee, and the Boards of both the LWV and the Cape Cod Chamber Music Festival. In 2005 when driving from the Cape to Boston's art, music and theatre became a chore,\\n\\nMartha and Allen moved to Cambridge. Martha has a BA from Wellesley College and MGH certification in learning disabilities.  Interests include piano, reading, politics, and travel, especially when combined with hiking.\", \"City State Zip\": \"Cambridge MA 02138\", \"Display name\": \"Martha Gibbs\", \"Member Since\": \"2008\", \"Email\": \"mbg42@comcast.net\"}", "Phone": "617-492-3424", "Last Name": "Gibbs", "Photo": "Gibbs", "Address": "42 trowbridge St. Unit 2", "Current Status": "Active Member", "First Name": "Martha", "Bio Information": "Martha was born in Honolulu and was five when Pearl Harbor was attacked. She remained in Hawaii until 1947. During the next three years the family moved from Hawaii to Florida, Washington, D.C., California and Winchester, MA. She and her husband, Allen, settled in Wellesley where they raised their three children. Martha worked in admissions at Wellesley College, heading up foreign student admissions.\n\nA career change took her to the Rivers School in Weston as a learning disabilities tutor and head of the tutoring department. Volunteer interests included peace and nuclear freeze movements, the Wellesley College Peace and Justice Studies program and the Unitarian Church. In l995 Martha and Allen decided to try life in a small town and moved to Orleans where both became very involved in volunteer activities. Martha was a social outreach worker and served a term as president for a charitable organization serving the eight lower cape towns. She was also on the Affordable Housing Committee, and the Boards of both the LWV and the Cape Cod Chamber Music Festival. In 2005 when driving from the Cape to Boston's art, music and theatre became a chore,\n\nMartha and Allen moved to Cambridge. Martha has a BA from Wellesley College and MGH certification in learning disabilities.  Interests include piano, reading, politics, and travel, especially when combined with hiking.", "City State Zip": "Cambridge MA 02138", "Display name": "Martha Gibbs", "Member Since": "2008", "Email": "mbg42@comcast.net"}
