{"SafeDict": "{\"Phone\": \"781-729-0071\", \"Last Name\": \"O'Donnell\", \"Photo\": \"\", \"Address\": \"42 Everett Ave\", \"Current Status\": \"New Member\", \"First Name\": \"Martin\", \"Bio Information\": \"Martin received a classical education at Boston College High School (Latin, Greek, German, etc.) which he still considers as the foundation of his education, then went on to study engineering at MIT (SB in Engineering (Aeronautical and Electrical) and Humanities), before finally settling on law (LLB, Boston College Law School). He specialized in the field of patent and trademark law from the time of his graduation from law school in 1964 to his retirement in 2012, and was fortunate to see a large part of the development of the electronics and software industries, both from his work at MIT and then as a patent litigator.\\nHe is a past president of the Boston Patent Law Association, and for many years was a member of the Visiting Committee for the Humanities at MIT. He has taught courses in patent law at Boston College Law School and in the law of antitrust, unfair competition, federal courts and the federal court system, and conflicts of law at New England School of Law. Early in his career he took a one-year leave of absence from his firm to join the administration of Governor Francis Sargent of Massachusetts to help draft the statute that reorganized the several hundred administrative agencies of the Commonwealth of Massachusetts into the cabinet form of government we have today.\\nHe volunteers as a mediator in the Massachusetts District Courts, and is still called upon from time to time to serve as a mediator to help resolve patent and trademark disputes in the Federal Courts. He enjoys literature, language, learning, and intelligent discussion on nearly any topic, but remains stubbornly deficient in his knowledge of professional sports.\", \"City State Zip\": \"Winchester, MA. 01890\", \"Display name\": \"Martin O'Donnell\", \"Member Since\": \"Spring 2015\", \"Email\": \"mod@alum.mit.edu\"}", "Phone": "781-729-0071", "Last Name": "O'Donnell", "Photo": "", "Address": "42 Everett Ave", "Current Status": "New Member", "First Name": "Martin", "Bio Information": "Martin received a classical education at Boston College High School (Latin, Greek, German, etc.) which he still considers as the foundation of his education, then went on to study engineering at MIT (SB in Engineering (Aeronautical and Electrical) and Humanities), before finally settling on law (LLB, Boston College Law School). He specialized in the field of patent and trademark law from the time of his graduation from law school in 1964 to his retirement in 2012, and was fortunate to see a large part of the development of the electronics and software industries, both from his work at MIT and then as a patent litigator.\nHe is a past president of the Boston Patent Law Association, and for many years was a member of the Visiting Committee for the Humanities at MIT. He has taught courses in patent law at Boston College Law School and in the law of antitrust, unfair competition, federal courts and the federal court system, and conflicts of law at New England School of Law. Early in his career he took a one-year leave of absence from his firm to join the administration of Governor Francis Sargent of Massachusetts to help draft the statute that reorganized the several hundred administrative agencies of the Commonwealth of Massachusetts into the cabinet form of government we have today.\nHe volunteers as a mediator in the Massachusetts District Courts, and is still called upon from time to time to serve as a mediator to help resolve patent and trademark disputes in the Federal Courts. He enjoys literature, language, learning, and intelligent discussion on nearly any topic, but remains stubbornly deficient in his knowledge of professional sports.", "City State Zip": "Winchester, MA. 01890", "Display name": "Martin O'Donnell", "Member Since": "Spring 2015", "Email": "mod@alum.mit.edu"}
