{"SafeDict": "{\"Phone\": \"(617) 240-8106\", \"Last Name\": \"Cook\", \"Photo\": \"\", \"Address\": \"62 Tower St. Unit 2\", \"Current Status\": \"New\", \"First Name\": \"Martha\", \"Bio Information\": \"Martha moved to this area in 1980, living most of her life in Cambridge and moving to the other side of the river to Jamaica Plain in 2011. She raised two daughters, Sophie and Sarah, now 32 and 35 respectively, who live in Brooklyn and have become moms themselves. She loves to spend time in Brooklyn\\u2026.especially now that it is \\u2018THE\\u2019 place to be and offers frequent celebrity sightings!\\nMartha\\u2019s professional life has taken many turns including teaching at the college level as well as management and leadership development, operations and executive coaching \\u2013 which she continues to do part time - in the for profit, not for profit and K \\u2013 12 settings. She is on the Board of a Commonwealth Charter School, having recently completed several board terms at a Horace Mann Charter School. What links all her work is the passion for her own and others\\u2019 learning, growth and development. Thus, it is not surprising that she is excited about participating in and supporting HILR.\\nAs her life begins to afford her more flexibility, Martha spends her time reading contemporary novels and going to movies (hopes to take some film and literature courses at HILR). Travel to her bucket list places\\u2026the first is Morocco\\u2026.will take place in the near future. And, she works out regularly combining cardio, strength training and yoga.\", \"City State Zip\": \"Jamaica Plain, MA. 02130\", \"Display name\": \"Martha Cook\", \"Member Since\": \"Fall 2013\", \"Email\": \"marthamuellercook@gmail.com\"}", "Phone": "(617) 240-8106", "Last Name": "Cook", "Photo": "", "Address": "62 Tower St. Unit 2", "Current Status": "New", "First Name": "Martha", "Bio Information": "Martha moved to this area in 1980, living most of her life in Cambridge and moving to the other side of the river to Jamaica Plain in 2011. She raised two daughters, Sophie and Sarah, now 32 and 35 respectively, who live in Brooklyn and have become moms themselves. She loves to spend time in Brooklyn\u2026.especially now that it is \u2018THE\u2019 place to be and offers frequent celebrity sightings!\nMartha\u2019s professional life has taken many turns including teaching at the college level as well as management and leadership development, operations and executive coaching \u2013 which she continues to do part time - in the for profit, not for profit and K \u2013 12 settings. She is on the Board of a Commonwealth Charter School, having recently completed several board terms at a Horace Mann Charter School. What links all her work is the passion for her own and others\u2019 learning, growth and development. Thus, it is not surprising that she is excited about participating in and supporting HILR.\nAs her life begins to afford her more flexibility, Martha spends her time reading contemporary novels and going to movies (hopes to take some film and literature courses at HILR). Travel to her bucket list places\u2026the first is Morocco\u2026.will take place in the near future. And, she works out regularly combining cardio, strength training and yoga.", "City State Zip": "Jamaica Plain, MA. 02130", "Display name": "Martha Cook", "Member Since": "Fall 2013", "Email": "marthamuellercook@gmail.com"}
