{"SafeDict": "{\"Phone\": \"617-547-4242\", \"Last Name\": \"Taub\", \"Photo\": \"\", \"Address\": \"9 Winslow Street\", \"Current Status\": \"2003\", \"First Name\": \"Martha\", \"Bio Information\": \"Martha is originally from Rochester, New York, and took a circuitous route through the Philippine Islands to the Boston area more than 40 years ago. She and her husband raised three children in Wayland, where he practiced pediatrics and she became involved in local politics, which started with her election to the planning board.\\n\\nPrior to marriage, Martha attended the University of Wisconsin and received a BA in American studies from Syracuse University. She later earned an MA in land use planning from BU and participated in planning courses at the Radcliffe Institute, the Harvard Graduate School of Design, and MIT. She was an Environmental Fellow in the graduate program in Urban, Social, and Environmental Policy at Tufts University.\\n\\nMartha had an extraordinary experience working for the Massachusetts Department of Commerce in the Tourism Division, which, however, seemed to be regarded as the stepchild of economic development. The challenge of promoting what needed to be preserved and preserving what needed to be promoted led her to the private sector where she founded, owned, and operated a travel service, Adventure and Leisure Travel. Its mission was to become a positive force for conservation and economic viability.\\n\\nNow retired, Martha plans to move to Cambridge and looks forward to involvement in HILR.\", \"City State Zip\": \"Cambridge MA 02138-6734\", \"Display name\": \"Martha Taub\", \"Member Since\": \"2003\", \"Email\": \"m.taub@comcast.net\"}", "Phone": "617-547-4242", "Last Name": "Taub", "Photo": "", "Address": "9 Winslow Street", "Current Status": "2003", "First Name": "Martha", "Bio Information": "Martha is originally from Rochester, New York, and took a circuitous route through the Philippine Islands to the Boston area more than 40 years ago. She and her husband raised three children in Wayland, where he practiced pediatrics and she became involved in local politics, which started with her election to the planning board.\n\nPrior to marriage, Martha attended the University of Wisconsin and received a BA in American studies from Syracuse University. She later earned an MA in land use planning from BU and participated in planning courses at the Radcliffe Institute, the Harvard Graduate School of Design, and MIT. She was an Environmental Fellow in the graduate program in Urban, Social, and Environmental Policy at Tufts University.\n\nMartha had an extraordinary experience working for the Massachusetts Department of Commerce in the Tourism Division, which, however, seemed to be regarded as the stepchild of economic development. The challenge of promoting what needed to be preserved and preserving what needed to be promoted led her to the private sector where she founded, owned, and operated a travel service, Adventure and Leisure Travel. Its mission was to become a positive force for conservation and economic viability.\n\nNow retired, Martha plans to move to Cambridge and looks forward to involvement in HILR.", "City State Zip": "Cambridge MA 02138-6734", "Display name": "Martha Taub", "Member Since": "2003", "Email": "m.taub@comcast.net"}
