{"SafeDict": "{\"Phone\": \"781-271-0676\", \"Last Name\": \"Goldman\", \"Photo\": \"\", \"Address\": \"4 Pheasant Lane\", \"Current Status\": \"Bedford MA 02478-4634\", \"First Name\": \"Martin\", \"Bio Information\": \"Martin is a physician who was born and spent most of his life in Boston. After being graduated from Boston Latin School, he earned a BA in Economics from Harvard in 1954 magne cum laude and was elected to Phi Beta Kappa. subsequently he  received an MD degree from New York University Medical School, after which he served a two-year term as a flight surgeon in the Air Force in Korea. He spent  his 36-year career  as an internist in Burlington, Massachusetts. Prior to joining HILR in 2001 he spent ten years consulting in the delivery of health care in a managed care setting initially for Tufts Secure Horizon Program and then for Partners Health Care This enabled him to combine his long experience in practice with his economics training by focusing on how to deliver higher quality care at lower cost. I have always taught the the least expensive care results from practicing high quality mistake free care.\\n\\nHe has four sons from a previous marriage, four daughters-in-law, and seven grandchildren. He lives in Bedford with his wife Dorothy,a psychiatric social worker. Recently Dorothy and he he purchased a house in Tucson where Martin has continued to teach and attend a senior learning institute His interests include reading (especially history), foreign travel, bicycling ,tennis, and walking.\", \"City State Zip\": \"Bedford MA 02478-4634\", \"Display name\": \"martin goldman\", \"Member Since\": \"Bedford MA 02478-4634\", \"Email\": \"mgold@massmed.org\"}", "Phone": "781-271-0676", "Last Name": "Goldman", "Photo": "", "Address": "4 Pheasant Lane", "Current Status": "Bedford MA 02478-4634", "First Name": "Martin", "Bio Information": "Martin is a physician who was born and spent most of his life in Boston. After being graduated from Boston Latin School, he earned a BA in Economics from Harvard in 1954 magne cum laude and was elected to Phi Beta Kappa. subsequently he  received an MD degree from New York University Medical School, after which he served a two-year term as a flight surgeon in the Air Force in Korea. He spent  his 36-year career  as an internist in Burlington, Massachusetts. Prior to joining HILR in 2001 he spent ten years consulting in the delivery of health care in a managed care setting initially for Tufts Secure Horizon Program and then for Partners Health Care This enabled him to combine his long experience in practice with his economics training by focusing on how to deliver higher quality care at lower cost. I have always taught the the least expensive care results from practicing high quality mistake free care.\n\nHe has four sons from a previous marriage, four daughters-in-law, and seven grandchildren. He lives in Bedford with his wife Dorothy,a psychiatric social worker. Recently Dorothy and he he purchased a house in Tucson where Martin has continued to teach and attend a senior learning institute His interests include reading (especially history), foreign travel, bicycling ,tennis, and walking.", "City State Zip": "Bedford MA 02478-4634", "Display name": "martin goldman", "Member Since": "Bedford MA 02478-4634", "Email": "mgold@massmed.org"}
