{"SafeDict": "{\"Phone\": \"617-739-5038\", \"Last Name\": \"Aronson\", \"Photo\": \"\", \"Address\": \"1514 Beacon Street, Apt. 48\", \"Current Status\": \"Active\", \"First Name\": \"Marty\", \"Bio Information\": \"After graduating from Dartmouth College in 1955 and then receiving his JD from Boston College Law School, Marty spent 6 months on active duty with the Army and then 7 1/2 years as a member of the Army Reserves. Marty practiced law as a litigator with White, Inker, Aronson P.C., serving as its managing partner until his retirement at the end of 2000.  During his career as a trial lawyer, he was a member of several law-related organizations, including President of the Massachusetts chapter of the American Board of Trial Advocates, Board of Governors and National Representative of the Massachusetts Academy of Trial Lawyers, and President of the Boston College Law School Alumni Council.  For several years Marty was a visiting faculty member of the Harvard Law School Trial Advocacy program, and has been an Adjunct Professor at Boston College Law School since 1975, where he continues to teach courses in Trial Advocacy and Negotiations.  Marty is a member of the Advisory Board to Senior Partners For Justice, and serves as Mediator and Senior Counsel with the law firm Parker/Scheer, LLP.\\nMarty joined HILR in 2001. He has served on our our Admissions Committee (including two years as Co-Chair), our Council (including one year as President), and is currently a member of the Nominating Committee. Marty has participated as an SGL, leading a course entitled Courtroom Cinema.  He has appeared in one Shakespeare production as well as our spring musical productions.\\nMarty's wife, Ellen Sax, who operates her own business, Table Artistry, and he live in Brookline and have an apartment in NYC where they spend a significant amount of time.  Marty takes great pleasure with his family, and enjoys theatre, sports and travel. \\n\\nMarty and his wife, Myrna (who passed away several years ago) raised two daughters, Tracey Aronson and Jennifer Parker, each with her own independent career. Marty has a close relationship with his son-in-law, Eric Parker, and enjoys spending as much time as feasible with \\\"my four sensational grandchildren.\\\"\", \"City State Zip\": \"Brookline MA 02446-2631\", \"Display name\": \"Marty Aronson\", \"Member Since\": \"2001\", \"Email\": \"martyaronson@comcast.net\"}", "Phone": "617-739-5038", "Last Name": "Aronson", "Photo": "", "Address": "1514 Beacon Street, Apt. 48", "Current Status": "Active", "First Name": "Marty", "Bio Information": "After graduating from Dartmouth College in 1955 and then receiving his JD from Boston College Law School, Marty spent 6 months on active duty with the Army and then 7 1/2 years as a member of the Army Reserves. Marty practiced law as a litigator with White, Inker, Aronson P.C., serving as its managing partner until his retirement at the end of 2000.  During his career as a trial lawyer, he was a member of several law-related organizations, including President of the Massachusetts chapter of the American Board of Trial Advocates, Board of Governors and National Representative of the Massachusetts Academy of Trial Lawyers, and President of the Boston College Law School Alumni Council.  For several years Marty was a visiting faculty member of the Harvard Law School Trial Advocacy program, and has been an Adjunct Professor at Boston College Law School since 1975, where he continues to teach courses in Trial Advocacy and Negotiations.  Marty is a member of the Advisory Board to Senior Partners For Justice, and serves as Mediator and Senior Counsel with the law firm Parker/Scheer, LLP.\nMarty joined HILR in 2001. He has served on our our Admissions Committee (including two years as Co-Chair), our Council (including one year as President), and is currently a member of the Nominating Committee. Marty has participated as an SGL, leading a course entitled Courtroom Cinema.  He has appeared in one Shakespeare production as well as our spring musical productions.\nMarty's wife, Ellen Sax, who operates her own business, Table Artistry, and he live in Brookline and have an apartment in NYC where they spend a significant amount of time.  Marty takes great pleasure with his family, and enjoys theatre, sports and travel. \n\nMarty and his wife, Myrna (who passed away several years ago) raised two daughters, Tracey Aronson and Jennifer Parker, each with her own independent career. Marty has a close relationship with his son-in-law, Eric Parker, and enjoys spending as much time as feasible with \"my four sensational grandchildren.\"", "City State Zip": "Brookline MA 02446-2631", "Display name": "Marty Aronson", "Member Since": "2001", "Email": "martyaronson@comcast.net"}
