{"SafeDict": "{\"Phone\": \"617-527-4001\", \"Last Name\": \"Ziering\", \"Photo\": \"\", \"Address\": \"1376 Walnut Street\", \"Current Status\": \"1993\", \"First Name\": \"Marvin\", \"Bio Information\": \"CCNY, BChE\\nU of Wisconsin, MS in Engineering Mechanics\\nTwenty years in process heat transfer\\nTwenty-six years in missile and space thermodynamics\", \"City State Zip\": \"Newton, MA 02461-1849\", \"Display name\": \"Marvin Ziering\", \"Member Since\": \"1993\", \"Email\": \"mbzier@gmail.com\"}", "Phone": "617-527-4001", "Last Name": "Ziering", "Photo": "", "Address": "1376 Walnut Street", "Current Status": "1993", "First Name": "Marvin", "Bio Information": "CCNY, BChE\nU of Wisconsin, MS in Engineering Mechanics\nTwenty years in process heat transfer\nTwenty-six years in missile and space thermodynamics", "City State Zip": "Newton, MA 02461-1849", "Display name": "Marvin Ziering", "Member Since": "1993", "Email": "mbzier@gmail.com"}
