{"SafeDict": "{\"Phone\": \"617-332-6694\", \"Last Name\": \"Snider\", \"Photo\": \"\", \"Address\": \"430 Quinobequin Road\", \"Current Status\": \"1998\", \"First Name\": \"Marvin\", \"Bio Information\": \"Marvin Snider lives in Newton with his wife, Faye. He has two children and three grandchildren. Born and raised in Michigan, he received a BS from Wayne State University, his master's from the University of Michigan, and his PhD in psychology from Boston University. He has worked as a clinical psychologist, with a specialty in family therapy, for the past thirty-five years, as a staff psychologist at Massachusetts General, Maclean Hospital, and as a clinical supervisor at Cambridge City Hospital.\\n\\nHe served as executive director at liberty House, the Institute for Family and life learning, and the Institute at Newton. He has lectured and consulted for a number of organizations in the Boston area. He also served as an organizational consultant to a variety of businesses and organizations. He has a life-long interest in photography.\\n\\nHe looks forward to exploring areas of learning that professional commitments had not permitted. .\", \"City State Zip\": \"Waban MA 02468-2126\", \"Display name\": \"Marvin Snider\", \"Member Since\": \"1998\", \"Email\": \"marvin621@verizon.net\"}", "Phone": "617-332-6694", "Last Name": "Snider", "Photo": "", "Address": "430 Quinobequin Road", "Current Status": "1998", "First Name": "Marvin", "Bio Information": "Marvin Snider lives in Newton with his wife, Faye. He has two children and three grandchildren. Born and raised in Michigan, he received a BS from Wayne State University, his master's from the University of Michigan, and his PhD in psychology from Boston University. He has worked as a clinical psychologist, with a specialty in family therapy, for the past thirty-five years, as a staff psychologist at Massachusetts General, Maclean Hospital, and as a clinical supervisor at Cambridge City Hospital.\n\nHe served as executive director at liberty House, the Institute for Family and life learning, and the Institute at Newton. He has lectured and consulted for a number of organizations in the Boston area. He also served as an organizational consultant to a variety of businesses and organizations. He has a life-long interest in photography.\n\nHe looks forward to exploring areas of learning that professional commitments had not permitted. .", "City State Zip": "Waban MA 02468-2126", "Display name": "Marvin Snider", "Member Since": "1998", "Email": "marvin621@verizon.net"}
