{"SafeDict": "{\"Phone\": \"781-258-2018\", \"Last Name\": \"Kinsell\", \"Photo\": \"\", \"Address\": \"11 Sunnyside Ave\", \"Current Status\": \"Active\", \"First Name\": \"Mary\", \"Bio Information\": \"Active\", \"City State Zip\": \"Saugus MA 01906\", \"Display name\": \"Mary Kinsell\", \"Member Since\": \"2016\", \"Email\": \"mhkinsell@gmail.com\"}", "Phone": "781-258-2018", "Last Name": "Kinsell", "Photo": "", "Address": "11 Sunnyside Ave", "Current Status": "Active", "First Name": "Mary", "Bio Information": "Active", "City State Zip": "Saugus MA 01906", "Display name": "Mary Kinsell", "Member Since": "2016", "Email": "mhkinsell@gmail.com"}
