{"SafeDict": "{\"Phone\": \"(617) 547-8997\", \"Last Name\": \"Christie\", \"Photo\": \"\", \"Address\": \"5 Newport Rd, #6\", \"Current Status\": \"2015\", \"First Name\": \"Mary\", \"Bio Information\": \"Mary Christie\\u2019s career was in teaching English as a Second Language and Issues in Cross-cultural Communication.  After completing a Masters in TESL at Teachers College-Columbia University in NYC, where she grew up, she moved to Paris.  While there, she worked at the American Center for Students and Artists and in the Education Department of IBM-France.\\n\\nUpon returning to the United States, Mary moved to Cambridge and taught ESL in colleges and universities, most recently in the Department of Foreign Languages and Literatures at MIT.  She also received an MBA at Babson College and did communications consulting in local technology firms.\\n\\nSince retiring from MIT, Mary has spent time traveling, studying and volunteering in local projects.\", \"City State Zip\": \"Cambridge, MA 02140\", \"Display name\": \"Mary Christie\", \"Member Since\": \"2015\", \"Email\": \"marychristie@comcast.net\"}", "Phone": "(617) 547-8997", "Last Name": "Christie", "Photo": "", "Address": "5 Newport Rd, #6", "Current Status": "2015", "First Name": "Mary", "Bio Information": "Mary Christie\u2019s career was in teaching English as a Second Language and Issues in Cross-cultural Communication.  After completing a Masters in TESL at Teachers College-Columbia University in NYC, where she grew up, she moved to Paris.  While there, she worked at the American Center for Students and Artists and in the Education Department of IBM-France.\n\nUpon returning to the United States, Mary moved to Cambridge and taught ESL in colleges and universities, most recently in the Department of Foreign Languages and Literatures at MIT.  She also received an MBA at Babson College and did communications consulting in local technology firms.\n\nSince retiring from MIT, Mary has spent time traveling, studying and volunteering in local projects.", "City State Zip": "Cambridge, MA 02140", "Display name": "Mary Christie", "Member Since": "2015", "Email": "marychristie@comcast.net"}
