{"SafeDict": "{\"Phone\": \"(617) 661-6783\", \"Last Name\": \"Tambiah\", \"Photo\": \"\", \"Address\": \"33 Arlington St.\", \"Current Status\": \"New\", \"First Name\": \"Mary\", \"Bio Information\": \"My life is divided into two segments - before Cambridge, MA and after Cambridge, MA\\nLife in Cambridge began September 1, 1976 when husband took up his professorship at Harvard University,  preceded by appointments at Cambridge University in England and at the University of Chicago.  Relevant information includes the following:\\n\\nTravel -  1971-1981  Lived in Thailand, India and visited in-laws in Sri Lanka.\\n\\n1982-1991 Returned to school for MBA when children were in grade school.  Reentered the job market and found niche as fundraiser at Radcliffe College.\\n\\n1991-2014 Career as fundraiser for Radcliffe College began in 1991.  Next phase was being recruited by Boston University where I spent the next 20 years becoming expert in the field of Estate Gifts.  Highlights include funding 3 professorships from living donors and endowing scholarships and graduate student fellowships.\\n\\n2014 - Retired February 2014 and joined HILR in September of the same year. I look forward to expanding my intellectual horizons in; taking courses, eventually peer teaching, and participating in the varied activities of HILR.\", \"City State Zip\": \"Cambridge, MA 02140\", \"Display name\": \"Mary Tambiah\", \"Member Since\": \"Fall 2014\", \"Email\": \"mary.tambiah@gmail.com\"}", "Phone": "(617) 661-6783", "Last Name": "Tambiah", "Photo": "", "Address": "33 Arlington St.", "Current Status": "New", "First Name": "Mary", "Bio Information": "My life is divided into two segments - before Cambridge, MA and after Cambridge, MA\nLife in Cambridge began September 1, 1976 when husband took up his professorship at Harvard University,  preceded by appointments at Cambridge University in England and at the University of Chicago.  Relevant information includes the following:\n\nTravel -  1971-1981  Lived in Thailand, India and visited in-laws in Sri Lanka.\n\n1982-1991 Returned to school for MBA when children were in grade school.  Reentered the job market and found niche as fundraiser at Radcliffe College.\n\n1991-2014 Career as fundraiser for Radcliffe College began in 1991.  Next phase was being recruited by Boston University where I spent the next 20 years becoming expert in the field of Estate Gifts.  Highlights include funding 3 professorships from living donors and endowing scholarships and graduate student fellowships.\n\n2014 - Retired February 2014 and joined HILR in September of the same year. I look forward to expanding my intellectual horizons in; taking courses, eventually peer teaching, and participating in the varied activities of HILR.", "City State Zip": "Cambridge, MA 02140", "Display name": "Mary Tambiah", "Member Since": "Fall 2014", "Email": "mary.tambiah@gmail.com"}
