{"SafeDict": "{\"Phone\": \"\", \"Last Name\": \"Wynn\", \"Photo\": \"\", \"Address\": \"\", \"Current Status\": \"\", \"First Name\": \"Mary Ellen\", \"Bio Information\": \"\", \"City State Zip\": \"\", \"Display name\": \"Mary Ellen Wynn\", \"Member Since\": \"\", \"Email\": \"mew1150@aol.com\"}", "Phone": "", "Last Name": "Wynn", "Photo": "", "Address": "", "Current Status": "", "First Name": "Mary Ellen", "Bio Information": "", "City State Zip": "", "Display name": "Mary Ellen Wynn", "Member Since": "", "Email": "mew1150@aol.com"}
