{"SafeDict": "{\"Phone\": \"617-764-2363\", \"Last Name\": \"Parlee\", \"Photo\": \"\", \"Address\": \"3 Tannery Brook Row, #4\", \"Current Status\": \"2010\", \"First Name\": \"Mary\", \"Bio Information\": \"I was born in Oak Park, IL, and attended public schools in IL and CT before earning BA in Biology (Harvard, 1965) and a PhD in Experimental Psychology (MIT, 1969). I then worked full-time for 30+ years in academic research, teaching, and administration, most of it in the Psychology Departments of Wellesley and Barnard Colleges, and the City University of New York Graduate Center (where also I directed the interdisciplinary Center for the Study of Women and Society). As part of the family-work jjuggling act before being tenured at CUNY, I held fellowships at the Bunting Institute, Harvard Medical School, the University of South Carolina and Visiting Professorships at Bowdoin, Clark, and MIT. Most of my research and writing focused on psychological aspects of women\\u2019s reproductive biology (premenstrual syndrome, normal menstrual cycle changes) and on general issues in feminist psychology.\\nIn In the mid-1980s I became involved as a Scientific Advisor in controversies surrounding the American Psychiatric Association\\u2019s decision to include PMS for the first time (under another name) in its official \\\"bible\\\" of mental illness and disorders, the DSM-IIIR. This led to an interest and retraining in Science Studies, with a particular interest in the intertwined histories of psychology, neuroscience, and psychiatry. A Visiting Professorship at MIT (1993-1999) introduced me into the then-nascent \\\"gender community\\\" of transsexual and transgender activists in the Boston area and to further teaching and writing on the psychological, scientific, and political issues they raised (one result was a for-credit, mini-course at MIT called Gender Outlaws, unofficially co-taught with members of the gender community). \\nIn 1991 I resigned my CUNY tenure and moved to Boston to marry Joseph Bauer, an MIT researcher in the Department of Brain and Cognitive Sciences and sparring partner from graduate school days. Until recently we lived happily together in a loft in Somerville and spent summers on an island in a lake in Maine without electricity or running water. We enjoyed cooking together and spending time with our large blended, extended family. (My daughter and her family live in Somerville, and 2 of Joe\\u2019s 3 children nearby; there are 11 grandchildren and 2 great-grandchildren.) Sadly, Joe's memory and other cognitive skills began declining several years ago and he now lives in the memory care unit at Carleton Willard Village in Bedford.  Let's hope research on Alzheimer's and related dementias, diseases which rob so many individuals and families of so much, can discover their causes and treatments soon!\", \"City State Zip\": \"Somerville, MA 02144\", \"Display name\": \"Mary Parlee\", \"Member Since\": \"2010\", \"Email\": \"maryparlee03@comcast.net\"}", "Phone": "617-764-2363", "Last Name": "Parlee", "Photo": "", "Address": "3 Tannery Brook Row, #4", "Current Status": "2010", "First Name": "Mary", "Bio Information": "I was born in Oak Park, IL, and attended public schools in IL and CT before earning BA in Biology (Harvard, 1965) and a PhD in Experimental Psychology (MIT, 1969). I then worked full-time for 30+ years in academic research, teaching, and administration, most of it in the Psychology Departments of Wellesley and Barnard Colleges, and the City University of New York Graduate Center (where also I directed the interdisciplinary Center for the Study of Women and Society). As part of the family-work jjuggling act before being tenured at CUNY, I held fellowships at the Bunting Institute, Harvard Medical School, the University of South Carolina and Visiting Professorships at Bowdoin, Clark, and MIT. Most of my research and writing focused on psychological aspects of women\u2019s reproductive biology (premenstrual syndrome, normal menstrual cycle changes) and on general issues in feminist psychology.\nIn In the mid-1980s I became involved as a Scientific Advisor in controversies surrounding the American Psychiatric Association\u2019s decision to include PMS for the first time (under another name) in its official \"bible\" of mental illness and disorders, the DSM-IIIR. This led to an interest and retraining in Science Studies, with a particular interest in the intertwined histories of psychology, neuroscience, and psychiatry. A Visiting Professorship at MIT (1993-1999) introduced me into the then-nascent \"gender community\" of transsexual and transgender activists in the Boston area and to further teaching and writing on the psychological, scientific, and political issues they raised (one result was a for-credit, mini-course at MIT called Gender Outlaws, unofficially co-taught with members of the gender community). \nIn 1991 I resigned my CUNY tenure and moved to Boston to marry Joseph Bauer, an MIT researcher in the Department of Brain and Cognitive Sciences and sparring partner from graduate school days. Until recently we lived happily together in a loft in Somerville and spent summers on an island in a lake in Maine without electricity or running water. We enjoyed cooking together and spending time with our large blended, extended family. (My daughter and her family live in Somerville, and 2 of Joe\u2019s 3 children nearby; there are 11 grandchildren and 2 great-grandchildren.) Sadly, Joe's memory and other cognitive skills began declining several years ago and he now lives in the memory care unit at Carleton Willard Village in Bedford.  Let's hope research on Alzheimer's and related dementias, diseases which rob so many individuals and families of so much, can discover their causes and treatments soon!", "City State Zip": "Somerville, MA 02144", "Display name": "Mary Parlee", "Member Since": "2010", "Email": "maryparlee03@comcast.net"}
