{"SafeDict": "{\"Phone\": \"(617) 714-5908\", \"Last Name\": \"Bane\", \"Photo\": \"\", \"Address\": \"75 Cambridge Pkwy; Unit 1101E\", \"Current Status\": \"2015\", \"First Name\": \"Mary\", \"Bio Information\": \"Mary Jo Bane is transitioning into retirement from the Harvard Kennedy School,where she has been on the faculty since 1981 and a professor of public policy and management since 1987.  She was in the Peace Corps in Liberia from 1963 to 1965, followed by graduate school at the Harvard Graduate School of Education and several years teaching junior high school.  She worked in government in the federal Department of Education in 1980, in the New York State Department of Social Services as deputy commissioner and then commissioner, and in the federal Department of Health and Human Services as assistant secretary from 1993 to 1996.  She has written a number of books and articles on poverty, welfare, families and the role of churches in civic life.  She serves on the boards of MDRC, a social science research organization; the Pine Street Inn, a homeless services provider; The Community Builders, an affordable housing developer; and Project Hope, a provider of services to needy families.  She lives with her husband in Kendall Square.\", \"City State Zip\": \"Cambridge, MA 02142\", \"Display name\": \"Mary Bane\", \"Member Since\": \"2015\", \"Email\": \"mary_jo_bane@hks.harvard.edu\"}", "Phone": "(617) 714-5908", "Last Name": "Bane", "Photo": "", "Address": "75 Cambridge Pkwy; Unit 1101E", "Current Status": "2015", "First Name": "Mary", "Bio Information": "Mary Jo Bane is transitioning into retirement from the Harvard Kennedy School,where she has been on the faculty since 1981 and a professor of public policy and management since 1987.  She was in the Peace Corps in Liberia from 1963 to 1965, followed by graduate school at the Harvard Graduate School of Education and several years teaching junior high school.  She worked in government in the federal Department of Education in 1980, in the New York State Department of Social Services as deputy commissioner and then commissioner, and in the federal Department of Health and Human Services as assistant secretary from 1993 to 1996.  She has written a number of books and articles on poverty, welfare, families and the role of churches in civic life.  She serves on the boards of MDRC, a social science research organization; the Pine Street Inn, a homeless services provider; The Community Builders, an affordable housing developer; and Project Hope, a provider of services to needy families.  She lives with her husband in Kendall Square.", "City State Zip": "Cambridge, MA 02142", "Display name": "Mary Bane", "Member Since": "2015", "Email": "mary_jo_bane@hks.harvard.edu"}
