{"SafeDict": "{\"Phone\": \"(617) 265-2931\", \"Last Name\": \"Linn\", \"Photo\": \"\", \"Address\": \"26 Crockett Ave\", \"Current Status\": \"2004\", \"First Name\": \"Mary\", \"Bio Information\": \"2004\", \"City State Zip\": \"Dorchester, MA 02124-5808\", \"Display name\": \"Mary Linn\", \"Member Since\": \"2004\", \"Email\": \"cedargrove26@aol.com\"}", "Phone": "(617) 265-2931", "Last Name": "Linn", "Photo": "", "Address": "26 Crockett Ave", "Current Status": "2004", "First Name": "Mary", "Bio Information": "2004", "City State Zip": "Dorchester, MA 02124-5808", "Display name": "Mary Linn", "Member Since": "2004", "Email": "cedargrove26@aol.com"}
