{"SafeDict": "{\"Phone\": \"617-764-5259\", \"Last Name\": \"Kelley\", \"Photo\": \"\", \"Address\": \"20 Willow Avenue #1\", \"Current Status\": \"2015\", \"First Name\": \"Mary\", \"Bio Information\": \"Mary Kelley served for eleven years as Executive Director of the Massachusetts Cultural Council, a state agency supporting cultural organizations, artists and schools in the Commonwealth.  At the Council, she oversaw several new initiatives including the nationally known Cultural Economic Development Program, the Arts and Healing Initiative, and the Massachusetts Cultural Facilities Fund. For the past nine years, she has been Principal of The Field Organization, a small consulting company serving cultural organizations.\\nMary previously served as the founding Executive Director of The Music Hall in Portsmouth NH; Director of Marketing and General Manager of The Big Apple Circus; and Production Associate at Warner Theatre Productions which produced or co produced 22 Broadway and off-Broadway productions.  She was Managing Director of the Westbeth Theatre Center in New York, General Manager of the Williamstown Theatre Festival in Massachusetts and managed the South American tour of EVITA.  She has led two cultural tours to Cuba and presented at the first Cultural Access Conference in Santiago, Chile in 2007.\\nShe recently stepped down from 19 years of board service, four of them as Chair,  from the New England Foundation for the Arts. She has served on panels at the National Endowment for the Arts and several state arts agencies. Prior to her appointment at the Council, Mary earned a law degree and served as Special Assistant Attorney General in the AG's office in Massachusetts.\\nDuring the past three years, she has written a play and several short stories. She just edited and published The Weeping Angel, Letters and Poems from WWI France, 1917-1919.   As Principal in The Field Organization, she works with non-profit organizations in planning and project development. She is married to Tom Field and has two sons and five grandchildren. She has travelled to Greece and the island of Sifnos annually since 1982.\", \"City State Zip\": \"Somerville MA 02144\", \"Display name\": \"Mary Kelley\", \"Member Since\": \"2015\", \"Email\": \"mkelley@fieldorg.com\"}", "Phone": "617-764-5259", "Last Name": "Kelley", "Photo": "", "Address": "20 Willow Avenue #1", "Current Status": "2015", "First Name": "Mary", "Bio Information": "Mary Kelley served for eleven years as Executive Director of the Massachusetts Cultural Council, a state agency supporting cultural organizations, artists and schools in the Commonwealth.  At the Council, she oversaw several new initiatives including the nationally known Cultural Economic Development Program, the Arts and Healing Initiative, and the Massachusetts Cultural Facilities Fund. For the past nine years, she has been Principal of The Field Organization, a small consulting company serving cultural organizations.\nMary previously served as the founding Executive Director of The Music Hall in Portsmouth NH; Director of Marketing and General Manager of The Big Apple Circus; and Production Associate at Warner Theatre Productions which produced or co produced 22 Broadway and off-Broadway productions.  She was Managing Director of the Westbeth Theatre Center in New York, General Manager of the Williamstown Theatre Festival in Massachusetts and managed the South American tour of EVITA.  She has led two cultural tours to Cuba and presented at the first Cultural Access Conference in Santiago, Chile in 2007.\nShe recently stepped down from 19 years of board service, four of them as Chair,  from the New England Foundation for the Arts. She has served on panels at the National Endowment for the Arts and several state arts agencies. Prior to her appointment at the Council, Mary earned a law degree and served as Special Assistant Attorney General in the AG's office in Massachusetts.\nDuring the past three years, she has written a play and several short stories. She just edited and published The Weeping Angel, Letters and Poems from WWI France, 1917-1919.   As Principal in The Field Organization, she works with non-profit organizations in planning and project development. She is married to Tom Field and has two sons and five grandchildren. She has travelled to Greece and the island of Sifnos annually since 1982.", "City State Zip": "Somerville MA 02144", "Display name": "Mary Kelley", "Member Since": "2015", "Email": "mkelley@fieldorg.com"}
