{"SafeDict": "{\"Phone\": \"617-277-7308\", \"Last Name\": \"Stiefel\", \"Photo\": \"\", \"Address\": \"50 Holland Road\", \"Current Status\": \"2006\", \"First Name\": \"Maurice\", \"Bio Information\": \"Maurie Stiefel received a chemical engineering degree from the University of Pennsylvania, then worked in Washington D.C., first as a research engineer and then as a Patent Examiner, while attending George Washington University Law School at night.\\n\\nWith a law degree in hand he worked in New York City as a patent attorney, specializing in chemical and pharmaceutical litigation. During his engineering and law careers he authored a number of articles which led to changes in U.S. statutory and decisional law.\\n\\nHis 35-year marriage ended with the death of his first wife. But he found a wonderful woman whom he first met more than 60 years ago, and is again a happily married man. They account for six children (three of his, three of hers) and six grandchildren (two of his, four of hers).\\nMaurie is a sailor and a chess enthusiast. He has been involved in teaching for decades -- math and science to eighth and ninth graders, patent law to law students, and different courses at HILR, Brandeis and Boston College in their lifelong learning programs.\", \"City State Zip\": \"Brookline MA 02445-5729\", \"Display name\": \"Maurice Stiefel\", \"Member Since\": \"2006\", \"Email\": \"stiefelm@comcast.net\"}", "Phone": "617-277-7308", "Last Name": "Stiefel", "Photo": "", "Address": "50 Holland Road", "Current Status": "2006", "First Name": "Maurice", "Bio Information": "Maurie Stiefel received a chemical engineering degree from the University of Pennsylvania, then worked in Washington D.C., first as a research engineer and then as a Patent Examiner, while attending George Washington University Law School at night.\n\nWith a law degree in hand he worked in New York City as a patent attorney, specializing in chemical and pharmaceutical litigation. During his engineering and law careers he authored a number of articles which led to changes in U.S. statutory and decisional law.\n\nHis 35-year marriage ended with the death of his first wife. But he found a wonderful woman whom he first met more than 60 years ago, and is again a happily married man. They account for six children (three of his, three of hers) and six grandchildren (two of his, four of hers).\nMaurie is a sailor and a chess enthusiast. He has been involved in teaching for decades -- math and science to eighth and ninth graders, patent law to law students, and different courses at HILR, Brandeis and Boston College in their lifelong learning programs.", "City State Zip": "Brookline MA 02445-5729", "Display name": "Maurice Stiefel", "Member Since": "2006", "Email": "stiefelm@comcast.net"}
