{"SafeDict": "{\"Phone\": \"212-675-6841\", \"Last Name\": \"Sullivan\", \"Photo\": \"\", \"Address\": \"31 Jane St 9D\", \"Current Status\": \"In Active\", \"First Name\": \"Maureen\", \"Bio Information\": \"Maureen was born and raised in Providence RI and graduated with a BA in Political Science from Brown University.\\nShe joined IBM Marketing in the Providence Branch Office and handled computer accounts such as Standard Romper, Falstaff Brewery and the USS Yosemite.\\nThen followed management and staff positions in Manufacturing HQ, Strategic Planning in the Marketing Division, Organization and finally, at Corporate HQ, World Wide Business Planning.\\nOne advantage of working for IBM in the 1960 to 1992 period was additional education - eg classes at Wharton School, Fashion Institute of Technology and Grocery School in Chicago. Also an assignment in the London Education Center. It was also the most exciting period of computer development.\\nMaureen took IBM\\u2019s Early Retirement Program in 1992 and immediately moved to New York City for the cultural and educational opportunities. She joined the peer-learning IRP program at the New School, led approximately 20 study groups and chaired the Curriculum Committee and the Advisory Board.\\nShe has a continuing interest in international politics, particularly Intelligence and military strategy and attended summer classes at Cambridge University, England for 10 years. Having exhausted the architectural history of Manhattan, she looks forward to learning the history of Cambridge.\\nLiving in Harvard Square now gives Maureen the opportunity to completely spoil her grand nieces and grand nephews in Needham and Southborough. And it will be so much nicer to hear cheers for the Red Sox rather than boasting for the Yankees.\", \"City State Zip\": \"New York NY 10014\", \"Display name\": \"Maureen Sullivan\", \"Member Since\": \"2012\", \"Email\": \"maureen6@att.net\"}", "Phone": "212-675-6841", "Last Name": "Sullivan", "Photo": "", "Address": "31 Jane St 9D", "Current Status": "In Active", "First Name": "Maureen", "Bio Information": "Maureen was born and raised in Providence RI and graduated with a BA in Political Science from Brown University.\nShe joined IBM Marketing in the Providence Branch Office and handled computer accounts such as Standard Romper, Falstaff Brewery and the USS Yosemite.\nThen followed management and staff positions in Manufacturing HQ, Strategic Planning in the Marketing Division, Organization and finally, at Corporate HQ, World Wide Business Planning.\nOne advantage of working for IBM in the 1960 to 1992 period was additional education - eg classes at Wharton School, Fashion Institute of Technology and Grocery School in Chicago. Also an assignment in the London Education Center. It was also the most exciting period of computer development.\nMaureen took IBM\u2019s Early Retirement Program in 1992 and immediately moved to New York City for the cultural and educational opportunities. She joined the peer-learning IRP program at the New School, led approximately 20 study groups and chaired the Curriculum Committee and the Advisory Board.\nShe has a continuing interest in international politics, particularly Intelligence and military strategy and attended summer classes at Cambridge University, England for 10 years. Having exhausted the architectural history of Manhattan, she looks forward to learning the history of Cambridge.\nLiving in Harvard Square now gives Maureen the opportunity to completely spoil her grand nieces and grand nephews in Needham and Southborough. And it will be so much nicer to hear cheers for the Red Sox rather than boasting for the Yankees.", "City State Zip": "New York NY 10014", "Display name": "Maureen Sullivan", "Member Since": "2012", "Email": "maureen6@att.net"}
