{"SafeDict": "{\"Phone\": \"617-734-0317\", \"Last Name\": \"Jackson\", \"Photo\": \"\", \"Address\": \"77 Pond Avenue, C402\", \"Current Status\": \"Active Member\", \"First Name\": \"Maureen\", \"Bio Information\": \"A retired English teacher from Brookline High School, Maureen anticipates a committed and lengthy connection to HILR and is eager to continue formal learning. After receiving her undergraduate degree in English from Boston College, she gladly placed her salaried teaching career on hold to rear three children in Sherborn, not far from Needham, where she grew up.\\nDuring this hiatus, her volunteer activities included Dollars for Scholars, Girl Scouts,and administrator of a Montessori school. For years, playing competitive tennis was a great source of enjoyment. Receiving an advanced degree at Harvard Graduate School of Education in 1977 led to her reentry into teaching, and, intermittently, into the taking of numerous courses-mostly in literature, chinese studies, and the arts.\\nMaureen is a recipient of awards from the National Endowment tor the Humanities, Teacher As Scholar, and the American Council of Learned Societies (ACLS). She participated in the ACLS China Teacher Exchange Program, where, living in Beijing in 1996-97, she taught English in a key, or exam\\\" high school, one that had never experienced a foreign teacher.\\nWhile in Asia, Maureen traveled extensively, not only to China's major cities and provinces, but also to the sites and summits of eight of the nine sacred Taoist or Buddhist mountains. Additional travel, hiking, and trekking includes South Island, New Zealand, Indonesia (Bali and Java), Singapore, Thailand, Nepal, circling the Taklamakan Desert in Xinjiang Province and Tibet. Her longstanding membership in the Appalachian Mountain Club helped prepare her for the overland adventure from Kathmandu to Lhasa. Recent trips include a hiking one to Ireland's West Coast and another attending the W.B. Yeats International Summer School.\\nMaureen is an avid reader and formal scholar of poetry, a theatergoer, a subscriber to Trinity, Symphony,The Huntington, Met Opera simulcasts, ART, and Robsham, too. Four young grandchildren (ages 4-10) who live within an hour's drive are a great source of joy.\", \"City State Zip\": \"Brookline MA 02445-7141\", \"Display name\": \"Maureen Jackson\", \"Member Since\": \"2001\", \"Email\": \"mjackson123@post.harvard.edu\"}", "Phone": "617-734-0317", "Last Name": "Jackson", "Photo": "", "Address": "77 Pond Avenue, C402", "Current Status": "Active Member", "First Name": "Maureen", "Bio Information": "A retired English teacher from Brookline High School, Maureen anticipates a committed and lengthy connection to HILR and is eager to continue formal learning. After receiving her undergraduate degree in English from Boston College, she gladly placed her salaried teaching career on hold to rear three children in Sherborn, not far from Needham, where she grew up.\nDuring this hiatus, her volunteer activities included Dollars for Scholars, Girl Scouts,and administrator of a Montessori school. For years, playing competitive tennis was a great source of enjoyment. Receiving an advanced degree at Harvard Graduate School of Education in 1977 led to her reentry into teaching, and, intermittently, into the taking of numerous courses-mostly in literature, chinese studies, and the arts.\nMaureen is a recipient of awards from the National Endowment tor the Humanities, Teacher As Scholar, and the American Council of Learned Societies (ACLS). She participated in the ACLS China Teacher Exchange Program, where, living in Beijing in 1996-97, she taught English in a key, or exam\" high school, one that had never experienced a foreign teacher.\nWhile in Asia, Maureen traveled extensively, not only to China's major cities and provinces, but also to the sites and summits of eight of the nine sacred Taoist or Buddhist mountains. Additional travel, hiking, and trekking includes South Island, New Zealand, Indonesia (Bali and Java), Singapore, Thailand, Nepal, circling the Taklamakan Desert in Xinjiang Province and Tibet. Her longstanding membership in the Appalachian Mountain Club helped prepare her for the overland adventure from Kathmandu to Lhasa. Recent trips include a hiking one to Ireland's West Coast and another attending the W.B. Yeats International Summer School.\nMaureen is an avid reader and formal scholar of poetry, a theatergoer, a subscriber to Trinity, Symphony,The Huntington, Met Opera simulcasts, ART, and Robsham, too. Four young grandchildren (ages 4-10) who live within an hour's drive are a great source of joy.", "City State Zip": "Brookline MA 02445-7141", "Display name": "Maureen Jackson", "Member Since": "2001", "Email": "mjackson123@post.harvard.edu"}
