{"SafeDict": "{\"Phone\": \"617.522.2850\", \"Last Name\": \"Harvey\", \"Photo\": \"\", \"Address\": \"20 Conry Crescent\", \"Current Status\": \"Active Member\", \"First Name\": \"Maureen\", \"Bio Information\": \"Maureen was born in New York City but moved with her family to Arlington, Virginia in the days of Roosevelt.  Arlington in those days was a sleepy small town changing as people from all over the United States moved there to be a part of creating the New Deal.  There was a sense of purpose and possibility that ran through talk of new agencies and policies, the work of making things better.  Politics mattered.\\n\\nMemories of a Catholic girlhood, first at the local almost missionary church and school, then Marymount on scholarship before the College of William and Mary.   She married right after graduation, moved about the U.S., had two sons and then after her husband graduated from Carnegie, they made the choice to move to India.  Living in Calcutta and Hyderabad, in the late 60\\u2019s was a life changing experience.  Learned about jazz through all night music conferences in Calcutta, goddesses (very non-Catholic!) and gods in sculpture and epic, dance,  and always poverty besides the rich, cultural life and intellectual life that is core to Bengalis and Bengal.\\n\\nBack home to Cambridge.  Birth of her daughter and several years of volunteer work in the Cambridge schools and community.  Based on her volunteer work, thru an experimental program at Northeastern, she was hired as a consultant in DEC\\u2019s first OD group in Manufacturing.  \\n\\nDEC in the late 70s and early 80\\u2019s, was fast growing and experimental and Maureen shifted between Organization Development work and HR management.  Her  OD projects included the first socio-technical design work in software engineering, creating a graduate engineering education program, the extension of the technical career path, and the first benchmarking of the HR function at DEC.   In addition, she proposed and led a joint project with the Stone Center at Wesley, based in Jean Baker Miller\\u2019s theories, to explore what it was like for women in Software and to make changes that enabled women\\u2019s opportunity for advancement.  \\n\\nIn l992, Maureen was asked to join an MIT based, Ford Foundation funded action research team that explored Lotte Bailyn\\u2019s notion that organizations needed to change how work was structured  in order to create better work and work-life outcomes.  Meeting with employees at Xerox, team members analyzed work and work-life date to come up with work processes that produced better work and work-life outcomes.   Maureen then spent a year at the Radcliffe Public Policy Institute implementing this method in a local company.   In 2002, Maureen was hired as a consultant on an NSF grant at Utah State where the same approach was the basis for making change aimed at increasing the number of women in science and engineering.   \\n\\nIn l999, Maureen remarried  and she and her husband , David, moved to the Bay Area. Northern California was wonderful and provided the opportunity to explore Iyengar yoga and the yoga community.  It was also a place to study design and work with flowers - ending in focused study of the Sogetsu school of Ikebana.  Having reduced her OD work, she had some time to pursue these interests as well as join her husband in an exploration of Northern California\\u2019s.  Hikes, the Ferry Market before it was the Ferry Market, and living in a temperate climate where people and plants thrive!  It was wonderful and they loved it but returned to Massachusetts and Jamaica Plain for work and family and friends.  \\n\\nMaureen\\u2019s family grew to include her childrens\\u2019 spouses and grandchildren during and after the return to Massachusetts and she happily was able to spend time with grandchildren and children - a source of great delight.   She has three grand daughters in Los Angeles and four grand sons in Massachusetts.\", \"City State Zip\": \"Jamaica Plain, MA 02130\", \"Display name\": \"Maureen Harvey\", \"Member Since\": \"2010\", \"Email\": \"maureen.a.harvey@gmail.com\"}", "Phone": "617.522.2850", "Last Name": "Harvey", "Photo": "", "Address": "20 Conry Crescent", "Current Status": "Active Member", "First Name": "Maureen", "Bio Information": "Maureen was born in New York City but moved with her family to Arlington, Virginia in the days of Roosevelt.  Arlington in those days was a sleepy small town changing as people from all over the United States moved there to be a part of creating the New Deal.  There was a sense of purpose and possibility that ran through talk of new agencies and policies, the work of making things better.  Politics mattered.\n\nMemories of a Catholic girlhood, first at the local almost missionary church and school, then Marymount on scholarship before the College of William and Mary.   She married right after graduation, moved about the U.S., had two sons and then after her husband graduated from Carnegie, they made the choice to move to India.  Living in Calcutta and Hyderabad, in the late 60\u2019s was a life changing experience.  Learned about jazz through all night music conferences in Calcutta, goddesses (very non-Catholic!) and gods in sculpture and epic, dance,  and always poverty besides the rich, cultural life and intellectual life that is core to Bengalis and Bengal.\n\nBack home to Cambridge.  Birth of her daughter and several years of volunteer work in the Cambridge schools and community.  Based on her volunteer work, thru an experimental program at Northeastern, she was hired as a consultant in DEC\u2019s first OD group in Manufacturing.  \n\nDEC in the late 70s and early 80\u2019s, was fast growing and experimental and Maureen shifted between Organization Development work and HR management.  Her  OD projects included the first socio-technical design work in software engineering, creating a graduate engineering education program, the extension of the technical career path, and the first benchmarking of the HR function at DEC.   In addition, she proposed and led a joint project with the Stone Center at Wesley, based in Jean Baker Miller\u2019s theories, to explore what it was like for women in Software and to make changes that enabled women\u2019s opportunity for advancement.  \n\nIn l992, Maureen was asked to join an MIT based, Ford Foundation funded action research team that explored Lotte Bailyn\u2019s notion that organizations needed to change how work was structured  in order to create better work and work-life outcomes.  Meeting with employees at Xerox, team members analyzed work and work-life date to come up with work processes that produced better work and work-life outcomes.   Maureen then spent a year at the Radcliffe Public Policy Institute implementing this method in a local company.   In 2002, Maureen was hired as a consultant on an NSF grant at Utah State where the same approach was the basis for making change aimed at increasing the number of women in science and engineering.   \n\nIn l999, Maureen remarried  and she and her husband , David, moved to the Bay Area. Northern California was wonderful and provided the opportunity to explore Iyengar yoga and the yoga community.  It was also a place to study design and work with flowers - ending in focused study of the Sogetsu school of Ikebana.  Having reduced her OD work, she had some time to pursue these interests as well as join her husband in an exploration of Northern California\u2019s.  Hikes, the Ferry Market before it was the Ferry Market, and living in a temperate climate where people and plants thrive!  It was wonderful and they loved it but returned to Massachusetts and Jamaica Plain for work and family and friends.  \n\nMaureen\u2019s family grew to include her childrens\u2019 spouses and grandchildren during and after the return to Massachusetts and she happily was able to spend time with grandchildren and children - a source of great delight.   She has three grand daughters in Los Angeles and four grand sons in Massachusetts.", "City State Zip": "Jamaica Plain, MA 02130", "Display name": "Maureen Harvey", "Member Since": "2010", "Email": "maureen.a.harvey@gmail.com"}
