{"SafeDict": "{\"Phone\": \"\", \"Last Name\": \"Torti\", \"Photo\": \"\", \"Address\": \"\", \"Current Status\": \"1991\", \"First Name\": \"Maurice\", \"Bio Information\": \"Maurice Torti, of Lincoln, is a graduate of M.I.T. with a B.S., M.S., and PhD in materials research. Professionally, he was involved in the research and development of new materials in the metals and industrial ceramics fields. His hobbies are woodworking and silversmithing and he hopes to focus on non-technical subjects at HILR.\", \"City State Zip\": \"\", \"Display name\": \"Maurice Torti\", \"Member Since\": \"1991\", \"Email\": \"motorti@aol.com\"}", "Phone": "", "Last Name": "Torti", "Photo": "", "Address": "", "Current Status": "1991", "First Name": "Maurice", "Bio Information": "Maurice Torti, of Lincoln, is a graduate of M.I.T. with a B.S., M.S., and PhD in materials research. Professionally, he was involved in the research and development of new materials in the metals and industrial ceramics fields. His hobbies are woodworking and silversmithing and he hopes to focus on non-technical subjects at HILR.", "City State Zip": "", "Display name": "Maurice Torti", "Member Since": "1991", "Email": "motorti@aol.com"}
