{"SafeDict": "{\"Phone\": \"\", \"Last Name\": \"Stein\", \"Photo\": \"\", \"Address\": \"\", \"Current Status\": \"2002\", \"First Name\": \"Maurice\", \"Bio Information\": \"Maurice grew up in Buffalo, and served in the US Army from 1944\\u201346, with posts in Okinawa and Korea. He graduated from the University of Buffalo and Columbia University and began teaching sociology at Darmouth College and Oberlin, followed by 47 years at Brandeis, for a total of 50 years in the university classroom.\\n\\nBeing a long-term Brandeis faculty member allowed him to participate in several decades of rapid growth from its beginning as a small school staffed by a large number of distinguished European refugee intellectuals, along with talented others, to its present incarnation as a significant research university.\\n\\nIn the 60s, Maurice was able to help plan and chair an innovative graduate sociology program and he was founding dean of the School of Critical Studies at the California Institute of the Arts. Among his books are The Eclipse of Community; Identity and Anxiety (with A. Vidich and D. White); Reflections on Community Studies (with A. Vidich and J. Bensman), and Blueprint for Counter Education (with L. Miller).\\n\\nFor the last several years he taught The Sociology of Birth and Death and co-taught a humanities course with Professor of Comparative Literature Luis Yglesias that used world mythology and world literature to facilitate the exploration of contemporary rites of passage.\\n\\nNow retired, Maurice finds himself in the midst of a mysterious passage into deep elderhood. He is currently exploring the bodily, emotional, soulful, spiritual, cultural, political, tragic, and comic aspects of this passage and hopes HILR will help with that process.\", \"City State Zip\": \"\", \"Display name\": \"Maurice Stein\", \"Member Since\": \"2002\", \"Email\": \"p_stein@ziplink.net\"}", "Phone": "", "Last Name": "Stein", "Photo": "", "Address": "", "Current Status": "2002", "First Name": "Maurice", "Bio Information": "Maurice grew up in Buffalo, and served in the US Army from 1944\u201346, with posts in Okinawa and Korea. He graduated from the University of Buffalo and Columbia University and began teaching sociology at Darmouth College and Oberlin, followed by 47 years at Brandeis, for a total of 50 years in the university classroom.\n\nBeing a long-term Brandeis faculty member allowed him to participate in several decades of rapid growth from its beginning as a small school staffed by a large number of distinguished European refugee intellectuals, along with talented others, to its present incarnation as a significant research university.\n\nIn the 60s, Maurice was able to help plan and chair an innovative graduate sociology program and he was founding dean of the School of Critical Studies at the California Institute of the Arts. Among his books are The Eclipse of Community; Identity and Anxiety (with A. Vidich and D. White); Reflections on Community Studies (with A. Vidich and J. Bensman), and Blueprint for Counter Education (with L. Miller).\n\nFor the last several years he taught The Sociology of Birth and Death and co-taught a humanities course with Professor of Comparative Literature Luis Yglesias that used world mythology and world literature to facilitate the exploration of contemporary rites of passage.\n\nNow retired, Maurice finds himself in the midst of a mysterious passage into deep elderhood. He is currently exploring the bodily, emotional, soulful, spiritual, cultural, political, tragic, and comic aspects of this passage and hopes HILR will help with that process.", "City State Zip": "", "Display name": "Maurice Stein", "Member Since": "2002", "Email": "p_stein@ziplink.net"}
