{"SafeDict": "{\"Phone\": \"617-527-0006\", \"Last Name\": \"Mathe\", \"Photo\": \"\", \"Address\": \"99-60 Florence Street\", \"Current Status\": \"2007\", \"First Name\": \"Zoltan\", \"Bio Information\": \"Born in Budapest, Iexperienced the turbulent period preceding and during World War II. By 1949 I had finished high school and adapted to the communist system. This was not particularly difficult, since it was a welcome change from fascism. During his freshman year at Technical University of Budapest I did well and earned a scholarship to study in Poland. \\n\\nI arrived in Poland as a sophomore knowing three Polish words. A Polish-Hungarian dictionary did not exist. The translation was done via German. I earned a BS and MA in Chemical Engineering. Just prior to the 1956 Hungarian revolution, I was married in Poland. We planned to move to Budapest, so I was there looking for an apartment. After the revolution erupted,my wife,Urszula was stranded in Poland,She finally managed to join me. But by this time all borders were closed, so we stayed in Budapest. Although totally disillusioned with the system, we remained there 10 years. Our next opportunity came taking a risky \\u201cvacation\\u201d to Italy. Telling no one, we left Budapest, leaving possessions behind. Nine months after arriving in Rome, we obtained papers needed to immigrate to the U.S. We arrived in New York in April, 1967. Soon afterward, I was employed by International Paper  initially as research engineer, where I spent my career.\\n\\nIn 2003 I retired as European director of sales and marketing. That same year my first wife passed away.  In 2006, I met Ronna Perlmutter on-line, and after some intensive wooing we became friends, and in 2009 husband-and-wife. At Ronna's encouragement (she is a member since 2006) I joined HILR in 2007.\", \"City State Zip\": \"Chestnut Hill, MA 02467\", \"Display name\": \"Zoltan Mathe\", \"Member Since\": \"2007\", \"Email\": \"zumathe@yahoo.com\"}", "Phone": "617-527-0006", "Last Name": "Mathe", "Photo": "", "Address": "99-60 Florence Street", "Current Status": "2007", "First Name": "Zoltan", "Bio Information": "Born in Budapest, Iexperienced the turbulent period preceding and during World War II. By 1949 I had finished high school and adapted to the communist system. This was not particularly difficult, since it was a welcome change from fascism. During his freshman year at Technical University of Budapest I did well and earned a scholarship to study in Poland. \n\nI arrived in Poland as a sophomore knowing three Polish words. A Polish-Hungarian dictionary did not exist. The translation was done via German. I earned a BS and MA in Chemical Engineering. Just prior to the 1956 Hungarian revolution, I was married in Poland. We planned to move to Budapest, so I was there looking for an apartment. After the revolution erupted,my wife,Urszula was stranded in Poland,She finally managed to join me. But by this time all borders were closed, so we stayed in Budapest. Although totally disillusioned with the system, we remained there 10 years. Our next opportunity came taking a risky \u201cvacation\u201d to Italy. Telling no one, we left Budapest, leaving possessions behind. Nine months after arriving in Rome, we obtained papers needed to immigrate to the U.S. We arrived in New York in April, 1967. Soon afterward, I was employed by International Paper  initially as research engineer, where I spent my career.\n\nIn 2003 I retired as European director of sales and marketing. That same year my first wife passed away.  In 2006, I met Ronna Perlmutter on-line, and after some intensive wooing we became friends, and in 2009 husband-and-wife. At Ronna's encouragement (she is a member since 2006) I joined HILR in 2007.", "City State Zip": "Chestnut Hill, MA 02467", "Display name": "Zoltan Mathe", "Member Since": "2007", "Email": "zumathe@yahoo.com"}
